"Gene ID","source_id","Computed GO Component IDs","Computed GO Components","Computed GO Functions","Computed GO Function IDs","Computed GO Process IDs","Computed GO Processes"
"SRCN_1229","SRCN_1229.mRNA","GO:0016020","membrane","N/A","N/A","N/A","N/A"
"SRCN_1428","SRCN_1428.mRNA","N/A","N/A","N/A","N/A","N/A","N/A"
"SRCN_2315","SRCN_2315.mRNA","N/A","N/A","N/A","N/A","GO:0006629","lipid metabolic process"
"SRCN_4216","SRCN_4216.mRNA","N/A","N/A","protein binding","GO:0005515","N/A","N/A"
"SRCN_5319","SRCN_5319.mRNA","N/A","N/A","N/A","N/A","GO:0006629","lipid metabolic process"
"SRCN_5568","SRCN_5568.mRNA","N/A","N/A","N/A","N/A","N/A","N/A"
"cyc_00127","cyc_00127-t31_1","GO:0005737;GO:0005874","cytoplasm;microtubule","GTP binding;GTPase activity;structural constituent of cytoskeleton","GO:0005525;GO:0003924;GO:0005200","GO:0007017","microtubule-based process"
"cyc_01940","cyc_01940-t31_1","GO:0005737;GO:0005874","cytoplasm;microtubule","GTP binding;GTPase activity;structural constituent of cytoskeleton","GO:0005525;GO:0003924;GO:0005200","GO:0007017;GO:0006904;GO:0016192","microtubule-based process;vesicle docking involved in exocytosis;vesicle-mediated transport"
"cyc_02282","cyc_02282-t31_1","N/A","N/A","triglyceride lipase activity","GO:0004806","GO:0006629","lipid metabolic process"
"cyc_02710","cyc_02710-t31_1","GO:0005737;GO:0005874","cytoplasm;microtubule","GTP binding;GTPase activity;structural constituent of cytoskeleton","GO:0005525;GO:0003924;GO:0005200","GO:0007017","microtubule-based process"
"cyc_03366","cyc_03366-t31_1","N/A","N/A","N/A","N/A","GO:0006629","lipid metabolic process"
"cyc_04504","cyc_04504-t31_1","GO:0005874","microtubule","GTP binding;structural constituent of cytoskeleton","GO:0005525;GO:0005200","GO:0007017","microtubule-based process"
"cyc_05034","cyc_05034-t31_1","GO:0005874","microtubule","GTP binding;GTPase activity","GO:0005525;GO:0003924","GO:0007017","microtubule-based process"
"cyc_05125","cyc_05125-t31_1","N/A","N/A","hydrolase activity","GO:0016787","GO:0016042;GO:0006629","lipid catabolic process;lipid metabolic process"
"cyc_07282","cyc_07282-t31_1","N/A","N/A","hydrolase activity","GO:0016787","GO:0016042;GO:0006629","lipid catabolic process;lipid metabolic process"
"cyc_07446","cyc_07446-t31_1","GO:0005737;GO:0005874","cytoplasm;microtubule","GTP binding;GTPase activity;structural constituent of cytoskeleton","GO:0005525;GO:0003924;GO:0005200","GO:0007017","microtubule-based process"
"cyc_07751","cyc_07751-t31_1","N/A","N/A","N/A","N/A","GO:0006629","lipid metabolic process"
"cyc_08632","cyc_08632-t31_1","GO:0000930;GO:0005874","gamma-tubulin complex;microtubule","GTP binding;GTPase activity","GO:0005525;GO:0003924","GO:0031122;GO:0007020;GO:0007017","cytoplasmic microtubule organization;microtubule nucleation;microtubule-based process"
"cyc_08887","cyc_08887-t31_1","N/A","N/A","N/A","N/A","N/A","N/A"
"HHA_205250","HHA_205250_t1","N/A","N/A","ATP binding;protein kinase activity","GO:0005524;GO:0004672","GO:0006468","protein phosphorylation"
"HHA_207600","HHA_207600_t1","GO:0005874","microtubule","GTP binding;structural constituent of cytoskeleton","GO:0005525;GO:0005200","GO:0007017","microtubule-based process"
"HHA_212130","HHA_212130_t1","N/A","N/A","triglyceride lipase activity","GO:0004806","GO:0006629","lipid metabolic process"
"HHA_212240","HHA_212240_t1","GO:0005874","microtubule","GTP binding;GTPase activity;structural constituent of cytoskeleton","GO:0005525;GO:0003924;GO:0005200","GO:0007017","microtubule-based process"
"HHA_220950","HHA_220950_t1","N/A","N/A","N/A","N/A","N/A","N/A"
"HHA_221620","HHA_221620_t1","GO:0005874","microtubule","GTP binding;GTPase activity;structural constituent of cytoskeleton","GO:0005525;GO:0003924;GO:0005200","GO:0007017","microtubule-based process"
"HHA_222188","HHA_222188_t1","N/A","N/A","N/A","N/A","N/A","N/A"
"HHA_226870","HHA_226870_t1","GO:0000930;GO:0005874","gamma-tubulin complex;microtubule","GTP binding","GO:0005525","GO:0031122;GO:0007020;GO:0007017","cytoplasmic microtubule organization;microtubule nucleation;microtubule-based process"
"HHA_231370","HHA_231370_t1","N/A","N/A","N/A","N/A","GO:0006629","lipid metabolic process"
"HHA_231400","HHA_231400_t1","GO:0005874","microtubule","GTP binding;structural constituent of cytoskeleton","GO:0005525;GO:0005200","GO:0007017","microtubule-based process"
"HHA_231770","HHA_231770_t1","GO:0005874","microtubule","GTP binding;structural constituent of cytoskeleton","GO:0005525;GO:0005200","GO:0007017","microtubule-based process"
"HHA_232600","HHA_232600_t1","N/A","N/A","N/A","N/A","GO:0006629","lipid metabolic process"
"HHA_234380","HHA_234380_t1","N/A","N/A","N/A","N/A","N/A","N/A"
"HHA_254420","HHA_254420_t1","N/A","N/A","N/A","N/A","GO:0006629","lipid metabolic process"
"HHA_258580","HHA_258580_t1","N/A","N/A","ATP binding;protein kinase activity","GO:0005524;GO:0004672","GO:0006468","protein phosphorylation"
"HHA_262730","HHA_262730_t1","N/A","N/A","ATP binding;protein kinase activity","GO:0005524;GO:0004672","GO:0006468","protein phosphorylation"
"HHA_264225","HHA_264225_t1","N/A","N/A","N/A","N/A","N/A","N/A"
"HHA_266960","HHA_266960_t1","GO:0005874","microtubule","GTP binding;GTPase activity;structural constituent of cytoskeleton","GO:0005525;GO:0003924;GO:0005200","GO:0007017","microtubule-based process"
"HHA_273730","HHA_273730_t1","N/A","N/A","N/A","N/A","GO:0006629","lipid metabolic process"
"HHA_273850","HHA_273850_t1","GO:0005643","nuclear pore","structural constituent of nuclear pore","GO:0017056","N/A","N/A"
"HHA_275470","HHA_275470_t1","N/A","N/A","N/A","N/A","N/A","N/A"
"HHA_275490","HHA_275490_t1","GO:0005643","nuclear pore","structural constituent of nuclear pore","GO:0017056","N/A","N/A"
"HHA_275870","HHA_275870_t1","GO:0005874","microtubule","GTP binding","GO:0005525","GO:0007017","microtubule-based process"
"HHA_279100","HHA_279100_t1","N/A","N/A","N/A","N/A","N/A","N/A"
"HHA_279460","HHA_279460_t1","N/A","N/A","N/A","N/A","N/A","N/A"
"HHA_283450","HHA_283450_t1","N/A","N/A","N/A","N/A","N/A","N/A"
"HHA_295300","HHA_295300_t1","N/A","N/A","N/A","N/A","N/A","N/A"
"HHA_299570","HHA_299570_t1","N/A","N/A","N/A","N/A","N/A","N/A"
"HHA_305140","HHA_305140_t1","N/A","N/A","hydrolase activity","GO:0016787","GO:0016042;GO:0006629","lipid catabolic process;lipid metabolic process"
"HHA_312630","HHA_312630_t1","N/A","N/A","protein binding","GO:0005515","N/A","N/A"
"HHA_316400","HHA_316400_t1","GO:0005874","microtubule","GTP binding;structural constituent of cytoskeleton","GO:0005525;GO:0005200","GO:0007017","microtubule-based process"
"HHA_450480","HHA_450480_t1","N/A","N/A","N/A","N/A","N/A","N/A"
"HHA_454170","HHA_454170_t1","N/A","N/A","N/A","N/A","N/A","N/A"
"BESB_009760","mrna.BESB_009760","GO:0005874","microtubule","GTP binding;GTPase activity;structural constituent of cytoskeleton","GO:0005525;GO:0003924;GO:0005200","GO:0007017","microtubule-based process"
"BESB_009930","mrna.BESB_009930","GO:0005737;GO:0005874","cytoplasm;microtubule","GTP binding;GTPase activity;structural constituent of cytoskeleton","GO:0005525;GO:0003924;GO:0005200","GO:0007017","microtubule-based process"
"BESB_022320","mrna.BESB_022320","GO:0005874","microtubule","GTP binding;GTPase activity;structural constituent of cytoskeleton","GO:0005525;GO:0003924;GO:0005200","GO:0007017","microtubule-based process"
"BESB_029970","mrna.BESB_029970","GO:0005874","microtubule","GTP binding;GTPase activity","GO:0005525;GO:0003924","GO:0007017","microtubule-based process"
"BESB_039600","mrna.BESB_039600","GO:0005737;GO:0005874","cytoplasm;microtubule","GTP binding;GTPase activity;structural constituent of cytoskeleton","GO:0005525;GO:0003924;GO:0005200","GO:0007017","microtubule-based process"
"BESB_049820","mrna.BESB_049820","GO:0005737;GO:0005874","cytoplasm;microtubule","GTP binding;GTPase activity;structural constituent of cytoskeleton","GO:0005525;GO:0003924;GO:0005200","GO:0007017","microtubule-based process"
"BESB_055160","mrna.BESB_055160","GO:0005737;GO:0005874","cytoplasm;microtubule","GTP binding;GTPase activity;structural constituent of cytoskeleton","GO:0005525;GO:0003924;GO:0005200","GO:0007017","microtubule-based process"
"BESB_059730","mrna.BESB_059730","GO:0000930;GO:0005874","gamma-tubulin complex;microtubule","GTP binding;GTPase activity","GO:0005525;GO:0003924","GO:0031122;GO:0007020;GO:0007017","cytoplasmic microtubule organization;microtubule nucleation;microtubule-based process"
"BESB_068050","mrna.BESB_068050","GO:0016021","integral component of membrane","N/A","N/A","N/A","N/A"
"BESB_073800","mrna.BESB_073800","GO:0016021","integral component of membrane","protein binding","GO:0005515","N/A","N/A"
"BESB_078340","mrna.BESB_078340","GO:0005737;GO:0005874","cytoplasm;microtubule","GTP binding;GTPase activity;structural constituent of cytoskeleton","GO:0005525;GO:0003924;GO:0005200","GO:0007017","microtubule-based process"
"BESB_080330","mrna.BESB_080330","GO:0005737;GO:0005874","cytoplasm;microtubule","GTP binding;GTPase activity;structural constituent of cytoskeleton","GO:0005525;GO:0003924;GO:0005200","GO:0007017","microtubule-based process"
"CSUI_000142","CSUI_000142-t36_1","N/A","N/A","protein binding","GO:0005515","N/A","N/A"
"CSUI_000781","CSUI_000781-t36_1","N/A","N/A","N/A","N/A","N/A","N/A"
"CSUI_001319","CSUI_001319-t36_1","GO:0005874","microtubule","GTP binding;GTPase activity","GO:0005525;GO:0003924","GO:0007017","microtubule-based process"
"CSUI_001393","CSUI_001393-t36_1","GO:0005874","microtubule","GTP binding;GTPase activity;structural constituent of cytoskeleton","GO:0005525;GO:0003924;GO:0005200","GO:0007017","microtubule-based process"
"CSUI_002156","CSUI_002156-t36_1","GO:0016021","integral component of membrane","N/A","N/A","N/A","N/A"
"CSUI_002962","CSUI_002962-t36_1","GO:0000930;GO:0005874","gamma-tubulin complex;microtubule","GTP binding;GTPase activity","GO:0005525;GO:0003924","GO:0031122;GO:0007020;GO:0007017","cytoplasmic microtubule organization;microtubule nucleation;microtubule-based process"
"CSUI_003785","CSUI_003785-t36_1","N/A","N/A","N/A","N/A","N/A","N/A"
"CSUI_005294","CSUI_005294-t36_1","GO:0005737;GO:0005874","cytoplasm;microtubule","GTP binding;GTPase activity;structural constituent of cytoskeleton","GO:0005525;GO:0003924;GO:0005200","GO:0007017","microtubule-based process"
"CSUI_006169","CSUI_006169-t36_1","GO:0005737;GO:0005874","cytoplasm;microtubule","GTP binding;GTPase activity;structural constituent of cytoskeleton","GO:0005525;GO:0003924;GO:0005200","GO:0007017","microtubule-based process"
"CSUI_006267","CSUI_006267-t36_1","GO:0005737;GO:0005874","cytoplasm;microtubule","GTP binding;GTPase activity;structural constituent of cytoskeleton","GO:0005525;GO:0003924;GO:0005200","GO:0007017","microtubule-based process"
"CSUI_008696","CSUI_008696-t36_1","GO:0005737;GO:0005874","cytoplasm;microtubule","GTP binding;GTPase activity;structural constituent of cytoskeleton","GO:0005525;GO:0003924;GO:0005200","GO:0007017","microtubule-based process"
"CSUI_009221","CSUI_009221-t36_1","N/A","N/A","N/A","N/A","N/A","N/A"
"CSUI_009771","CSUI_009771-t36_1","GO:0005737;GO:0005874","cytoplasm;microtubule","GTP binding;GTPase activity;structural constituent of cytoskeleton","GO:0005525;GO:0003924;GO:0005200","GO:0007017","microtubule-based process"
"CSUI_009830","CSUI_009830-t36_1","N/A","N/A","nucleic acid binding","GO:0003676","N/A","N/A"
"CSUI_009859","CSUI_009859-t36_1","N/A","N/A","N/A","N/A","N/A","N/A"
"CSUI_011503","CSUI_011503-t36_1","N/A","N/A","N/A","N/A","N/A","N/A"
"EBH_0003280","EBH_0003280-t26_1","N/A","N/A","protein binding","GO:0005515","N/A","N/A"
"EMH_0085120","EMH_0085120-t26_1","N/A","N/A","protein binding","GO:0005515","N/A","N/A"
"EPH_0062460","EPH_0062460-t26_1","N/A","N/A","protein binding","GO:0005515","N/A","N/A"
"LOC34620807","LOC34620807-t45_1","N/A","N/A","N/A","N/A","N/A","N/A"
"EAH_00007740","EAH_00007740-t26_1","N/A","N/A","protein binding","GO:0005515","N/A","N/A"
"EAH_00014460","EAH_00014460-t26_1","N/A","N/A","hydrolase activity","GO:0016787","GO:0016042;GO:0006629","lipid catabolic process;lipid metabolic process"
"EAH_00017960","EAH_00017960-t26_1","N/A","N/A","N/A","N/A","N/A","N/A"
"EAH_00023330","EAH_00023330-t26_1","N/A","N/A","N/A","N/A","N/A","N/A"
"EAH_00028580","EAH_00028580-t26_1","N/A","N/A","N/A","N/A","N/A","N/A"
"EAH_00053930","EAH_00053930-t26_1","N/A","N/A","N/A","N/A","N/A","N/A"
"ENH_00047220","ENH_00047220.1","N/A","N/A","triglyceride lipase activity","GO:0004806","GO:0016042;GO:0006629","lipid catabolic process;lipid metabolic process"
"ENH_00054670","ENH_00054670.1","N/A","N/A","N/A","N/A","N/A","N/A"
"ENH_00070350","ENH_00070350.1","N/A","N/A","N/A","N/A","N/A","N/A"
"ENH_00071370","ENH_00071370.1","N/A","N/A","N/A","N/A","N/A","N/A"
"ENH_00076700","ENH_00076700.1","N/A","N/A","hydrolase activity","GO:0016787","GO:0016042;GO:0006629","lipid catabolic process;lipid metabolic process"
"ENH_00082450","ENH_00082450.1","N/A","N/A","hydrolase activity","GO:0016787","GO:0016042;GO:0006629","lipid catabolic process;lipid metabolic process"
"ENH_00086070","ENH_00086070.1","N/A","N/A","protein binding","GO:0005515","N/A","N/A"
"ETH2_0401900","ETH2_0401900_mRNA1","GO:0005737;GO:0005874","cytoplasm;microtubule","GTP binding;GTPase activity;structural constituent of cytoskeleton","GO:0005525;GO:0003924;GO:0005200","GO:0007017","microtubule-based process"
"ETH2_0530700","ETH2_0530700_mRNA1","GO:0005874","microtubule","GTP binding;GTPase activity","GO:0005525;GO:0003924","GO:0007017","microtubule-based process"
"ETH2_0609600","ETH2_0609600_mRNA1","GO:0005874","microtubule","GTP binding;GTPase activity","GO:0005525;GO:0003924","GO:0007017","microtubule-based process"
"ETH2_1040000","ETH2_1040000_mRNA1","GO:0005814;GO:0005929;GO:0005874;GO:0005634","centriole;cilium;microtubule;nucleus","GTP binding;GTPase activity;structural constituent of cytoskeleton","GO:0005525;GO:0003924;GO:0005200","GO:0030030;GO:0007017","cell projection organization;microtubule-based process"
"ETH2_1334500","ETH2_1334500_mRNA1","N/A","N/A","protein binding","GO:0005515","N/A","N/A"
"ETH2_1417400","ETH2_1417400_mRNA1","GO:0005874","microtubule","GTP binding;GTPase activity;structural constituent of cytoskeleton","GO:0005525;GO:0003924;GO:0005200","GO:0007017","microtubule-based process"
"ETH2_1509900","ETH2_1509900_mRNA1","N/A","N/A","DNA binding","GO:0003677","GO:0006352","DNA-templated transcription, initiation"
"ETH2_1576800","ETH2_1576800_mRNA1","GO:0000930;GO:0005874","gamma-tubulin complex;microtubule","GTP binding;GTPase activity","GO:0005525;GO:0003924","GO:0031122;GO:0007020;GO:0007017","cytoplasmic microtubule organization;microtubule nucleation;microtubule-based process"
"ETH_00000075","ETH_00000075-t26_1","N/A","N/A","ATP binding;protein kinase activity","GO:0005524;GO:0004672","GO:0006468","protein phosphorylation"
"ETH_00000080","ETH_00000080-t26_1","N/A","N/A","ATP binding;protein kinase activity","GO:0005524;GO:0004672","GO:0006468","protein phosphorylation"
"ETH_00000115","ETH_00000115-t26_1","N/A","N/A","N/A","N/A","N/A","N/A"
"ETH_00000150","ETH_00000150-t26_1","N/A","N/A","ATP binding;protein kinase activity","GO:0005524;GO:0004672","GO:0006468","protein phosphorylation"
"ETH_00000575","ETH_00000575-t26_1","N/A","N/A","ATP binding;protein kinase activity","GO:0005524;GO:0004672","GO:0006468","protein phosphorylation"
"ETH_00000580","ETH_00000580-t26_1","N/A","N/A","ATP binding;protein kinase activity","GO:0005524;GO:0004672","GO:0006468","protein phosphorylation"
"ETH_00001040","ETH_00001040-t26_1","N/A","N/A","ATP binding;protein kinase activity","GO:0005524;GO:0004672","GO:0006468","protein phosphorylation"
"ETH_00001175","ETH_00001175-t26_1","N/A","N/A","ATP binding;protein kinase activity;protein serine/threonine kinase activity","GO:0005524;GO:0004672;GO:0004674","GO:0006468","protein phosphorylation"
"ETH_00001370","ETH_00001370-t26_1","N/A","N/A","ATP binding;protein kinase activity","GO:0005524;GO:0004672","GO:0006468","protein phosphorylation"
"ETH_00001445","ETH_00001445-t26_1","N/A","N/A","ATP binding;protein kinase activity","GO:0005524;GO:0004672","GO:0006468","protein phosphorylation"
"ETH_00002510","ETH_00002510-t26_1","N/A","N/A","ATP binding;protein kinase activity","GO:0005524;GO:0004672","GO:0006468","protein phosphorylation"
"ETH_00002830","ETH_00002830-t26_1","N/A","N/A","ATP binding;protein kinase activity","GO:0005524;GO:0004672","GO:0006468","protein phosphorylation"
"ETH_00002905","ETH_00002905-t26_1","N/A","N/A","ATP binding;protein kinase activity","GO:0005524;GO:0004672","GO:0006468","protein phosphorylation"
"ETH_00003400","ETH_00003400-t26_1","N/A","N/A","ATP binding;protein kinase activity","GO:0005524;GO:0004672","GO:0006468","protein phosphorylation"
"ETH_00003530","ETH_00003530-t26_1","N/A","N/A","ATP binding;protein kinase activity","GO:0005524;GO:0004672","GO:0006468","protein phosphorylation"
"ETH_00004180","ETH_00004180-t26_1","N/A","N/A","ATP binding;MAP kinase activity;protein kinase activity","GO:0005524;GO:0004707;GO:0004672","GO:0006468","protein phosphorylation"
"ETH_00004310","ETH_00004310-t26_1","N/A","N/A","ATP binding;protein kinase activity","GO:0005524;GO:0004672","GO:0006468","protein phosphorylation"
"ETH_00004375","ETH_00004375-t26_1","N/A","N/A","N/A","N/A","N/A","N/A"
"ETH_00005170","ETH_00005170-t26_1","N/A","N/A","ATP binding;protein kinase activity","GO:0005524;GO:0004672","GO:0006468","protein phosphorylation"
"ETH_00005190","ETH_00005190-t26_1","N/A","N/A","ATP binding;protein kinase activity","GO:0005524;GO:0004672","GO:0006468","protein phosphorylation"
"ETH_00005335","ETH_00005335-t26_1","N/A","N/A","ATP binding;protein kinase activity","GO:0005524;GO:0004672","GO:0006468","protein phosphorylation"
"ETH_00005380","ETH_00005380-t26_1","N/A","N/A","ATP binding;MAP kinase activity;protein kinase activity","GO:0005524;GO:0004707;GO:0004672","GO:0006468","protein phosphorylation"
"ETH_00005400","ETH_00005400-t26_1","N/A","N/A","ATP binding;protein kinase activity","GO:0005524;GO:0004672","GO:0006468","protein phosphorylation"
"ETH_00005405","ETH_00005405-t26_1","N/A","N/A","ATP binding;protein kinase activity","GO:0005524;GO:0004672","GO:0006468","protein phosphorylation"
"ETH_00005410","ETH_00005410-t26_1","N/A","N/A","ATP binding;protein kinase activity","GO:0005524;GO:0004672","GO:0006468","protein phosphorylation"
"ETH_00005415","ETH_00005415-t26_1","N/A","N/A","ATP binding;protein kinase activity","GO:0005524;GO:0004672","GO:0006468","protein phosphorylation"
"ETH_00005840","ETH_00005840-t26_1","N/A","N/A","N/A","N/A","N/A","N/A"
"ETH_00005905","ETH_00005905-t26_1","N/A","N/A","ATP binding;protein kinase activity","GO:0005524;GO:0004672","GO:0006468","protein phosphorylation"
"ETH_00007635","ETH_00007635-t26_1","N/A","N/A","ATP binding;protein kinase activity","GO:0005524;GO:0004672","GO:0006468","protein phosphorylation"
"ETH_00008000","ETH_00008000-t26_1","N/A","N/A","ATP binding;protein kinase activity","GO:0005524;GO:0004672","GO:0006468","protein phosphorylation"
"ETH_00011250","ETH_00011250-t26_1","N/A","N/A","ATP binding;calcium ion binding;protein kinase activity","GO:0005524;GO:0005509;GO:0004672","GO:0006468","protein phosphorylation"
"ETH_00011680","ETH_00011680-t26_1","N/A","N/A","ATP binding;protein kinase activity;protein serine/threonine kinase activity","GO:0005524;GO:0004672;GO:0004674","GO:0006468","protein phosphorylation"
"ETH_00012470","ETH_00012470-t26_1","N/A","N/A","N/A","N/A","N/A","N/A"
"ETH_00012760","ETH_00012760-t26_1","N/A","N/A","N/A","N/A","N/A","N/A"
"ETH_00012950","ETH_00012950-t26_1","N/A","N/A","ATP binding;protein kinase activity;protein serine/threonine kinase activity","GO:0005524;GO:0004672;GO:0004674","GO:0006468","protein phosphorylation"
"ETH_00013220","ETH_00013220-t26_1","N/A","N/A","triglyceride lipase activity","GO:0004806","GO:0006629","lipid metabolic process"
"ETH_00013325","ETH_00013325-t26_1","N/A","N/A","N/A","N/A","N/A","N/A"
"ETH_00014495","ETH_00014495-t26_1","N/A","N/A","ATP binding;protein kinase activity","GO:0005524;GO:0004672","GO:0006468","protein phosphorylation"
"ETH_00015210","ETH_00015210-t26_1","N/A","N/A","ATP binding;protein kinase activity","GO:0005524;GO:0004672","GO:0006468","protein phosphorylation"
"ETH_00015835","ETH_00015835-t26_1","N/A","N/A","N/A","N/A","GO:0006629","lipid metabolic process"
"ETH_00016095","ETH_00016095-t26_1","N/A","N/A","ATP binding;protein kinase activity","GO:0005524;GO:0004672","GO:0006468","protein phosphorylation"
"ETH_00016115","ETH_00016115-t26_1","N/A","N/A","ATP binding;protein kinase activity","GO:0005524;GO:0004672","GO:0006468","protein phosphorylation"
"ETH_00016405","ETH_00016405-t26_1","N/A","N/A","ATP binding;protein kinase activity","GO:0005524;GO:0004672","GO:0006468","protein phosphorylation"
"ETH_00016760","ETH_00016760-t26_1","N/A","N/A","N/A","N/A","N/A","N/A"
"ETH_00016910","ETH_00016910-t26_1","N/A","N/A","ATP binding;protein kinase activity","GO:0005524;GO:0004672","GO:0006468","protein phosphorylation"
"ETH_00017050","ETH_00017050-t26_1","N/A","N/A","N/A","N/A","N/A","N/A"
"ETH_00017055","ETH_00017055-t26_1","N/A","N/A","N/A","N/A","N/A","N/A"
"ETH_00018895","ETH_00018895-t26_1","N/A","N/A","N/A","N/A","N/A","N/A"
"ETH_00019125","ETH_00019125-t26_1","N/A","N/A","carbohydrate derivative binding;glutamine-fructose-6-phosphate transaminase (isomerizing) activity","GO:0097367;GO:0004360","GO:1901137;GO:1901135","carbohydrate derivative biosynthetic process;carbohydrate derivative metabolic process"
"ETH_00019920","ETH_00019920-t26_1","N/A","N/A","ATP binding;protein kinase activity","GO:0005524;GO:0004672","GO:0006468","protein phosphorylation"
"ETH_00020585","ETH_00020585-t26_1","N/A","N/A","ATP binding;protein kinase activity","GO:0005524;GO:0004672","GO:0006468","protein phosphorylation"
"ETH_00020590","ETH_00020590-t26_1","N/A","N/A","ATP binding;protein kinase activity","GO:0005524;GO:0004672","GO:0006468","protein phosphorylation"
"ETH_00020610","ETH_00020610-t26_1","N/A","N/A","ATP binding;protein kinase activity","GO:0005524;GO:0004672","GO:0006468","protein phosphorylation"
"ETH_00020615","ETH_00020615-t26_1","N/A","N/A","ATP binding;protein kinase activity","GO:0005524;GO:0004672","GO:0006468","protein phosphorylation"
"ETH_00020620","ETH_00020620-t26_1","N/A","N/A","ATP binding;protein kinase activity","GO:0005524;GO:0004672","GO:0006468","protein phosphorylation"
"ETH_00021090","ETH_00021090-t26_1","N/A","N/A","N/A","N/A","GO:0006629","lipid metabolic process"
"ETH_00021185","ETH_00021185-t26_1","N/A","N/A","ATP binding;protein kinase activity","GO:0005524;GO:0004672","GO:0006468","protein phosphorylation"
"ETH_00021990","ETH_00021990-t26_1","N/A","N/A","ATP binding;protein kinase activity","GO:0005524;GO:0004672","GO:0006468","protein phosphorylation"
"ETH_00022015","ETH_00022015-t26_1","N/A","N/A","ATP binding;calcium ion binding;protein kinase activity","GO:0005524;GO:0005509;GO:0004672","GO:0006468","protein phosphorylation"
"ETH_00022035","ETH_00022035-t26_1","N/A","N/A","ATP binding;protein kinase activity","GO:0005524;GO:0004672","GO:0006468","protein phosphorylation"
"ETH_00022375","ETH_00022375-t26_1","N/A","N/A","N/A","N/A","N/A","N/A"
"ETH_00022575","ETH_00022575-t26_1","N/A","N/A","ATP binding;protein kinase activity","GO:0005524;GO:0004672","GO:0006468","protein phosphorylation"
"ETH_00023100","ETH_00023100-t26_1","N/A","N/A","oxidoreductase activity","GO:0016491","GO:0055114","obsolete oxidation-reduction process"
"ETH_00023650","ETH_00023650-t26_1","N/A","N/A","ATP binding;protein kinase activity","GO:0005524;GO:0004672","GO:0006468","protein phosphorylation"
"ETH_00024365","ETH_00024365-t26_1","N/A","N/A","ATP binding;protein kinase activity","GO:0005524;GO:0004672","GO:0006468","protein phosphorylation"
"ETH_00024540","ETH_00024540-t26_1","N/A","N/A","ATP binding;calcium ion binding;protein kinase activity","GO:0005524;GO:0005509;GO:0004672","GO:0006468","protein phosphorylation"
"ETH_00024560","ETH_00024560-t26_1","N/A","N/A","ATP binding;protein kinase activity","GO:0005524;GO:0004672","GO:0006468","protein phosphorylation"
"ETH_00025085","ETH_00025085-t26_1","N/A","N/A","ATP binding;calcium ion binding;protein kinase activity","GO:0005524;GO:0005509;GO:0004672","GO:0006468","protein phosphorylation"
"ETH_00025145","ETH_00025145-t26_1","N/A","N/A","serine-type endopeptidase activity","GO:0004252","GO:0006508","proteolysis"
"ETH_00025355","ETH_00025355-t26_1","N/A","N/A","ATP binding;calcium ion binding;protein kinase activity","GO:0005524;GO:0005509;GO:0004672","GO:0006468","protein phosphorylation"
"ETH_00025675","ETH_00025675-t26_1","N/A","N/A","ATP binding;protein kinase activity","GO:0005524;GO:0004672","GO:0006468","protein phosphorylation"
"ETH_00026495","ETH_00026495-t26_1","N/A","N/A","ATP binding;protein kinase activity","GO:0005524;GO:0004672","GO:0006468","protein phosphorylation"
"ETH_00027525","ETH_00027525-t26_1","N/A","N/A","ATP binding;protein kinase activity;protein serine/threonine kinase activity","GO:0005524;GO:0004672;GO:0004674","GO:0006468","protein phosphorylation"
"ETH_00027695","ETH_00027695-t26_1","N/A","N/A","ATP binding;protein kinase activity","GO:0005524;GO:0004672","GO:0006468","protein phosphorylation"
"ETH_00027700","ETH_00027700-t26_1","N/A","N/A","ATP binding;protein kinase activity","GO:0005524;GO:0004672","GO:0006468","protein phosphorylation"
"ETH_00027705","ETH_00027705-t26_1","N/A","N/A","ATP binding;protein kinase activity","GO:0005524;GO:0004672","GO:0006468","protein phosphorylation"
"ETH_00028385","ETH_00028385-t26_1","GO:0016020","membrane","copper ion binding;primary amine oxidase activity;quinone binding","GO:0005507;GO:0008131;GO:0048038","GO:0009308;GO:0055114","amine metabolic process;obsolete oxidation-reduction process"
"ETH_00028615","ETH_00028615-t26_1","N/A","N/A","ATP binding;protein kinase activity","GO:0005524;GO:0004672","GO:0006468","protein phosphorylation"
"ETH_00028715","ETH_00028715-t26_1","N/A","N/A","ATP binding;protein kinase activity","GO:0005524;GO:0004672","GO:0006468","protein phosphorylation"
"ETH_00028765","ETH_00028765-t26_1","N/A","N/A","ATP binding;protein kinase activity","GO:0005524;GO:0004672","GO:0006468","protein phosphorylation"
"ETH_00028835","ETH_00028835-t26_1","N/A","N/A","ATP binding;protein kinase activity","GO:0005524;GO:0004672","GO:0006468","protein phosphorylation"
"ETH_00028855","ETH_00028855-t26_1","N/A","N/A","ATP binding;protein kinase activity","GO:0005524;GO:0004672","GO:0006468","protein phosphorylation"
"ETH_00029220","ETH_00029220-t26_1","N/A","N/A","ATP binding;protein kinase activity","GO:0005524;GO:0004672","GO:0006468","protein phosphorylation"
"ETH_00029545","ETH_00029545-t26_1","N/A","N/A","protein binding","GO:0005515","N/A","N/A"
"ETH_00030540","ETH_00030540-t26_1","N/A","N/A","ATP binding;protein kinase activity","GO:0005524;GO:0004672","GO:0006468","protein phosphorylation"
"ETH_00030565","ETH_00030565-t26_1","N/A","N/A","ATP binding;protein kinase activity","GO:0005524;GO:0004672","GO:0006468","protein phosphorylation"
"ETH_00035055","ETH_00035055-t26_1","N/A","N/A","ATP binding;MAP kinase activity;protein kinase activity","GO:0005524;GO:0004707;GO:0004672","GO:0006468","protein phosphorylation"
"ETH_00035075","ETH_00035075-t26_1","N/A","N/A","ATP binding;protein kinase activity","GO:0005524;GO:0004672","GO:0006468","protein phosphorylation"
"ETH_00035080","ETH_00035080-t26_1","N/A","N/A","ATP binding;protein kinase activity","GO:0005524;GO:0004672","GO:0006468","protein phosphorylation"
"ETH_00036125","ETH_00036125-t26_1","N/A","N/A","ATP binding;protein kinase activity","GO:0005524;GO:0004672","GO:0006468","protein phosphorylation"
"ETH_00036600","ETH_00036600-t26_1","N/A","N/A","N/A","N/A","N/A","N/A"
"ETH_00039290","ETH_00039290-t26_1","N/A","N/A","ATP binding;protein kinase activity","GO:0005524;GO:0004672","GO:0006468","protein phosphorylation"
"ETH_00043390","ETH_00043390-t26_1","N/A","N/A","hydrolase activity","GO:0016787","GO:0016042","lipid catabolic process"
"NCLIV_000650","NCLIV_000650-t26_1","N/A","N/A","ATP binding;protein kinase activity","GO:0005524;GO:0004672","GO:0006468","protein phosphorylation"
"NCLIV_001010","NCLIV_001010-t26_1","N/A","N/A","ATP binding;protein kinase activity;protein serine/threonine kinase activity","GO:0005524;GO:0004672;GO:0004674","GO:0006468","protein phosphorylation"
"NCLIV_001240","NCLIV_001240-t26_1","N/A","N/A","ATP binding;protein kinase activity","GO:0005524;GO:0004672","GO:0006468","protein phosphorylation"
"NCLIV_001460","NCLIV_001460-t26_1","N/A","N/A","ATP binding;protein kinase activity","GO:0005524;GO:0004672","GO:0006468","protein phosphorylation"
"NCLIV_001780","NCLIV_001780-t26_1","N/A","N/A","N/A","N/A","N/A","N/A"
"NCLIV_001830","NCLIV_001830-t26_1","N/A","N/A","N/A","N/A","N/A","N/A"
"NCLIV_001950","NCLIV_001950-t26_1","N/A","N/A","ATP binding;cGMP-dependent protein kinase activity;protein kinase activity","GO:0005524;GO:0004692;GO:0004672","GO:0006468","protein phosphorylation"
"NCLIV_001970","NCLIV_001970-t26_1","N/A","N/A","ATP binding;protein kinase activity","GO:0005524;GO:0004672","GO:0006468","protein phosphorylation"
"NCLIV_002020","NCLIV_002020-t26_1","N/A","N/A","N/A","N/A","N/A","N/A"
"NCLIV_002030","NCLIV_002030-t26_1","N/A","N/A","N/A","N/A","N/A","N/A"
"NCLIV_002180","NCLIV_002180-t26_1","N/A","N/A","metalloendopeptidase activity","GO:0004222","GO:0006508","proteolysis"
"NCLIV_002570","NCLIV_002570-t26_1","GO:0005874","microtubule","GTP binding;GTPase activity;structural constituent of cytoskeleton","GO:0005525;GO:0003924;GO:0005200","GO:0007017","microtubule-based process"
"NCLIV_002580","NCLIV_002580-t26_1","N/A","N/A","ATP binding;protein kinase activity","GO:0005524;GO:0004672","GO:0006468","protein phosphorylation"
"NCLIV_002650","NCLIV_002650-t26_1","N/A","N/A","ATP binding;protein kinase activity","GO:0005524;GO:0004672","GO:0006468","protein phosphorylation"
"NCLIV_002760","NCLIV_002760-t26_1","N/A","N/A","ATP binding;MAP kinase activity;protein kinase activity","GO:0005524;GO:0004707;GO:0004672","GO:0006468","protein phosphorylation"
"NCLIV_003460","NCLIV_003460-t26_1","N/A","N/A","ATP binding;protein kinase activity","GO:0005524;GO:0004672","GO:0006468","protein phosphorylation"
"NCLIV_004220","NCLIV_004220-t26_1","N/A","N/A","ATP binding;protein kinase activity;tau-protein kinase activity","GO:0005524;GO:0004672;GO:0050321","GO:0006468","protein phosphorylation"
"NCLIV_004620","NCLIV_004620-t26_1","N/A","N/A","N/A","N/A","N/A","N/A"
"NCLIV_004730","NCLIV_004730-t26_1","GO:0016021","integral component of membrane","N/A","N/A","N/A","N/A"
"NCLIV_004920","NCLIV_004920-t26_1","N/A","N/A","nucleic acid binding","GO:0003676","N/A","N/A"
"NCLIV_005150","NCLIV_005150-t26_1","GO:0005737;GO:0005874","cytoplasm;microtubule","GTP binding;GTPase activity;structural constituent of cytoskeleton","GO:0005525;GO:0003924;GO:0005200","GO:0007017","microtubule-based process"
"NCLIV_005560","NCLIV_005560-t26_1","N/A","N/A","N/A","N/A","N/A","N/A"
"NCLIV_005580","NCLIV_005580-t26_1","N/A","N/A","N/A","N/A","N/A","N/A"
"NCLIV_005990","NCLIV_005990-t26_1","N/A","N/A","ATP binding;protein kinase activity","GO:0005524;GO:0004672","GO:0006468","protein phosphorylation"
"NCLIV_006780","NCLIV_006780-t26_1","N/A","N/A","N/A","N/A","N/A","N/A"
"NCLIV_006930","NCLIV_006930-t26_1","GO:0016021","integral component of membrane","N/A","N/A","N/A","N/A"
"NCLIV_007070","NCLIV_007070-t26_1","GO:0005874","microtubule","GTP binding;GTPase activity","GO:0005525;GO:0003924","GO:0007017","microtubule-based process"
"NCLIV_007450","NCLIV_007450-t26_1","N/A","N/A","ATP binding;protein kinase activity;protein serine/threonine kinase activity","GO:0005524;GO:0004672;GO:0004674","GO:0006468","protein phosphorylation"
"NCLIV_007770","NCLIV_007770-t26_1","N/A","N/A","ATP binding;protein kinase activity","GO:0005524;GO:0004672","GO:0006468","protein phosphorylation"
"NCLIV_007880","NCLIV_007880-t26_1","N/A","N/A","ATP binding;protein kinase activity","GO:0005524;GO:0004672","GO:0006468","protein phosphorylation"
"NCLIV_008190","NCLIV_008190-t26_1","N/A","N/A","ATP binding;protein kinase activity","GO:0005524;GO:0004672","GO:0006468","protein phosphorylation"
"NCLIV_008460","NCLIV_008460-t26_1","N/A","N/A","ATP binding;protein kinase activity","GO:0005524;GO:0004672","GO:0006468","protein phosphorylation"
"NCLIV_008640","NCLIV_008640-t26_1","N/A","N/A","ATP binding;protein kinase activity","GO:0005524;GO:0004672","GO:0006468","protein phosphorylation"
"NCLIV_008710","NCLIV_008710-t26_1","N/A","N/A","N/A","N/A","N/A","N/A"
"NCLIV_008910","NCLIV_008910-t26_1","N/A","N/A","ATP binding;protein kinase activity","GO:0005524;GO:0004672","GO:0006468","protein phosphorylation"
"NCLIV_010260","NCLIV_010260-t26_1","N/A","N/A","ATP binding;protein kinase activity","GO:0005524;GO:0004672","GO:0006468","protein phosphorylation"
"NCLIV_010440","NCLIV_010440-t26_1","N/A","N/A","ATP binding;protein kinase activity;protein serine/threonine kinase activity;transmembrane receptor protein tyrosine kinase activity","GO:0005524;GO:0004672;GO:0004674;GO:0004714","GO:0006468","protein phosphorylation"
"NCLIV_011730","NCLIV_011730-t26_1","GO:0016021","integral component of membrane","ATP binding;protein kinase activity","GO:0005524;GO:0004672","GO:0006468","protein phosphorylation"
"NCLIV_011980","NCLIV_011980-t26_1","N/A","N/A","ATP binding;calcium ion binding;protein kinase activity","GO:0005524;GO:0005509;GO:0004672","GO:0006468","protein phosphorylation"
"NCLIV_012010","NCLIV_012010-t26_1","N/A","N/A","N/A","N/A","N/A","N/A"
"NCLIV_012020","NCLIV_012020-t26_1","GO:0016021","integral component of membrane","N/A","N/A","N/A","N/A"
"NCLIV_012190","NCLIV_012190-t26_1","N/A","N/A","DNA binding;DNA-directed DNA polymerase activity","GO:0003677;GO:0003887","GO:0006260;GO:0006261","DNA replication;DNA-dependent DNA replication"
"NCLIV_012200","NCLIV_012200-t26_1","GO:0016021","integral component of membrane","N/A","N/A","GO:0042981","regulation of apoptotic process"
"NCLIV_012210","NCLIV_012210-t26_1","GO:0016021","integral component of membrane","N/A","N/A","N/A","N/A"
"NCLIV_012370","NCLIV_012370-t26_1","GO:0016021","integral component of membrane","N/A","N/A","N/A","N/A"
"NCLIV_012770","NCLIV_012770-t26_1","N/A","N/A","ATP binding;protein kinase activity","GO:0005524;GO:0004672","GO:0006468","protein phosphorylation"
"NCLIV_012870","NCLIV_012870-t26_1","N/A","N/A","ATP binding;calcium ion binding;protein kinase activity","GO:0005524;GO:0005509;GO:0004672","GO:0006468","protein phosphorylation"
"NCLIV_012920","NCLIV_012920-t26_1","N/A","N/A","N/A","N/A","N/A","N/A"
"NCLIV_014140","NCLIV_014140-t26_1","GO:0016021","integral component of membrane","ATP binding;protein kinase activity;protein serine/threonine kinase activity","GO:0005524;GO:0004672;GO:0004674","GO:0006468","protein phosphorylation"
"NCLIV_015030","NCLIV_015030-t26_1","N/A","N/A","ATP binding;protein kinase activity;protein serine/threonine kinase activity","GO:0005524;GO:0004672;GO:0004674","GO:0006468","protein phosphorylation"
"NCLIV_015900","NCLIV_015900-t26_1","N/A","N/A","ATP binding;protein binding;protein kinase activity","GO:0005524;GO:0005515;GO:0004672","GO:0006468","protein phosphorylation"
"NCLIV_016220","NCLIV_016220-t26_1","N/A","N/A","ATP binding;protein kinase activity","GO:0005524;GO:0004672","GO:0006468","protein phosphorylation"
"NCLIV_016600","NCLIV_016600-t26_1","N/A","N/A","ATP binding;calcium ion binding;protein kinase activity","GO:0005524;GO:0005509;GO:0004672","GO:0006468","protein phosphorylation"
"NCLIV_016840","NCLIV_016840-t26_1","N/A","N/A","ATP binding;protein kinase activity;protein serine/threonine kinase activity","GO:0005524;GO:0004672;GO:0004674","GO:0006468","protein phosphorylation"
"NCLIV_017410","NCLIV_017410-t26_1","N/A","N/A","ATP binding;protein kinase activity","GO:0005524;GO:0004672","GO:0006468","protein phosphorylation"
"NCLIV_017420","NCLIV_017420-t26_1","N/A","N/A","ATP binding;protein kinase activity","GO:0005524;GO:0004672","GO:0006468","protein phosphorylation"
"NCLIV_017430","NCLIV_017430-t26_1","N/A","N/A","ATP binding;protein kinase activity","GO:0005524;GO:0004672","GO:0006468","protein phosphorylation"
"NCLIV_017440","NCLIV_017440-t26_1","N/A","N/A","ATP binding;protein kinase activity","GO:0005524;GO:0004672","GO:0006468","protein phosphorylation"
"NCLIV_019580","NCLIV_019580-t26_1","N/A","N/A","N/A","N/A","N/A","N/A"
"NCLIV_020950","NCLIV_020950-t26_1","N/A","N/A","ATP binding;protein kinase activity","GO:0005524;GO:0004672","GO:0006468","protein phosphorylation"
"NCLIV_020990","NCLIV_020990-t26_1","N/A","N/A","N/A","N/A","N/A","N/A"
"NCLIV_021920","NCLIV_021920-t26_1","N/A","N/A","ATP binding;protein kinase activity","GO:0005524;GO:0004672","GO:0006468","protein phosphorylation"
"NCLIV_022130","NCLIV_022130-t26_1","GO:0016021","integral component of membrane","ATP binding;protein kinase activity","GO:0005524;GO:0004672","GO:0006468","protein phosphorylation"
"NCLIV_022270","NCLIV_022270-t26_1","N/A","N/A","ATP binding;protein kinase activity","GO:0005524;GO:0004672","GO:0006468","protein phosphorylation"
"NCLIV_022320","NCLIV_022320-t26_1","GO:0016021","integral component of membrane","N/A","N/A","N/A","N/A"
"NCLIV_022330","NCLIV_022330-t26_1","GO:0016021","integral component of membrane","N/A","N/A","N/A","N/A"
"NCLIV_023260","NCLIV_023260-t26_1","N/A","N/A","ATP binding;protein kinase activity","GO:0005524;GO:0004672","GO:0006468","protein phosphorylation"
"NCLIV_023400","NCLIV_023400-t26_1","N/A","N/A","ATP binding;protein kinase activity;protein serine/threonine kinase activity","GO:0005524;GO:0004672;GO:0004674","GO:0006468","protein phosphorylation"
"NCLIV_023580","NCLIV_023580-t26_1","N/A","N/A","ATP binding;protein kinase activity","GO:0005524;GO:0004672","GO:0006468","protein phosphorylation"
"NCLIV_024700","NCLIV_024700-t26_1","N/A","N/A","ATP binding;protein kinase activity","GO:0005524;GO:0004672","GO:0006468","protein phosphorylation"
"NCLIV_024840","NCLIV_024840-t26_1","N/A","N/A","ATP binding;protein kinase activity","GO:0005524;GO:0004672","GO:0006468","protein phosphorylation"
"NCLIV_025120","NCLIV_025120-t26_1","N/A","N/A","ATP binding;protein kinase activity","GO:0005524;GO:0004672","GO:0006468","protein phosphorylation"
"NCLIV_027710","NCLIV_027710-t26_1","N/A","N/A","protein kinase activity","GO:0004672","GO:0006468","protein phosphorylation"
"NCLIV_027930","NCLIV_027930-t26_1","GO:0016021","integral component of membrane","ATP binding;protein kinase activity","GO:0005524;GO:0004672","GO:0006468","protein phosphorylation"
"NCLIV_028130","NCLIV_028130-t26_1","N/A","N/A","ATP binding;protein kinase activity","GO:0005524;GO:0004672","GO:0006468","protein phosphorylation"
"NCLIV_028170","NCLIV_028170-t26_1","GO:0016021","integral component of membrane","ATP binding;protein kinase activity","GO:0005524;GO:0004672","GO:0006468","protein phosphorylation"
"NCLIV_028350","NCLIV_028350-t26_1","N/A","N/A","ATP binding;protein kinase activity","GO:0005524;GO:0004672","GO:0006468","protein phosphorylation"
"NCLIV_028830","NCLIV_028830-t26_1","N/A","N/A","glucose-6-phosphate isomerase activity","GO:0004347","GO:0006094;GO:0006096","gluconeogenesis;glycolytic process"
"NCLIV_029900","NCLIV_029900-t26_1","N/A","N/A","ATP binding;protein kinase activity","GO:0005524;GO:0004672","GO:0006468","protein phosphorylation"
"NCLIV_030020","NCLIV_030020-t26_1","N/A","N/A","ATP binding;protein kinase activity","GO:0005524;GO:0004672","GO:0006468","protein phosphorylation"
"NCLIV_030060","NCLIV_030060-t26_1","N/A","N/A","ATP binding;protein kinase activity","GO:0005524;GO:0004672","GO:0006468","protein phosphorylation"
"NCLIV_030460","NCLIV_030460-t26_1","GO:0016021","integral component of membrane","ATP binding;protein kinase activity","GO:0005524;GO:0004672","GO:0006468","protein phosphorylation"
"NCLIV_030990","NCLIV_030990-t26_1","N/A","N/A","ATP binding;protein kinase activity","GO:0005524;GO:0004672","GO:0006468","protein phosphorylation"
"NCLIV_031550","NCLIV_031550-t26_1","N/A","N/A","ATP binding;protein kinase activity","GO:0005524;GO:0004672","GO:0006468","protein phosphorylation"
"NCLIV_031630","NCLIV_031630-t26_1","N/A","N/A","hydrolase activity","GO:0016787","GO:0016042;GO:0006629","lipid catabolic process;lipid metabolic process"
"NCLIV_031660","NCLIV_031660-t26_1","GO:0005737;GO:0005874","cytoplasm;microtubule","GTP binding;GTPase activity;structural constituent of cytoskeleton","GO:0005525;GO:0003924;GO:0005200","GO:0007017","microtubule-based process"
"NCLIV_031800","NCLIV_031800-t26_1","GO:0005737;GO:0005874","cytoplasm;microtubule","GTP binding;GTPase activity;structural constituent of cytoskeleton","GO:0005525;GO:0003924;GO:0005200","GO:0007017","microtubule-based process"
"NCLIV_032560","NCLIV_032560-t26_1","N/A","N/A","N/A","N/A","GO:0006629","lipid metabolic process"
"NCLIV_032840","NCLIV_032840-t26_1","N/A","N/A","ATP binding;MAP kinase activity;protein kinase activity","GO:0005524;GO:0004707;GO:0004672","GO:0006468","protein phosphorylation"
"NCLIV_033230","NCLIV_033230-t26_1","GO:0016020","membrane","N/A","N/A","N/A","N/A"
"NCLIV_033250","NCLIV_033250-t26_1","GO:0016021;GO:0016020","integral component of membrane;membrane","N/A","N/A","N/A","N/A"
"NCLIV_033400","NCLIV_033400-t26_1","N/A","N/A","ATP binding;protein kinase activity","GO:0005524;GO:0004672","GO:0006468","protein phosphorylation"
"NCLIV_033490","NCLIV_033490-t26_1","N/A","N/A","ATP binding;protein kinase activity;protein serine/threonine kinase activity","GO:0005524;GO:0004672;GO:0004674","GO:0006468","protein phosphorylation"
"NCLIV_033570","NCLIV_033570-t26_1","N/A","N/A","N/A","N/A","N/A","N/A"
"NCLIV_033690","NCLIV_033690-t26_1","N/A","N/A","N/A","N/A","N/A","N/A"
"NCLIV_033870","NCLIV_033870-t26_1","GO:0005643","nuclear pore","structural constituent of nuclear pore","GO:0017056","N/A","N/A"
"NCLIV_033980","NCLIV_033980-t26_1","N/A","N/A","N/A","N/A","GO:0006629","lipid metabolic process"
"NCLIV_035760","NCLIV_035760-t26_1","GO:0016021;GO:0016020","integral component of membrane;membrane","N/A","N/A","N/A","N/A"
"NCLIV_035860","NCLIV_035860-t26_1","N/A","N/A","ATP binding;protein kinase activity","GO:0005524;GO:0004672","GO:0006468","protein phosphorylation"
"NCLIV_037990","NCLIV_037990-t26_1","N/A","N/A","ATP binding;protein kinase activity","GO:0005524;GO:0004672","GO:0006468","protein phosphorylation"
"NCLIV_038100","NCLIV_038100-t26_1","GO:0005576","extracellular region","protein binding","GO:0005515","GO:0006508","proteolysis"
"NCLIV_038110","NCLIV_038110-t26_1","GO:0005576","extracellular region","protein binding","GO:0005515","GO:0006508","proteolysis"
"NCLIV_038120","NCLIV_038120-t26_1","GO:0005576","extracellular region","protein binding","GO:0005515","GO:0006508","proteolysis"
"NCLIV_038210","NCLIV_038210-t26_1","GO:0016021","integral component of membrane","N/A","N/A","N/A","N/A"
"NCLIV_038640","NCLIV_038640-t26_1","N/A","N/A","ATP binding;protein kinase activity;protein serine/threonine kinase activity","GO:0005524;GO:0004672;GO:0004674","GO:0006468","protein phosphorylation"
"NCLIV_039100","NCLIV_039100-t26_1","GO:0005737;GO:0005874","cytoplasm;microtubule","GTP binding;GTPase activity;structural constituent of cytoskeleton","GO:0005525;GO:0003924;GO:0005200","GO:0007017","microtubule-based process"
"NCLIV_039150","NCLIV_039150-t26_1","N/A","N/A","ATP binding;protein kinase activity;protein serine/threonine kinase activity","GO:0005524;GO:0004672;GO:0004674","GO:0006468","protein phosphorylation"
"NCLIV_039330","NCLIV_039330-t26_1","N/A","N/A","ATP binding;protein kinase activity","GO:0005524;GO:0004672","GO:0006468","protein phosphorylation"
"NCLIV_039940","NCLIV_039940-t26_1","N/A","N/A","ATP binding;protein kinase activity;protein serine/threonine kinase activity","GO:0005524;GO:0004672;GO:0004674","GO:0006468","protein phosphorylation"
"NCLIV_040495","NCLIV_040495-t26_1","GO:0016020","membrane","N/A","N/A","N/A","N/A"
"NCLIV_040930","NCLIV_040930-t26_1","N/A","N/A","ATP binding;protein kinase activity","GO:0005524;GO:0004672","GO:0006468","protein phosphorylation"
"NCLIV_041420","NCLIV_041420-t26_1","N/A","N/A","ATP binding;protein kinase activity","GO:0005524;GO:0004672","GO:0006468","protein phosphorylation"
"NCLIV_041680","NCLIV_041680-t26_1","N/A","N/A","ATP binding;protein kinase activity;protein serine/threonine kinase activity","GO:0005524;GO:0004672;GO:0004674","GO:0006468","protein phosphorylation"
"NCLIV_042680","NCLIV_042680-t26_1","N/A","N/A","N/A","N/A","N/A","N/A"
"NCLIV_042920","NCLIV_042920-t26_1","N/A","N/A","ATP binding;protein kinase activity","GO:0005524;GO:0004672","GO:0006468","protein phosphorylation"
"NCLIV_043340","NCLIV_043340-t26_1","N/A","N/A","ATP binding;protein kinase activity","GO:0005524;GO:0004672","GO:0006468","protein phosphorylation"
"NCLIV_043740","NCLIV_043740-t26_1","N/A","N/A","N/A","N/A","N/A","N/A"
"NCLIV_044270","NCLIV_044270-t26_1","N/A","N/A","ATP binding;calcium ion binding;protein kinase activity","GO:0005524;GO:0005509;GO:0004672","GO:0006468","protein phosphorylation"
"NCLIV_044410","NCLIV_044410-t26_1","N/A","N/A","ATP binding;protein kinase activity","GO:0005524;GO:0004672","GO:0006468","protein phosphorylation"
"NCLIV_044860","NCLIV_044860-t26_1","N/A","N/A","ATP binding;calcium ion binding;protein kinase activity","GO:0005524;GO:0005509;GO:0004672","GO:0006468","protein phosphorylation"
"NCLIV_045580","NCLIV_045580-t26_1","N/A","N/A","N/A","N/A","N/A","N/A"
"NCLIV_045585","NCLIV_045585-t26_1","N/A","N/A","ATP binding;protein kinase activity","GO:0005524;GO:0004672","GO:0006468","protein phosphorylation"
"NCLIV_045870","NCLIV_045870-t26_1","GO:0016021","integral component of membrane","N/A","N/A","N/A","N/A"
"NCLIV_046000","NCLIV_046000-t26_1","N/A","N/A","ATP binding;protein kinase activity","GO:0005524;GO:0004672","GO:0006468","protein phosphorylation"
"NCLIV_046130","NCLIV_046130-t26_1","GO:0000930;GO:0005874","gamma-tubulin complex;microtubule","GTP binding;GTPase activity","GO:0005525;GO:0003924","GO:0031122;GO:0007020;GO:0007017","cytoplasmic microtubule organization;microtubule nucleation;microtubule-based process"
"NCLIV_046800","NCLIV_046800-t26_1","N/A","N/A","ATP binding;protein kinase activity;protein serine/threonine kinase activity","GO:0005524;GO:0004672;GO:0004674","GO:0006468","protein phosphorylation"
"NCLIV_046870","NCLIV_046870-t26_1","N/A","N/A","ATP binding;protein kinase activity","GO:0005524;GO:0004672","GO:0006468","protein phosphorylation"
"NCLIV_047060","NCLIV_047060-t26_1","N/A","N/A","ATP binding;protein kinase activity","GO:0005524;GO:0004672","GO:0006468","protein phosphorylation"
"NCLIV_047220","NCLIV_047220-t26_1","N/A","N/A","ATP binding;calcium ion binding;carbohydrate binding;protein kinase activity;starch binding","GO:0005524;GO:0005509;GO:0030246;GO:0004672;GO:2001070","GO:0006468","protein phosphorylation"
"NCLIV_047750","NCLIV_047750-t26_1","N/A","N/A","ATP binding;calcium ion binding;protein kinase activity","GO:0005524;GO:0005509;GO:0004672","GO:0006468","protein phosphorylation"
"NCLIV_048060","NCLIV_048060-t26_1","N/A","N/A","ATP binding;protein kinase activity;protein serine/threonine kinase activity","GO:0005524;GO:0004672;GO:0004674","GO:0006468","protein phosphorylation"
"NCLIV_048210","NCLIV_048210-t26_1","N/A","N/A","ATP binding;protein kinase activity","GO:0005524;GO:0004672","GO:0006468","protein phosphorylation"
"NCLIV_049140","NCLIV_049140-t26_1","GO:0005737;GO:0005874","cytoplasm;microtubule","GTP binding;GTPase activity;structural constituent of cytoskeleton","GO:0005525;GO:0003924;GO:0005200","GO:0007017","microtubule-based process"
"NCLIV_049240","NCLIV_049240-t26_1","GO:0016021","integral component of membrane","triglyceride lipase activity","GO:0004806","GO:0016042;GO:0006629","lipid catabolic process;lipid metabolic process"
"NCLIV_049520","NCLIV_049520-t26_1","N/A","N/A","N/A","N/A","N/A","N/A"
"NCLIV_049660","NCLIV_049660-t26_1","N/A","N/A","ATP binding;protein kinase activity","GO:0005524;GO:0004672","GO:0006468","protein phosphorylation"
"NCLIV_049870","NCLIV_049870-t26_1","N/A","N/A","N/A","N/A","N/A","N/A"
"NCLIV_050490","NCLIV_050490-t26_1","N/A","N/A","ATP binding;protein kinase activity","GO:0005524;GO:0004672","GO:0006468","protein phosphorylation"
"NCLIV_050530","NCLIV_050530-t26_1","N/A","N/A","N/A","N/A","N/A","N/A"
"NCLIV_051520","NCLIV_051520-t26_1","N/A","N/A","catalytic activity","GO:0003824","N/A","N/A"
"NCLIV_051530","NCLIV_051530-t26_1","N/A","N/A","N/A","N/A","N/A","N/A"
"NCLIV_052550","NCLIV_052550-t26_1","N/A","N/A","ATP binding;protein kinase activity","GO:0005524;GO:0004672","GO:0006468","protein phosphorylation"
"NCLIV_054290","NCLIV_054290-t26_1","N/A","N/A","ATP binding;protein binding;protein kinase activity","GO:0005524;GO:0005515;GO:0004672","GO:0006468","protein phosphorylation"
"NCLIV_055260","NCLIV_055260-t26_1","N/A","N/A","ATP binding;cGMP-dependent protein kinase activity;protein kinase activity;protein serine/threonine kinase activity","GO:0005524;GO:0004692;GO:0004672;GO:0004674","GO:0006468","protein phosphorylation"
"NCLIV_055980","NCLIV_055980-t26_1","N/A","N/A","N/A","N/A","N/A","N/A"
"NCLIV_056045","NCLIV_056045-t26_1","N/A","N/A","DNA binding;hydrolase activity, acting on acid anhydrides","GO:0003677;GO:0016817","GO:0006303","double-strand break repair via nonhomologous end joining"
"NCLIV_056080","NCLIV_056080-t26_1","N/A","N/A","ATP binding;MAP kinase activity;protein kinase activity","GO:0005524;GO:0004707;GO:0004672","GO:0006468","protein phosphorylation"
"NCLIV_056140","NCLIV_056140-t26_1","N/A","N/A","protein binding","GO:0005515","N/A","N/A"
"NCLIV_056510","NCLIV_056510-t26_1","N/A","N/A","ATP binding;DNA binding;protein kinase activity","GO:0005524;GO:0003677;GO:0004672","GO:0006468","protein phosphorylation"
"NCLIV_056620","NCLIV_056620-t26_1","GO:0016021","integral component of membrane","ATP binding;protein kinase activity","GO:0005524;GO:0004672","GO:0006468","protein phosphorylation"
"NCLIV_056890","NCLIV_056890-t26_1","N/A","N/A","N/A","N/A","N/A","N/A"
"NCLIV_057940","NCLIV_057940-t26_1","N/A","N/A","ATP binding;protein kinase activity","GO:0005524;GO:0004672","GO:0006468","protein phosphorylation"
"NCLIV_058760","NCLIV_058760-t26_1","N/A","N/A","N/A","N/A","N/A","N/A"
"NCLIV_058890","NCLIV_058890-t26_1","GO:0005737;GO:0005874","cytoplasm;microtubule","GTP binding;GTPase activity;structural constituent of cytoskeleton","GO:0005525;GO:0003924;GO:0005200","GO:0007017","microtubule-based process"
"NCLIV_060290","NCLIV_060290-t26_1","GO:0016021","integral component of membrane","N/A","N/A","N/A","N/A"
"NCLIV_060730","NCLIV_060730-t26_1","N/A","N/A","ATP binding;protein kinase activity","GO:0005524;GO:0004672","GO:0006468","protein phosphorylation"
"NCLIV_060740","NCLIV_060740-t26_1","N/A","N/A","N/A","N/A","N/A","N/A"
"NCLIV_060741","NCLIV_060741-t26_1","N/A","N/A","N/A","N/A","N/A","N/A"
"NCLIV_060810","NCLIV_060810-t26_1","N/A","N/A","N/A","N/A","N/A","N/A"
"NCLIV_061160","NCLIV_061160-t26_1","GO:0016021","integral component of membrane","acid phosphatase activity","GO:0003993","N/A","N/A"
"NCLIV_061560","NCLIV_061560-t26_1","N/A","N/A","nucleic acid binding","GO:0003676","N/A","N/A"
"NCLIV_061840","NCLIV_061840-t26_1","N/A","N/A","ATP binding;protein kinase activity","GO:0005524;GO:0004672","GO:0006468","protein phosphorylation"
"NCLIV_062010","NCLIV_062010-t26_1","N/A","N/A","ATP binding;protein kinase activity;protein serine/threonine kinase activity","GO:0005524;GO:0004672;GO:0004674","GO:0006468","protein phosphorylation"
"NCLIV_063930","NCLIV_063930-t26_1","N/A","N/A","ATP binding;protein kinase activity","GO:0005524;GO:0004672","GO:0006468","protein phosphorylation"
"NCLIV_064150","NCLIV_064150-t26_1","GO:0043564;GO:0005634","Ku70:Ku80 complex;nucleus","DNA binding;DNA helicase activity;damaged DNA binding;telomeric DNA binding","GO:0003677;GO:0003678;GO:0003684;GO:0042162","GO:0006303;GO:0000723","double-strand break repair via nonhomologous end joining;telomere maintenance"
"NCLIV_065460","NCLIV_065460-t26_1","N/A","N/A","ATP binding;protein kinase activity","GO:0005524;GO:0004672","GO:0006468","protein phosphorylation"
"NCLIV_065640","NCLIV_065640-t26_1","N/A","N/A","kinase activity","GO:0016301","N/A","N/A"
"NCLIV_066220","NCLIV_066220-t26_1","N/A","N/A","ATP binding;protein kinase activity","GO:0005524;GO:0004672","GO:0006468","protein phosphorylation"
"NCLIV_066390","NCLIV_066390-t26_1","N/A","N/A","ATP binding;protein kinase activity","GO:0005524;GO:0004672","GO:0006468","protein phosphorylation"
"NCLIV_066730","NCLIV_066730-t26_1","N/A","N/A","N/A","N/A","N/A","N/A"
"NCLIV_068850","NCLIV_068850-t26_1","N/A","N/A","ATP binding;protein kinase activity","GO:0005524;GO:0004672","GO:0006468","protein phosphorylation"
"NCLIV_068890","NCLIV_068890-t26_1","N/A","N/A","ATP binding;protein kinase activity","GO:0005524;GO:0004672","GO:0006468","protein phosphorylation"
"NCLIV_069360","NCLIV_069360-t26_1","GO:0016021","integral component of membrane","N/A","N/A","N/A","N/A"
"NCLIV_069590","NCLIV_069590-t26_1","N/A","N/A","ATP binding;protein kinase activity;protein serine/threonine kinase activity","GO:0005524;GO:0004672;GO:0004674","GO:0006468","protein phosphorylation"
"NCLIV_069610","NCLIV_069610-t26_1","N/A","N/A","ATP binding;protein kinase activity","GO:0005524;GO:0004672","GO:0006468","protein phosphorylation"
"NCLIV_069640","NCLIV_069640-t26_1","GO:0016021","integral component of membrane","N/A","N/A","N/A","N/A"
"NCLIV_070280","NCLIV_070280-t26_1","N/A","N/A","ATP binding;calcium ion binding;protein kinase activity;protein serine/threonine kinase activity","GO:0005524;GO:0005509;GO:0004672;GO:0004674","GO:0006468","protein phosphorylation"
"SN3_00101735","SN3_00101735-mRNA-1","N/A","N/A","N/A","N/A","GO:0006629","lipid metabolic process"
"SN3_00102395","SN3_00102395-mRNA-1","GO:0005874","microtubule","GTP binding;structural constituent of cytoskeleton;transferase activity","GO:0005525;GO:0005200;GO:0016740","GO:0007017","microtubule-based process"
"SN3_00103320","SN3_00103320-mRNA-1","GO:0005874","microtubule","GTP binding;GTPase activity;structural constituent of cytoskeleton","GO:0005525;GO:0003924;GO:0005200","GO:0007017","microtubule-based process"
"SN3_00202200","SN3_00202200-mRNA-1","N/A","N/A","protein binding","GO:0005515","N/A","N/A"
"SN3_00301105","SN3_00301105-mRNA-1","N/A","N/A","hydrolase activity","GO:0016787","GO:0016042","lipid catabolic process"
"SN3_01100200","SN3_01100200-mRNA-1","N/A","N/A","triglyceride lipase activity","GO:0004806","GO:0006629","lipid metabolic process"
"SN3_01100650","SN3_01100650-mRNA-1","GO:0005874","microtubule","N/A","N/A","GO:0007017","microtubule-based process"
"SN3_01100885","SN3_01100885-mRNA-1","N/A","N/A","N/A","N/A","GO:0006629","lipid metabolic process"
"SN3_01200570","SN3_01200570-mRNA-1","N/A","N/A","N/A","N/A","N/A","N/A"
"SN3_01300465","SN3_01300465-mRNA-1","GO:0000930;GO:0005874","gamma-tubulin complex;microtubule","GTP binding;GTPase activity","GO:0005525;GO:0003924","GO:0031122;GO:0007020;GO:0007017","cytoplasmic microtubule organization;microtubule nucleation;microtubule-based process"
"SN3_01900485","SN3_01900485-mRNA-1","GO:0005874","microtubule","GTP binding;GTPase activity;structural constituent of cytoskeleton","GO:0005525;GO:0003924;GO:0005200","GO:0007017","microtubule-based process"
"SN3_02800250","SN3_02800250-mRNA-1","GO:0005874","microtubule","GTP binding;GTPase activity;structural constituent of cytoskeleton","GO:0005525;GO:0003924;GO:0005200","GO:0007017","microtubule-based process"
"SN3_02900400","SN3_02900400-mRNA-1","N/A","N/A","N/A","N/A","N/A","N/A"
"SN3_03400230","SN3_03400230-mRNA-1","N/A","N/A","N/A","N/A","N/A","N/A"
"TGARI_203780","TGARI_203780-t30_1","N/A","N/A","N/A","N/A","N/A","N/A"
"TGARI_275490","TGARI_275490-t30_1","GO:0005643","nuclear pore","structural constituent of nuclear pore","GO:0017056","N/A","N/A"
"TGARI_305790","TGARI_305790-t30_1","N/A","N/A","phosphatase activity;protein tyrosine phosphatase activity","GO:0016791;GO:0004725","GO:0016311","dephosphorylation"
"TGARI_310610","TGARI_310610-t30_1","N/A","N/A","N/A","N/A","N/A","N/A"
"TGARI_315950","TGARI_315950-t30_1","N/A","N/A","N/A","N/A","N/A","N/A"
"TGBR9_203780","TGBR9_203780-t46_1","N/A","N/A","N/A","N/A","N/A","N/A"
"TGBR9_275490","TGBR9_275490-t46_1","GO:0005643","nuclear pore","structural constituent of nuclear pore","GO:0017056","N/A","N/A"
"TGBR9_305790","TGBR9_305790-t46_1","N/A","N/A","phosphatase activity;protein tyrosine phosphatase activity","GO:0016791;GO:0004725","GO:0016311","dephosphorylation"
"TGFOU_203780","TGFOU_203780-t30_1","N/A","N/A","N/A","N/A","N/A","N/A"
"TGFOU_275490","TGFOU_275490-t30_1","GO:0005643","nuclear pore","structural constituent of nuclear pore","GO:0017056","N/A","N/A"
"TGFOU_305790","TGFOU_305790-t30_1","N/A","N/A","phosphatase activity;protein tyrosine phosphatase activity","GO:0016791;GO:0004725","GO:0016311","dephosphorylation"
"TGGT1_200290","TGGT1_200290-t26_1","GO:0005794;GO:0045177;GO:0005783;GO:0016021","Golgi apparatus;apical part of cell;endoplasmic reticulum;integral component of membrane","serine-type endopeptidase activity","GO:0004252","GO:0006508","proteolysis"
"TGGT1_200330","TGGT1_200330-t26_1","N/A","N/A","N/A","N/A","N/A","N/A"
"TGGT1_200370","TGGT1_200370-t26_1","GO:0005965","protein farnesyltransferase complex","catalytic activity;protein farnesyltransferase activity;zinc ion binding","GO:0003824;GO:0004660;GO:0008270","GO:0018343","protein farnesylation"
"TGGT1_200400","TGGT1_200400-t26_1","N/A","N/A","calcium ion binding","GO:0005509","N/A","N/A"
"TGGT1_201130","TGGT1_201130-t26_1","N/A","N/A","ATP binding;protein kinase activity","GO:0005524;GO:0004672","GO:0006468","protein phosphorylation"
"TGGT1_201220","TGGT1_201220-t26_1","N/A","N/A","zinc ion binding","GO:0008270","N/A","N/A"
"TGGT1_201260","TGGT1_201260-t26_1","GO:0016021","integral component of membrane","transmembrane transporter activity","GO:0022857","GO:0008643;GO:0055085","carbohydrate transport;transmembrane transport"
"TGGT1_201760","TGGT1_201760-t26_1","N/A","N/A","N/A","N/A","N/A","N/A"
"TGGT1_201780","TGGT1_201780-t26_1","GO:0045177;GO:0005886","apical part of cell;plasma membrane","protein binding","GO:0005515","N/A","N/A"
"TGGT1_202120","TGGT1_202120-t26_1","N/A","N/A","N/A","N/A","N/A","N/A"
"TGGT1_202220","TGGT1_202220-t26_1","N/A","N/A","N/A","N/A","N/A","N/A"
"TGGT1_202430","TGGT1_202430-t26_1","N/A","N/A","N/A","N/A","N/A","N/A"
"TGGT1_202510","TGGT1_202510-t26_1","GO:0016021","integral component of membrane","N/A","N/A","N/A","N/A"
"TGGT1_202550","TGGT1_202550-t26_1","N/A","N/A","phosphoprotein phosphatase activity;protein binding","GO:0004721;GO:0005515","N/A","N/A"
"TGGT1_202780","TGGT1_202780-t26_1","GO:0016021","integral component of membrane","ATP binding;calmodulin-dependent protein kinase activity;protein kinase activity","GO:0005524;GO:0004683;GO:0004672","GO:0006468","protein phosphorylation"
"TGGT1_203010","TGGT1_203010-t26_1","N/A","N/A","ATP binding;myosin light chain kinase activity;protein kinase activity","GO:0005524;GO:0004687;GO:0004672","GO:0006468","protein phosphorylation"
"TGGT1_203040","TGGT1_203040-t26_1","N/A","N/A","N/A","N/A","N/A","N/A"
"TGGT1_203080","TGGT1_203080-t26_1","N/A","N/A","RNA binding;nucleic acid binding","GO:0003723;GO:0003676","N/A","N/A"
"TGGT1_203310","TGGT1_203310-t26_1","GO:0045177;GO:0005576;GO:0016021;GO:0020003","apical part of cell;extracellular region;integral component of membrane;symbiont-containing vacuole","N/A","N/A","N/A","N/A"
"TGGT1_203780","TGGT1_203780-t26_1","N/A","N/A","N/A","N/A","N/A","N/A"
"TGGT1_203910","TGGT1_203910-t26_1","GO:0005622","intracellular anatomical structure","GTPase activator activity","GO:0005096","GO:0043087","regulation of GTPase activity"
"TGGT1_204270","TGGT1_204270-t26_1","GO:0016021","integral component of membrane","N/A","N/A","N/A","N/A"
"TGGT1_204280","TGGT1_204280-t26_1","N/A","N/A","ATP binding;MAP kinase activity;protein kinase activity;protein serine/threonine/tyrosine kinase activity","GO:0005524;GO:0004707;GO:0004672;GO:0004712","GO:0006468","protein phosphorylation"
"TGGT1_204340","TGGT1_204340-t26_1","GO:0016021","integral component of membrane","N/A","N/A","N/A","N/A"
"TGGT1_205220","TGGT1_205220-t26_1","GO:0005634","nucleus","protein binding","GO:0005515","GO:0006396;GO:0000398","RNA processing;mRNA splicing, via spliceosome"
"TGGT1_205250","TGGT1_205250-t26_1","GO:0045177;GO:0020003","apical part of cell;symbiont-containing vacuole","ATP binding;myosin light chain kinase activity;protein kinase activity","GO:0005524;GO:0004687;GO:0004672","GO:0006468","protein phosphorylation"
"TGGT1_205550","TGGT1_205550-t26_1","N/A","N/A","AMP-activated protein kinase activity;ATP binding;cAMP-dependent protein kinase activity;protein kinase activity","GO:0004679;GO:0005524;GO:0004691;GO:0004672","GO:0006468","protein phosphorylation"
"TGGT1_205670","TGGT1_205670-t26_1","N/A","N/A","structural constituent of cytoskeleton","GO:0005200","N/A","N/A"
"TGGT1_206350","TGGT1_206350-t26_1","GO:0005783;GO:0016021","endoplasmic reticulum;integral component of membrane","ER retention sequence binding","GO:0046923","GO:0006621","protein retention in ER lumen"
"TGGT1_206415","TGGT1_206415-t26_1","GO:0016459","myosin complex","ATP binding;actin binding;cytoskeletal motor activity;protein binding","GO:0005524;GO:0003779;GO:0003774;GO:0005515","N/A","N/A"
"TGGT1_206490","TGGT1_206490-t26_1","N/A","N/A","cysteine-type endopeptidase activity;peptidase activity","GO:0004197;GO:0008233","GO:0006508","proteolysis"
"TGGT1_206590","TGGT1_206590-t26_1","N/A","N/A","ATP binding;calcium ion binding;calmodulin-dependent protein kinase activity;protein kinase activity","GO:0005524;GO:0005509;GO:0004683;GO:0004672","GO:0006468","protein phosphorylation"
"TGGT1_207080","TGGT1_207080-t26_1","GO:0005737;GO:0005634","cytoplasm;nucleus","acyltransferase activity, transferring groups other than amino-acyl groups;histone acetyltransferase activity","GO:0016747;GO:0004402","GO:0016573;GO:0006355","histone acetylation;regulation of transcription, DNA-templated"
"TGGT1_207610","TGGT1_207610-t26_1","N/A","N/A","ATP binding;protein kinase activity","GO:0005524;GO:0004672","GO:0006468","protein phosphorylation"
"TGGT1_207650","TGGT1_207650-t26_1","N/A","N/A","peptidase activity","GO:0008233","N/A","N/A"
"TGGT1_207750","TGGT1_207750-t26_1","GO:0016021;GO:0016020","integral component of membrane;membrane","beta-1,4-mannosylglycoprotein 4-beta-N-acetylglucosaminyltransferase activity","GO:0003830","GO:0006487","protein N-linked glycosylation"
"TGGT1_207820","TGGT1_207820-t26_1","N/A","N/A","ATP binding;MAP kinase activity;protein kinase activity","GO:0005524;GO:0004707;GO:0004672","GO:0006468","protein phosphorylation"
"TGGT1_207830","TGGT1_207830-t26_1","N/A","N/A","N/A","N/A","N/A","N/A"
"TGGT1_207910","TGGT1_207910-t26_1","GO:0016021","integral component of membrane","calcium:proton antiporter activity;cation transmembrane transporter activity","GO:0015369;GO:0008324","GO:0006816;GO:0006812;GO:0055085","calcium ion transport;cation transport;transmembrane transport"
"TGGT1_208070","TGGT1_208070-t26_1","N/A","N/A","inositol hexakisphosphate 1-kinase activity;inositol hexakisphosphate 3-kinase activity;inositol hexakisphosphate 5-kinase activity;inositol-1,4,5-trisphosphate 3-kinase activity;kinase activity","GO:0052723;GO:0052724;GO:0000832;GO:0008440;GO:0016301","GO:0032958","inositol phosphate biosynthetic process"
"TGGT1_208340","TGGT1_208340-t26_1","N/A","N/A","N/A","N/A","N/A","N/A"
"TGGT1_208420","TGGT1_208420-t26_1","GO:0016021","integral component of membrane","neurotransmitter:sodium symporter activity","GO:0005328","GO:0006836","neurotransmitter transport"
"TGGT1_208830","TGGT1_208830-t26_1","N/A","N/A","N/A","N/A","N/A","N/A"
"TGGT1_209420","TGGT1_209420-t26_1","N/A","N/A","N/A","N/A","N/A","N/A"
"TGGT1_209490","TGGT1_209490-t26_1","N/A","N/A","N/A","N/A","N/A","N/A"
"TGGT1_209585","TGGT1_209585-t26_1","GO:0016021","integral component of membrane","N/A","N/A","N/A","N/A"
"TGGT1_209720","TGGT1_209720-t26_1","GO:0016021","integral component of membrane","N/A","N/A","N/A","N/A"
"TGGT1_209800","TGGT1_209800-t26_1","GO:0016021;GO:0016020","integral component of membrane;membrane","transmembrane transporter activity;transporter activity","GO:0022857;GO:0005215","GO:0055085;GO:0006810","transmembrane transport;transport"
"TGGT1_209820","TGGT1_209820-t26_1","N/A","N/A","protein binding","GO:0005515","N/A","N/A"
"TGGT1_209880","TGGT1_209880-t26_1","N/A","N/A","N/A","N/A","N/A","N/A"
"TGGT1_209890","TGGT1_209890-t26_1","N/A","N/A","N/A","N/A","N/A","N/A"
"TGGT1_209970","TGGT1_209970-t26_1","GO:0005815;GO:0000922","microtubule organizing center;spindle pole","gamma-tubulin binding","GO:0043015","GO:0000226;GO:0007020","microtubule cytoskeleton organization;microtubule nucleation"
"TGGT1_209985","TGGT1_209985-t26_1","N/A","N/A","AMP-activated protein kinase activity;ATP binding;cAMP-dependent protein kinase activity;protein kinase activity","GO:0004679;GO:0005524;GO:0004691;GO:0004672","GO:0006468","protein phosphorylation"
"TGGT1_210280","TGGT1_210280-t26_1","N/A","N/A","ATP binding;myosin light chain kinase activity;protein kinase activity","GO:0005524;GO:0004687;GO:0004672","GO:0006468","protein phosphorylation"
"TGGT1_210820","TGGT1_210820-t26_1","GO:0016021","integral component of membrane","nucleoside transmembrane transporter activity","GO:0005337","GO:1901642","nucleoside transmembrane transport"
"TGGT1_211260","TGGT1_211260-t26_1","N/A","N/A","ATP binding;protein kinase activity","GO:0005524;GO:0004672","GO:0006468","protein phosphorylation"
"TGGT1_211440","TGGT1_211440-t26_1","N/A","N/A","N/A","N/A","N/A","N/A"
"TGGT1_211460","TGGT1_211460-t26_1","N/A","N/A","N/A","N/A","N/A","N/A"
"TGGT1_211890","TGGT1_211890-t26_1","N/A","N/A","N/A","N/A","N/A","N/A"
"TGGT1_212260","TGGT1_212260-t26_1","N/A","N/A","N/A","N/A","N/A","N/A"
"TGGT1_212300","TGGT1_212300-t26_1","GO:0016021","integral component of membrane","N/A","N/A","N/A","N/A"
"TGGT1_212770","TGGT1_212770-t26_1","N/A","N/A","N/A","N/A","N/A","N/A"
"TGGT1_212800","TGGT1_212800-t26_1","N/A","N/A","N/A","N/A","N/A","N/A"
"TGGT1_212880","TGGT1_212880-t26_1","N/A","N/A","N/A","N/A","N/A","N/A"
"TGGT1_213040","TGGT1_213040-t26_1","N/A","N/A","N/A","N/A","N/A","N/A"
"TGGT1_213325","TGGT1_213325-t26_1","GO:0016021;GO:0005622","integral component of membrane;intracellular anatomical structure","GTPase activator activity","GO:0005096","GO:0043087","regulation of GTPase activity"
"TGGT1_213550","TGGT1_213550-t26_1","GO:0016021","integral component of membrane","palmitoyltransferase activity;zinc ion binding","GO:0016409;GO:0008270","N/A","N/A"
"TGGT1_213670","TGGT1_213670-t26_1","GO:0016021","integral component of membrane","N/A","N/A","N/A","N/A"
"TGGT1_213680","TGGT1_213680-t26_1","N/A","N/A","2-methylcitrate dehydratase activity;lyase activity","GO:0047547;GO:0016829","GO:0019543","propionate catabolic process"
"TGGT1_213830","TGGT1_213830-t26_1","N/A","N/A","N/A","N/A","N/A","N/A"
"TGGT1_213900","TGGT1_213900-t26_1","GO:0005622;GO:0005634","intracellular anatomical structure;nucleus","zinc ion binding","GO:0008270","N/A","N/A"
"TGGT1_214290","TGGT1_214290-t26_1","N/A","N/A","N/A","N/A","N/A","N/A"
"TGGT1_214320","TGGT1_214320-t26_1","GO:0016021;GO:0016020;GO:0005886","integral component of membrane;membrane;plasma membrane","transmembrane transporter activity","GO:0022857","GO:0008643;GO:0055085","carbohydrate transport;transmembrane transport"
"TGGT1_214470","TGGT1_214470-t26_1","N/A","N/A","cysteine-type peptidase activity","GO:0008234","GO:0006508","proteolysis"
"TGGT1_214620","TGGT1_214620-t26_1","N/A","N/A","L-ascorbic acid binding;iron ion binding;oxidoreductase activity;oxidoreductase activity, acting on paired donors, with incorporation or reduction of molecular oxygen","GO:0031418;GO:0005506;GO:0016491;GO:0016705","GO:0055114","obsolete oxidation-reduction process"
"TGGT1_214750","TGGT1_214750-t26_1","N/A","N/A","N/A","N/A","N/A","N/A"
"TGGT1_214820","TGGT1_214820-t26_1","N/A","N/A","RNA binding;nucleic acid binding","GO:0003723;GO:0003676","GO:0043484","regulation of RNA splicing"
"TGGT1_214930","TGGT1_214930-t26_1","N/A","N/A","N/A","N/A","N/A","N/A"
"TGGT1_215170","TGGT1_215170-t26_1","N/A","N/A","hydrolase activity;phosphoprotein phosphatase activity","GO:0016787;GO:0004721","N/A","N/A"
"TGGT1_215220","TGGT1_215220-t26_1","N/A","N/A","protein binding","GO:0005515","N/A","N/A"
"TGGT1_215260","TGGT1_215260-t26_1","N/A","N/A","ATP binding;D-alanine-D-alanine ligase activity;carbamoyl-phosphate synthase (ammonia) activity;carbamoyl-phosphate synthase (glutamine-hydrolyzing) activity;catalytic activity;hydrolase activity;metal ion binding","GO:0005524;GO:0008716;GO:0004087;GO:0004088;GO:0003824;GO:0016787;GO:0046872","GO:0006207;GO:0006541;GO:0008152;GO:0006807","'de novo' pyrimidine nucleobase biosynthetic process;glutamine metabolic process;metabolic process;nitrogen compound metabolic process"
"TGGT1_215360","TGGT1_215360-t26_1","GO:0016021","integral component of membrane","N/A","N/A","N/A","N/A"
"TGGT1_215380","TGGT1_215380-t26_1","N/A","N/A","N/A","N/A","N/A","N/A"
"TGGT1_215490","TGGT1_215490-t26_1","GO:0016021","integral component of membrane","transmembrane transporter activity","GO:0022857","GO:0055085","transmembrane transport"
"TGGT1_215620","TGGT1_215620-t26_1","N/A","N/A","N/A","N/A","N/A","N/A"
"TGGT1_215670","TGGT1_215670-t26_1","N/A","N/A","AMP-activated protein kinase activity;ATP binding;cAMP-dependent protein kinase activity;protein kinase activity","GO:0004679;GO:0005524;GO:0004691;GO:0004672","GO:0006468","protein phosphorylation"
"TGGT1_215775","TGGT1_215775-t26_1","GO:0045177","apical part of cell","ATP binding;protein kinase activity","GO:0005524;GO:0004672","GO:0006468","protein phosphorylation"
"TGGT1_215895","TGGT1_215895-t26_1","N/A","N/A","DNA-binding transcription factor activity","GO:0003700","GO:0006355","regulation of transcription, DNA-templated"
"TGGT1_216000","TGGT1_216000-t26_1","GO:0070258","inner membrane pellicle complex","N/A","N/A","N/A","N/A"
"TGGT1_216020","TGGT1_216020-t26_1","N/A","N/A","N/A","N/A","N/A","N/A"
"TGGT1_216170","TGGT1_216170-t26_1","N/A","N/A","catalytic activity;cysteine desulfurase activity","GO:0003824;GO:0031071","GO:0008152","metabolic process"
"TGGT1_216220","TGGT1_216220-t26_1","N/A","N/A","DNA-binding transcription factor activity","GO:0003700","GO:0006355","regulation of transcription, DNA-templated"
"TGGT1_216240","TGGT1_216240-t26_1","N/A","N/A","N/A","N/A","GO:0000902","cell morphogenesis"
"TGGT1_216280","TGGT1_216280-t26_1","GO:0016021","integral component of membrane","phosphorus-oxygen lyase activity","GO:0016849","GO:0009190;GO:0035556","cyclic nucleotide biosynthetic process;intracellular signal transduction"
"TGGT1_216430","TGGT1_216430-t26_1","GO:0005829;GO:0005622","cytosol;intracellular anatomical structure","GTPase activator activity","GO:0005096","GO:0043087;GO:0042147","regulation of GTPase activity;retrograde transport, endosome to Golgi"
"TGGT1_216670","TGGT1_216670-t26_1","N/A","N/A","RNA binding;nucleic acid binding","GO:0003723;GO:0003676","N/A","N/A"
"TGGT1_217510","TGGT1_217510-t26_1","N/A","N/A","N/A","N/A","N/A","N/A"
"TGGT1_217530","TGGT1_217530-t26_1","N/A","N/A","N/A","N/A","N/A","N/A"
"TGGT1_217600","TGGT1_217600-t26_1","N/A","N/A","ATP binding;calcium ion binding;calmodulin-dependent protein kinase activity;protein kinase activity","GO:0005524;GO:0005509;GO:0004683;GO:0004672","GO:0006468","protein phosphorylation"
"TGGT1_217680","TGGT1_217680-t26_1","N/A","N/A","N/A","N/A","N/A","N/A"
"TGGT1_217870","TGGT1_217870-t26_1","GO:0016021","integral component of membrane","palmitoyltransferase activity;protein-cysteine S-palmitoyltransferase activity;zinc ion binding","GO:0016409;GO:0019706;GO:0008270","N/A","N/A"
"TGGT1_218220","TGGT1_218220-t26_1","N/A","N/A","ATP binding;RNA polymerase II CTD heptapeptide repeat kinase activity;protein kinase activity","GO:0005524;GO:0008353;GO:0004672","GO:0006468","protein phosphorylation"
"TGGT1_218270","TGGT1_218270-t26_1","GO:0016021","integral component of membrane","N/A","N/A","N/A","N/A"
"TGGT1_218400","TGGT1_218400-t26_1","N/A","N/A","ATP binding;myosin light chain kinase activity;protein kinase activity","GO:0005524;GO:0004687;GO:0004672","GO:0006468","protein phosphorylation"
"TGGT1_218550","TGGT1_218550-t26_1","N/A","N/A","ATP binding;RNA polymerase II CTD heptapeptide repeat kinase activity;protein kinase activity","GO:0005524;GO:0008353;GO:0004672","GO:0006468","protein phosphorylation"
"TGGT1_218720","TGGT1_218720-t26_1","GO:0016020","membrane","ATP binding;calcium ion binding;myosin light chain kinase activity;phosphotransferase activity, alcohol group as acceptor;protein kinase activity","GO:0005524;GO:0005509;GO:0004687;GO:0016773;GO:0004672","GO:0009103;GO:0006468","lipopolysaccharide biosynthetic process;protein phosphorylation"
"TGGT1_218760","TGGT1_218760-t26_1","N/A","N/A","protein binding","GO:0005515","GO:0006886","intracellular protein transport"
"TGGT1_218840","TGGT1_218840-t26_1","GO:0005739","mitochondrion","ATP binding;mismatched DNA binding","GO:0005524;GO:0030983","GO:0006298","mismatch repair"
"TGGT1_218870","TGGT1_218870-t26_1","GO:0005622","intracellular anatomical structure","GTPase activator activity","GO:0005096","GO:0043087","regulation of GTPase activity"
"TGGT1_218880","TGGT1_218880-t26_1","N/A","N/A","structural constituent of cytoskeleton","GO:0005200","N/A","N/A"
"TGGT1_218960","TGGT1_218960-t26_1","N/A","N/A","DNA-binding transcription factor activity","GO:0003700","GO:0006355","regulation of transcription, DNA-templated"
"TGGT1_219070","TGGT1_219070-t26_1","N/A","N/A","cGMP-dependent protein kinase activity;calcium ion binding","GO:0004692;GO:0005509","N/A","N/A"
"TGGT1_219080","TGGT1_219080-t26_1","N/A","N/A","protein binding","GO:0005515","GO:0045048","protein insertion into ER membrane"
"TGGT1_219120","TGGT1_219120-t26_1","N/A","N/A","metal ion binding;nucleic acid binding;zinc ion binding","GO:0046872;GO:0003676;GO:0008270","N/A","N/A"
"TGGT1_219270","TGGT1_219270-t26_1","GO:0016021","integral component of membrane","N/A","N/A","N/A","N/A"
"TGGT1_219320","TGGT1_219320-t26_1","GO:0070258;GO:0016021","inner membrane pellicle complex;integral component of membrane","acid phosphatase activity","GO:0003993","N/A","N/A"
"TGGT1_219500","TGGT1_219500-t26_1","N/A","N/A","N/A","N/A","N/A","N/A"
"TGGT1_219630","TGGT1_219630-t26_1","GO:0016021","integral component of membrane","FMN binding;NADPH-hemoprotein reductase activity;oxidoreductase activity","GO:0010181;GO:0003958;GO:0016491","GO:0055114","obsolete oxidation-reduction process"
"TGGT1_220160","TGGT1_220160-t26_1","N/A","N/A","protein binding","GO:0005515","N/A","N/A"
"TGGT1_220270","TGGT1_220270-t26_1","N/A","N/A","N/A","N/A","N/A","N/A"
"TGGT1_220900","TGGT1_220900-t26_1","N/A","N/A","N/A","N/A","N/A","N/A"
"TGGT1_220950","TGGT1_220950-t26_1","N/A","N/A","N/A","N/A","N/A","N/A"
"TGGT1_221180","TGGT1_221180-t26_1","GO:0016021","integral component of membrane","N/A","N/A","N/A","N/A"
"TGGT1_221470","TGGT1_221470-t26_1","N/A","N/A","N/A","N/A","N/A","N/A"
"TGGT1_221480","TGGT1_221480-t26_1","GO:0016021","integral component of membrane","N/A","N/A","N/A","N/A"
"TGGT1_221630","TGGT1_221630-t26_1","N/A","N/A","N/A","N/A","N/A","N/A"
"TGGT1_221710","TGGT1_221710-t26_1","GO:0005622","intracellular anatomical structure","GTPase activator activity","GO:0005096","GO:0043087","regulation of GTPase activity"
"TGGT1_221940","TGGT1_221940-t26_1","GO:0030117","membrane coat","protein binding","GO:0005515","GO:0006886;GO:0016192","intracellular protein transport;vesicle-mediated transport"
"TGGT1_222100","TGGT1_222100-t26_1","N/A","N/A","N/A","N/A","N/A","N/A"
"TGGT1_222170","TGGT1_222170-t26_1","N/A","N/A","N/A","N/A","N/A","N/A"
"TGGT1_222188","TGGT1_222188-t26_1","N/A","N/A","N/A","N/A","N/A","N/A"
"TGGT1_222200","TGGT1_222200-t26_1","GO:0016021","integral component of membrane","N/A","N/A","N/A","N/A"
"TGGT1_222220","TGGT1_222220-t26_1","N/A","N/A","N/A","N/A","N/A","N/A"
"TGGT1_222350","TGGT1_222350-t26_1","N/A","N/A","N/A","N/A","N/A","N/A"
"TGGT1_222360","TGGT1_222360-t26_1","N/A","N/A","N/A","N/A","N/A","N/A"
"TGGT1_222660","TGGT1_222660-t26_1","N/A","N/A","protein binding","GO:0005515","N/A","N/A"
"TGGT1_222960","TGGT1_222960-t26_1","N/A","N/A","ATP binding;protein kinase activity","GO:0005524;GO:0004672","GO:0006468","protein phosphorylation"
"TGGT1_223000","TGGT1_223000-t26_1","GO:0045177;GO:0005737;GO:0030286;GO:0070258;GO:0016021;GO:0005874;GO:0005875","apical part of cell;cytoplasm;dynein complex;inner membrane pellicle complex;integral component of membrane;microtubule;microtubule associated complex","cytoskeletal motor activity","GO:0003774","GO:0007017","microtubule-based process"
"TGGT1_223640","TGGT1_223640-t26_1","GO:0016021","integral component of membrane","N/A","N/A","N/A","N/A"
"TGGT1_223790","TGGT1_223790-t26_1","N/A","N/A","N/A","N/A","N/A","N/A"
"TGGT1_223840","TGGT1_223840-t26_1","N/A","N/A","ATP citrate synthase activity;acyltransferase, acyl groups converted into alkyl on transfer;binding;catalytic activity;lyase activity;obsolete cofactor binding","GO:0003878;GO:0046912;GO:0005488;GO:0003824;GO:0016829;GO:0048037","GO:0044262;GO:0008152","cellular carbohydrate metabolic process;metabolic process"
"TGGT1_223870","TGGT1_223870-t26_1","N/A","N/A","N/A","N/A","N/A","N/A"
"TGGT1_224000","TGGT1_224000-t26_1","N/A","N/A","N/A","N/A","N/A","N/A"
"TGGT1_224220","TGGT1_224220-t26_1","N/A","N/A","hydrolase activity;phosphoprotein phosphatase activity","GO:0016787;GO:0004721","N/A","N/A"
"TGGT1_224290","TGGT1_224290-t26_1","GO:0016021","integral component of membrane","palmitoyltransferase activity;protein-cysteine S-palmitoyltransferase activity;zinc ion binding","GO:0016409;GO:0019706;GO:0008270","N/A","N/A"
"TGGT1_224310","TGGT1_224310-t26_1","GO:0016021","integral component of membrane","palmitoyltransferase activity;protein-cysteine S-palmitoyltransferase activity;zinc ion binding","GO:0016409;GO:0019706;GO:0008270","N/A","N/A"
"TGGT1_224480","TGGT1_224480-t26_1","N/A","N/A","ATP binding;protein kinase activity;protein serine/threonine/tyrosine kinase activity","GO:0005524;GO:0004672;GO:0004712","GO:0006468","protein phosphorylation"
"TGGT1_224620","TGGT1_224620-t26_1","GO:0016021","integral component of membrane","N/A","N/A","N/A","N/A"
"TGGT1_224700","TGGT1_224700-t26_1","N/A","N/A","N/A","N/A","N/A","N/A"
"TGGT1_224950","TGGT1_224950-t26_1","N/A","N/A","ATP binding;calcium ion binding;calmodulin-dependent protein kinase activity;protein kinase activity","GO:0005524;GO:0005509;GO:0004683;GO:0004672","GO:0006468","protein phosphorylation"
"TGGT1_225200","TGGT1_225200-t26_1","N/A","N/A","N/A","N/A","N/A","N/A"
"TGGT1_225340","TGGT1_225340-t26_1","N/A","N/A","N/A","N/A","N/A","N/A"
"TGGT1_225490","TGGT1_225490-t26_1","N/A","N/A","ATP binding;calcium ion binding;calmodulin-dependent protein kinase activity;carbohydrate binding;protein kinase activity;starch binding","GO:0005524;GO:0005509;GO:0004683;GO:0030246;GO:0004672;GO:2001070","GO:0006468","protein phosphorylation"
"TGGT1_225555","TGGT1_225555-t26_1","GO:0016021","integral component of membrane","N/A","N/A","N/A","N/A"
"TGGT1_225560","TGGT1_225560-t26_1","N/A","N/A","N/A","N/A","N/A","N/A"
"TGGT1_225770","TGGT1_225770-t26_1","N/A","N/A","ATP binding;MAP kinase kinase kinase activity;protein kinase activity","GO:0005524;GO:0004709;GO:0004672","GO:0006468","protein phosphorylation"
"TGGT1_225790","TGGT1_225790-t26_1","N/A","N/A","N/A","N/A","N/A","N/A"
"TGGT1_225900","TGGT1_225900-t26_1","N/A","N/A","N/A","N/A","N/A","N/A"
"TGGT1_225940","TGGT1_225940-t26_1","N/A","N/A","N/A","N/A","N/A","N/A"
"TGGT1_226030","TGGT1_226030-t26_1","N/A","N/A","AMP-activated protein kinase activity;ATP binding;cAMP-dependent protein kinase activity;protein kinase activity;protein serine/threonine kinase activity","GO:0004679;GO:0005524;GO:0004691;GO:0004672;GO:0004674","GO:0006468","protein phosphorylation"
"TGGT1_226040","TGGT1_226040-t26_1","N/A","N/A","calcium ion binding","GO:0005509","N/A","N/A"
"TGGT1_226540","TGGT1_226540-t26_1","GO:0016020","membrane","ATP binding;calmodulin-dependent protein kinase activity;phosphotransferase activity, alcohol group as acceptor;protein kinase activity","GO:0005524;GO:0004683;GO:0016773;GO:0004672","GO:0009103;GO:0006468","lipopolysaccharide biosynthetic process;protein phosphorylation"
"TGGT1_226550","TGGT1_226550-t26_1","GO:0005622","intracellular anatomical structure","GTPase activator activity","GO:0005096","GO:0043087","regulation of GTPase activity"
"TGGT1_226590","TGGT1_226590-t26_1","GO:0016021;GO:0016020","integral component of membrane;membrane","copper ion binding;cytochrome-c oxidase activity","GO:0005507;GO:0004129","N/A","N/A"
"TGGT1_226850","TGGT1_226850-t26_1","GO:0005622","intracellular anatomical structure","GTPase activator activity","GO:0005096","GO:0043087","regulation of GTPase activity"
"TGGT1_226990","TGGT1_226990-t26_1","N/A","N/A","N/A","N/A","N/A","N/A"
"TGGT1_227000","TGGT1_227000-t26_1","N/A","N/A","N/A","N/A","N/A","N/A"
"TGGT1_227010","TGGT1_227010-t26_1","N/A","N/A","kinase activity","GO:0016301","N/A","N/A"
"TGGT1_227280","TGGT1_227280-t26_1","GO:0045177;GO:0016021;GO:0020003","apical part of cell;integral component of membrane;symbiont-containing vacuole","N/A","N/A","N/A","N/A"
"TGGT1_227650","TGGT1_227650-t26_1","GO:0005874","microtubule","microtubule binding;protein binding","GO:0008017;GO:0005515","N/A","N/A"
"TGGT1_227800","TGGT1_227800-t26_1","N/A","N/A","calcium ion binding;protein binding","GO:0005509;GO:0005515","N/A","N/A"
"TGGT1_227810","TGGT1_227810-t26_1","GO:0045177","apical part of cell","ATP binding;protein kinase activity","GO:0005524;GO:0004672","GO:0006468","protein phosphorylation"
"TGGT1_228170","TGGT1_228170-t26_1","GO:0070258;GO:0016021","inner membrane pellicle complex;integral component of membrane","acid phosphatase activity;hydrolase activity","GO:0003993;GO:0016787","N/A","N/A"
"TGGT1_228290","TGGT1_228290-t26_1","N/A","N/A","carboxylic ester hydrolase activity;hydrolase activity;methyl indole-3-acetate esterase activity;methyl jasmonate esterase activity;methyl salicylate esterase activity;retinyl-palmitate esterase activity","GO:0052689;GO:0016787;GO:0080030;GO:0080032;GO:0080031;GO:0050253","N/A","N/A"
"TGGT1_228330","TGGT1_228330-t26_1","N/A","N/A","RNA polymerase II CTD heptapeptide repeat phosphatase activity;phosphoprotein phosphatase activity;protein binding","GO:0008420;GO:0004721;GO:0005515","GO:0070940","dephosphorylation of RNA polymerase II C-terminal domain"
"TGGT1_228380","TGGT1_228380-t26_1","N/A","N/A","N/A","N/A","N/A","N/A"
"TGGT1_228420","TGGT1_228420-t26_1","N/A","N/A","AMP-activated protein kinase activity;ATP binding;cAMP-dependent protein kinase activity;protein kinase activity","GO:0004679;GO:0005524;GO:0004691;GO:0004672","GO:0006468","protein phosphorylation"
"TGGT1_228750","TGGT1_228750-t26_1","N/A","N/A","ATP binding;calcium ion binding;myosin light chain kinase activity;protein kinase activity","GO:0005524;GO:0005509;GO:0004687;GO:0004672","GO:0006468","protein phosphorylation"
"TGGT1_229020","TGGT1_229020-t26_1","N/A","N/A","ATP binding;RNA polymerase II CTD heptapeptide repeat kinase activity;protein kinase activity","GO:0005524;GO:0008353;GO:0004672","GO:0006468","protein phosphorylation"
"TGGT1_229160","TGGT1_229160-t26_1","GO:0016021","integral component of membrane","palmitoyltransferase activity;protein-cysteine S-palmitoyltransferase activity;zinc ion binding","GO:0016409;GO:0019706;GO:0008270","N/A","N/A"
"TGGT1_229170","TGGT1_229170-t26_1","GO:0016021;GO:0016020","integral component of membrane;membrane","transmembrane transporter activity;transporter activity","GO:0022857;GO:0005215","GO:0055085;GO:0006810","transmembrane transport;transport"
"TGGT1_229260","TGGT1_229260-t26_1","N/A","N/A","N/A","N/A","N/A","N/A"
"TGGT1_229350","TGGT1_229350-t26_1","N/A","N/A","N/A","N/A","N/A","N/A"
"TGGT1_229630","TGGT1_229630-t26_1","GO:0005783;GO:0016021;GO:0005634","endoplasmic reticulum;integral component of membrane;nucleus","ATP binding;non-membrane spanning protein tyrosine kinase activity;protein kinase activity","GO:0005524;GO:0004715;GO:0004672","GO:0006468","protein phosphorylation"
"TGGT1_229710","TGGT1_229710-t26_1","N/A","N/A","peptidase activity","GO:0008233","N/A","N/A"
"TGGT1_230160","TGGT1_230160-t26_1","N/A","N/A","nucleic acid binding","GO:0003676","N/A","N/A"
"TGGT1_230180","TGGT1_230180-t26_1","N/A","N/A","N/A","N/A","N/A","N/A"
"TGGT1_230210","TGGT1_230210-t26_1","N/A","N/A","N/A","N/A","N/A","N/A"
"TGGT1_230340","TGGT1_230340-t26_1","N/A","N/A","N/A","N/A","N/A","N/A"
"TGGT1_230470","TGGT1_230470-t26_1","N/A","N/A","ATP binding;protein kinase activity","GO:0005524;GO:0004672","GO:0006468","protein phosphorylation"
"TGGT1_230555","TGGT1_230555-t26_1","GO:0016021","integral component of membrane","phosphorus-oxygen lyase activity","GO:0016849","GO:0009190;GO:0035556","cyclic nucleotide biosynthetic process;intracellular signal transduction"
"TGGT1_230860","TGGT1_230860-t26_1","GO:0005737;GO:0034045","cytoplasm;phagophore assembly site membrane","N/A","N/A","GO:0006914","autophagy"
"TGGT1_230920","TGGT1_230920-t26_1","GO:0030131","clathrin adaptor complex","protein binding","GO:0005515","GO:0006886;GO:0016192","intracellular protein transport;vesicle-mediated transport"
"TGGT1_230940","TGGT1_230940-t26_1","N/A","N/A","N/A","N/A","N/A","N/A"
"TGGT1_230980","TGGT1_230980-t26_1","GO:0016459","myosin complex","ATP binding;actin binding;cytoskeletal motor activity;protein binding","GO:0005524;GO:0003779;GO:0003774;GO:0005515","N/A","N/A"
"TGGT1_231070","TGGT1_231070-t26_1","N/A","N/A","ATP binding;protein kinase activity","GO:0005524;GO:0004672","GO:0006468","protein phosphorylation"
"TGGT1_231160","TGGT1_231160-t26_1","N/A","N/A","N/A","N/A","N/A","N/A"
"TGGT1_231750","TGGT1_231750-t26_1","N/A","N/A","N/A","N/A","N/A","N/A"
"TGGT1_231790","TGGT1_231790-t26_1","N/A","N/A","N/A","N/A","N/A","N/A"
"TGGT1_231840","TGGT1_231840-t26_1","N/A","N/A","N/A","N/A","N/A","N/A"
"TGGT1_231940","TGGT1_231940-t26_1","N/A","N/A","catalytic activity;ubiquitin-like modifier activating enzyme activity","GO:0003824;GO:0008641","N/A","N/A"
"TGGT1_231960","TGGT1_231960-t26_1","N/A","N/A","N/A","N/A","N/A","N/A"
"TGGT1_231970","TGGT1_231970-t26_1","GO:0005681","spliceosomal complex","RNA binding;U5 snRNA binding;U6 snRNA binding;protein binding","GO:0003723;GO:0030623;GO:0017070;GO:0005515","GO:0000398","mRNA splicing, via spliceosome"
"TGGT1_232020","TGGT1_232020-t26_1","GO:0016021","integral component of membrane","N/A","N/A","N/A","N/A"
"TGGT1_232030","TGGT1_232030-t26_1","N/A","N/A","N/A","N/A","N/A","N/A"
"TGGT1_232130","TGGT1_232130-t26_1","N/A","N/A","protein binding","GO:0005515","N/A","N/A"
"TGGT1_232150","TGGT1_232150-t26_1","N/A","N/A","N/A","N/A","N/A","N/A"
"TGGT1_232350","TGGT1_232350-t26_1","GO:0005737;GO:0070258","cytoplasm;inner membrane pellicle complex","L-lactate dehydrogenase activity;catalytic activity;oxidoreductase activity;oxidoreductase activity, acting on the CH-OH group of donors, NAD or NADP as acceptor","GO:0004459;GO:0003824;GO:0016491;GO:0016616","GO:0005975;GO:0019752;GO:0055114","carbohydrate metabolic process;carboxylic acid metabolic process;obsolete oxidation-reduction process"
"TGGT1_232410","TGGT1_232410-t26_1","N/A","N/A","protein-disulfide reductase (NAD(P)) activity","GO:0047134","N/A","N/A"
"TGGT1_232430","TGGT1_232430-t26_1","N/A","N/A","N/A","N/A","N/A","N/A"
"TGGT1_232500","TGGT1_232500-t26_1","N/A","N/A","N/A","N/A","N/A","N/A"
"TGGT1_232560","TGGT1_232560-t26_1","N/A","N/A","N/A","N/A","N/A","N/A"
"TGGT1_232780","TGGT1_232780-t26_1","N/A","N/A","N/A","N/A","N/A","N/A"
"TGGT1_232830","TGGT1_232830-t26_1","GO:0016021;GO:0033179;GO:0033177;GO:0000220","integral component of membrane;proton-transporting V-type ATPase, V0 domain;proton-transporting two-sector ATPase complex, proton-transporting domain;vacuolar proton-transporting V-type ATPase, V0 domain","proton transmembrane transporter activity","GO:0015078","GO:1902600","proton transmembrane transport"
"TGGT1_233010","TGGT1_233010-t26_1","N/A","N/A","ATP binding;MAP kinase activity;protein kinase activity","GO:0005524;GO:0004707;GO:0004672","GO:0006468","protein phosphorylation"
"TGGT1_233450","TGGT1_233450-t26_1","GO:0016021;GO:0016020;GO:0005886","integral component of membrane;membrane;plasma membrane","N/A","N/A","N/A","N/A"
"TGGT1_233460","TGGT1_233460-t26_1","GO:0016020;GO:0005886","membrane;plasma membrane","N/A","N/A","N/A","N/A"
"TGGT1_234270","TGGT1_234270-t26_1","N/A","N/A","N/A","N/A","N/A","N/A"
"TGGT1_234380","TGGT1_234380-t26_1","N/A","N/A","N/A","N/A","N/A","N/A"
"TGGT1_235130","TGGT1_235130-t26_1","GO:0016021","integral component of membrane","N/A","N/A","N/A","N/A"
"TGGT1_235340","TGGT1_235340-t26_1","N/A","N/A","N/A","N/A","N/A","N/A"
"TGGT1_235380","TGGT1_235380-t26_1","N/A","N/A","N/A","N/A","N/A","N/A"
"TGGT1_235420","TGGT1_235420-t26_1","N/A","N/A","N/A","N/A","N/A","N/A"
"TGGT1_235690","TGGT1_235690-t26_1","N/A","N/A","N/A","N/A","N/A","N/A"
"TGGT1_236240","TGGT1_236240-t26_1","N/A","N/A","ATP binding;MAP kinase kinase kinase activity;protein kinase activity","GO:0005524;GO:0004709;GO:0004672","GO:0006468","protein phosphorylation"
"TGGT1_236250","TGGT1_236250-t26_1","N/A","N/A","N/A","N/A","N/A","N/A"
"TGGT1_236870","TGGT1_236870-t26_1","GO:0016021","integral component of membrane","N/A","N/A","N/A","N/A"
"TGGT1_236920","TGGT1_236920-t26_1","GO:0008541","proteasome regulatory particle, lid subcomplex","N/A","N/A","GO:0006406;GO:0043248","mRNA export from nucleus;proteasome assembly"
"TGGT1_236950","TGGT1_236950-t26_1","N/A","N/A","N/A","N/A","N/A","N/A"
"TGGT1_237015","TGGT1_237015-t26_1","GO:0016021","integral component of membrane","N/A","N/A","N/A","N/A"
"TGGT1_237280","TGGT1_237280-t26_1","GO:0005622","intracellular anatomical structure","GTPase activator activity","GO:0005096","GO:0043087","regulation of GTPase activity"
"TGGT1_237820","TGGT1_237820-t26_1","N/A","N/A","N/A","N/A","N/A","N/A"
"TGGT1_237860","TGGT1_237860-t26_1","N/A","N/A","ATP binding;calcium ion binding;myosin light chain kinase activity;protein kinase activity","GO:0005524;GO:0005509;GO:0004687;GO:0004672","GO:0006468","protein phosphorylation"
"TGGT1_237880","TGGT1_237880-t26_1","N/A","N/A","N/A","N/A","N/A","N/A"
"TGGT1_237890","TGGT1_237890-t26_1","N/A","N/A","ATP binding;calcium ion binding;myosin light chain kinase activity;nucleic acid binding;protein kinase activity","GO:0005524;GO:0005509;GO:0004687;GO:0003676;GO:0004672","GO:0006468","protein phosphorylation"
"TGGT1_237894","TGGT1_237894-t26_1","N/A","N/A","peptidase activity","GO:0008233","N/A","N/A"
"TGGT1_238170","TGGT1_238170-t26_1","N/A","N/A","N/A","N/A","N/A","N/A"
"TGGT1_238895","TGGT1_238895-t26_1","N/A","N/A","N/A","N/A","N/A","N/A"
"TGGT1_238940","TGGT1_238940-t26_1","N/A","N/A","GDP-mannose 4,6-dehydratase activity;catalytic activity;dTDP-4-dehydrorhamnose reductase activity;obsolete coenzyme binding","GO:0008446;GO:0003824;GO:0008831;GO:0050662","GO:0019673;GO:0044237;GO:0045226","GDP-mannose metabolic process;cellular metabolic process;extracellular polysaccharide biosynthetic process"
"TGGT1_239010","TGGT1_239010-t26_1","N/A","N/A","N/A","N/A","N/A","N/A"
"TGGT1_239130","TGGT1_239130-t26_1","N/A","N/A","ATP binding;MAP kinase kinase kinase activity;protein binding;protein kinase activity","GO:0005524;GO:0004709;GO:0005515;GO:0004672","GO:0006468","protein phosphorylation"
"TGGT1_239300","TGGT1_239300-t26_1","N/A","N/A","N/A","N/A","N/A","N/A"
"TGGT1_239440","TGGT1_239440-t26_1","N/A","N/A","ATP binding;cyclin-dependent protein serine/threonine kinase activity;protein kinase activity","GO:0005524;GO:0004693;GO:0004672","GO:0006468","protein phosphorylation"
"TGGT1_239560","TGGT1_239560-t26_1","GO:0016459","myosin complex","ATP binding;actin binding;cytoskeletal motor activity","GO:0005524;GO:0003779;GO:0003774","N/A","N/A"
"TGGT1_239600","TGGT1_239600-t26_1","N/A","N/A","ATP binding;protein kinase activity","GO:0005524;GO:0004672","GO:0006468","protein phosphorylation"
"TGGT1_239830","TGGT1_239830-t26_1","GO:0005622","intracellular anatomical structure","GTPase activator activity","GO:0005096","GO:0043087","regulation of GTPase activity"
"TGGT1_240060","TGGT1_240060-t26_1","N/A","N/A","N/A","N/A","N/A","N/A"
"TGGT1_240090","TGGT1_240090-t26_1","N/A","N/A","ATP binding;G protein-coupled receptor kinase activity;protein kinase activity","GO:0005524;GO:0004703;GO:0004672","GO:0006468","protein phosphorylation"
"TGGT1_240280","TGGT1_240280-t26_1","GO:0016021","integral component of membrane","endonuclease activity;hydrolase activity, acting on ester bonds;nucleic acid binding","GO:0004519;GO:0016788;GO:0003676","GO:0006308","DNA catabolic process"
"TGGT1_240380","TGGT1_240380-t26_1","N/A","N/A","protein binding","GO:0005515","N/A","N/A"
"TGGT1_240390","TGGT1_240390-t26_1","N/A","N/A","ATP binding;calcium ion binding;myosin light chain kinase activity;protein kinase activity","GO:0005524;GO:0005509;GO:0004687;GO:0004672","GO:0006468","protein phosphorylation"
"TGGT1_240510","TGGT1_240510-t26_1","N/A","N/A","N/A","N/A","N/A","N/A"
"TGGT1_240630","TGGT1_240630-t26_1","GO:0016020","membrane","ATP binding;calmodulin-dependent protein kinase activity;phosphotransferase activity, alcohol group as acceptor;protein kinase activity","GO:0005524;GO:0004683;GO:0016773;GO:0004672","GO:0009103;GO:0006468","lipopolysaccharide biosynthetic process;protein phosphorylation"
"TGGT1_240640","TGGT1_240640-t26_1","N/A","N/A","ATP binding;protein kinase activity;protein serine/threonine kinase activity","GO:0005524;GO:0004672;GO:0004674","GO:0006468","protein phosphorylation"
"TGGT1_240870","TGGT1_240870-t26_1","GO:0030131;GO:0030117","clathrin adaptor complex;membrane coat","clathrin binding;protein binding","GO:0030276;GO:0005515","GO:0006886;GO:0015031;GO:0016192","intracellular protein transport;protein transport;vesicle-mediated transport"
"TGGT1_240910","TGGT1_240910-t26_1","N/A","N/A","N/A","N/A","N/A","N/A"
"TGGT1_241240","TGGT1_241240-t26_1","N/A","N/A","N/A","N/A","N/A","N/A"
"TGGT1_241610","TGGT1_241610-t26_1","N/A","N/A","N/A","N/A","N/A","N/A"
"TGGT1_242070","TGGT1_242070-t26_1","GO:0005952","cAMP-dependent protein kinase complex","cAMP binding;cAMP-dependent protein kinase regulator activity;cGMP-dependent protein kinase activity","GO:0030552;GO:0008603;GO:0004692","GO:0001932","regulation of protein phosphorylation"
"TGGT1_242240","TGGT1_242240-t26_1","N/A","N/A","ATP binding;protein kinase activity;protein serine/threonine kinase activity","GO:0005524;GO:0004672;GO:0004674","GO:0006468","protein phosphorylation"
"TGGT1_242320","TGGT1_242320-t26_1","GO:0005622","intracellular anatomical structure","zinc ion binding","GO:0008270","N/A","N/A"
"TGGT1_242400","TGGT1_242400-t26_1","N/A","N/A","ATP binding;calcium ion binding;calmodulin-dependent protein kinase activity;protein kinase activity","GO:0005524;GO:0005509;GO:0004683;GO:0004672","GO:0006468","protein phosphorylation"
"TGGT1_242720","TGGT1_242720-t26_1","GO:0005794;GO:0016021","Golgi apparatus;integral component of membrane","aspartic-type endopeptidase activity","GO:0004190","GO:0006508","proteolysis"
"TGGT1_242780","TGGT1_242780-t26_1","N/A","N/A","N/A","N/A","N/A","N/A"
"TGGT1_242820","TGGT1_242820-t26_1","N/A","N/A","N/A","N/A","N/A","N/A"
"TGGT1_243200","TGGT1_243200-t26_1","N/A","N/A","N/A","N/A","N/A","N/A"
"TGGT1_243298","TGGT1_243298-t26_1","N/A","N/A","cysteine-type endopeptidase activity;peptidase activity","GO:0004197;GO:0008233","GO:0006508","proteolysis"
"TGGT1_243340","TGGT1_243340-t26_1","N/A","N/A","ATP binding;calmodulin-dependent protein kinase activity;protein kinase activity","GO:0005524;GO:0004683;GO:0004672","GO:0006468","protein phosphorylation"
"TGGT1_243430","TGGT1_243430-t26_1","N/A","N/A","peptidase activity","GO:0008233","N/A","N/A"
"TGGT1_243440","TGGT1_243440-t26_1","GO:0005634","nucleus","N-acetyltransferase activity;histone acetyltransferase activity;protein binding","GO:0008080;GO:0004402;GO:0005515","N/A","N/A"
"TGGT1_243510","TGGT1_243510-t26_1","N/A","N/A","peptidase activity","GO:0008233","N/A","N/A"
"TGGT1_243545","TGGT1_243545-t26_1","N/A","N/A","N/A","N/A","N/A","N/A"
"TGGT1_243750","TGGT1_243750-t26_1","N/A","N/A","protein binding","GO:0005515","N/A","N/A"
"TGGT1_243930","TGGT1_243930-t26_1","N/A","N/A","N/A","N/A","N/A","N/A"
"TGGT1_244440","TGGT1_244440-t26_1","GO:0016021","integral component of membrane","nucleoside transmembrane transporter activity","GO:0005337","GO:1901642;GO:0006810","nucleoside transmembrane transport;transport"
"TGGT1_244530","TGGT1_244530-t26_1","N/A","N/A","N/A","N/A","N/A","N/A"
"TGGT1_244620","TGGT1_244620-t26_1","N/A","N/A","ATP binding;MAP kinase kinase kinase activity;protein kinase activity","GO:0005524;GO:0004709;GO:0004672","GO:0006468","protein phosphorylation"
"TGGT1_245450","TGGT1_245450-t26_1","N/A","N/A","N/A","N/A","N/A","N/A"
"TGGT1_245640","TGGT1_245640-t26_1","N/A","N/A","N/A","N/A","N/A","N/A"
"TGGT1_245710","TGGT1_245710-t26_1","N/A","N/A","histone-lysine N-methyltransferase activity;kinase activity","GO:0018024;GO:0016301","N/A","N/A"
"TGGT1_246110","TGGT1_246110-t26_1","N/A","N/A","N/A","N/A","N/A","N/A"
"TGGT1_246190","TGGT1_246190-t26_1","N/A","N/A","N/A","N/A","N/A","N/A"
"TGGT1_246490","TGGT1_246490-t26_1","GO:0016021","integral component of membrane","N/A","N/A","N/A","N/A"
"TGGT1_246560","TGGT1_246560-t26_1","GO:0016471","vacuolar proton-transporting V-type ATPase complex","ATPase-coupled transmembrane transporter activity","GO:0042626","GO:1902600","proton transmembrane transport"
"TGGT1_246650","TGGT1_246650-t26_1","GO:0016021","integral component of membrane","palmitoyltransferase activity;protein-cysteine S-palmitoyltransferase activity;zinc ion binding","GO:0016409;GO:0019706;GO:0008270","N/A","N/A"
"TGGT1_246720","TGGT1_246720-t26_1","N/A","N/A","N/A","N/A","N/A","N/A"
"TGGT1_246930","TGGT1_246930-t26_1","GO:0045177;GO:0070258","apical part of cell;inner membrane pellicle complex","calcium ion binding","GO:0005509","N/A","N/A"
"TGGT1_246940","TGGT1_246940-t26_1","N/A","N/A","N/A","N/A","N/A","N/A"
"TGGT1_246950","TGGT1_246950-t26_1","N/A","N/A","N/A","N/A","N/A","N/A"
"TGGT1_247230","TGGT1_247230-t26_1","N/A","N/A","NAD(P)H oxidase H2O2-forming activity;calcium ion binding","GO:0016174;GO:0005509","N/A","N/A"
"TGGT1_247440","TGGT1_247440-t26_1","GO:0016021","integral component of membrane","N/A","N/A","N/A","N/A"
"TGGT1_247520","TGGT1_247520-t26_1","N/A","N/A","N/A","N/A","N/A","N/A"
"TGGT1_247710","TGGT1_247710-t26_1","N/A","N/A","ATP binding;protein kinase activity","GO:0005524;GO:0004672","GO:0006468","protein phosphorylation"
"TGGT1_248300","TGGT1_248300-t26_1","GO:0016021","integral component of membrane","N/A","N/A","N/A","N/A"
"TGGT1_248640","TGGT1_248640-t26_1","N/A","N/A","N/A","N/A","N/A","N/A"
"TGGT1_248700","TGGT1_248700-t26_1","N/A","N/A","N/A","N/A","N/A","N/A"
"TGGT1_248740","TGGT1_248740-t26_1","N/A","N/A","N/A","N/A","N/A","N/A"
"TGGT1_248840","TGGT1_248840-t26_1","GO:0016021","integral component of membrane","transmembrane transporter activity","GO:0022857","GO:0055085","transmembrane transport"
"TGGT1_249260","TGGT1_249260-t26_1","N/A","N/A","ATP binding;MAP kinase activity;cyclin-dependent protein serine/threonine kinase activity;protein kinase activity","GO:0005524;GO:0004707;GO:0004693;GO:0004672","GO:0006468","protein phosphorylation"
"TGGT1_249380","TGGT1_249380-t26_1","GO:0016021","integral component of membrane","palmitoyltransferase activity;protein-cysteine S-palmitoyltransferase activity;zinc ion binding","GO:0016409;GO:0019706;GO:0008270","N/A","N/A"
"TGGT1_249440","TGGT1_249440-t26_1","N/A","N/A","N/A","N/A","N/A","N/A"
"TGGT1_249470","TGGT1_249470-t26_1","N/A","N/A","ATP binding;protein kinase activity","GO:0005524;GO:0004672","GO:0006468","protein phosphorylation"
"TGGT1_249480","TGGT1_249480-t26_1","N/A","N/A","protein binding","GO:0005515","N/A","N/A"
"TGGT1_249730","TGGT1_249730-t26_1","N/A","N/A","N/A","N/A","N/A","N/A"
"TGGT1_249820","TGGT1_249820-t26_1","GO:0016021","integral component of membrane","ABC-type beta-glucan transporter activity;ABC-type xenobiotic transporter activity;ATP binding;ATP hydrolysis activity;ATPase-coupled transmembrane transporter activity","GO:0015441;GO:0008559;GO:0005524;GO:0016887;GO:0042626","GO:0055085;GO:0006810","transmembrane transport;transport"
"TGGT1_249970","TGGT1_249970-t26_1","N/A","N/A","N/A","N/A","N/A","N/A"
"TGGT1_249990","TGGT1_249990-t26_1","N/A","N/A","N/A","N/A","N/A","N/A"
"TGGT1_250340","TGGT1_250340-t26_1","GO:0045177;GO:0005737","apical part of cell;cytoplasm","calcium ion binding","GO:0005509","N/A","N/A"
"TGGT1_250680","TGGT1_250680-t26_1","GO:0005622","intracellular anatomical structure","ATP binding;GTPase activator activity;protein kinase activity","GO:0005524;GO:0005096;GO:0004672","GO:0006468;GO:0043087","protein phosphorylation;regulation of GTPase activity"
"TGGT1_250820","TGGT1_250820-t26_1","N/A","N/A","N/A","N/A","N/A","N/A"
"TGGT1_250840","TGGT1_250840-t26_1","N/A","N/A","N/A","N/A","N/A","N/A"
"TGGT1_250850","TGGT1_250850-t26_1","N/A","N/A","ATP binding;MAP kinase activity;protein kinase activity;protein serine/threonine/tyrosine kinase activity","GO:0005524;GO:0004707;GO:0004672;GO:0004712","GO:0006468","protein phosphorylation"
"TGGT1_250870","TGGT1_250870-t26_1","GO:0016021","integral component of membrane","palmitoyltransferase activity;protein-cysteine S-palmitoyltransferase activity;zinc ion binding","GO:0016409;GO:0019706;GO:0008270","N/A","N/A"
"TGGT1_250880","TGGT1_250880-t26_1","N/A","N/A","adenosine kinase activity;phosphotransferase activity, alcohol group as acceptor","GO:0004001;GO:0016773","GO:0006166","purine ribonucleoside salvage"
"TGGT1_251630","TGGT1_251630-t26_1","GO:0016021","integral component of membrane","cation transmembrane transporter activity","GO:0008324","GO:0006812;GO:0055085","cation transport;transmembrane transport"
"TGGT1_251850","TGGT1_251850-t26_1","N/A","N/A","calcium ion binding;hydrolase activity;phosphoprotein phosphatase activity;protein binding","GO:0005509;GO:0016787;GO:0004721;GO:0005515","N/A","N/A"
"TGGT1_252200","TGGT1_252200-t26_1","GO:0016021","integral component of membrane","palmitoyltransferase activity;protein-cysteine S-palmitoyltransferase activity;zinc ion binding","GO:0016409;GO:0019706;GO:0008270","N/A","N/A"
"TGGT1_252290","TGGT1_252290-t26_1","GO:0005737;GO:0042025;GO:0005634","cytoplasm;host cell nucleus;nucleus","nuclear import signal receptor activity;obsolete protein transporter activity;protein binding","GO:0061608;GO:0008565;GO:0005515","GO:0006606","protein import into nucleus"
"TGGT1_252360","TGGT1_252360-t26_1","N/A","N/A","ATP binding;calmodulin-dependent protein kinase activity;protein kinase activity","GO:0005524;GO:0004683;GO:0004672","GO:0006468","protein phosphorylation"
"TGGT1_252500","TGGT1_252500-t26_1","N/A","N/A","ATP binding;protein kinase activity","GO:0005524;GO:0004672","GO:0006468","protein phosphorylation"
"TGGT1_253170","TGGT1_253170-t26_1","GO:0016021","integral component of membrane","metallocarboxypeptidase activity;zinc ion binding","GO:0004181;GO:0008270","GO:0006508","proteolysis"
"TGGT1_253330","TGGT1_253330-t26_1","N/A","N/A","ATP binding;protein kinase activity","GO:0005524;GO:0004672","N/A","N/A"
"TGGT1_253360","TGGT1_253360-t26_1","GO:0016021","integral component of membrane","N/A","N/A","N/A","N/A"
"TGGT1_253370","TGGT1_253370-t26_1","N/A","N/A","N/A","N/A","N/A","N/A"
"TGGT1_253440","TGGT1_253440-t26_1","N/A","N/A","ATP binding;protein kinase activity;protein serine/threonine/tyrosine kinase activity","GO:0005524;GO:0004672;GO:0004712","GO:0006468","protein phosphorylation"
"TGGT1_253600","TGGT1_253600-t26_1","N/A","N/A","N/A","N/A","N/A","N/A"
"TGGT1_253900","TGGT1_253900-t26_1","N/A","N/A","catalytic activity;metal ion binding;porphobilinogen synthase activity","GO:0003824;GO:0046872;GO:0004655","GO:0006779;GO:0033014","porphyrin-containing compound biosynthetic process;tetrapyrrole biosynthetic process"
"TGGT1_254000","TGGT1_254000-t26_1","N/A","N/A","N/A","N/A","N/A","N/A"
"TGGT1_254190","TGGT1_254190-t26_1","GO:0016020","membrane","ATP binding;catalytic activity;myosin light chain kinase activity;phosphotransferase activity, alcohol group as acceptor;protein kinase activity","GO:0005524;GO:0003824;GO:0004687;GO:0016773;GO:0004672","GO:0009103;GO:0006468","lipopolysaccharide biosynthetic process;protein phosphorylation"
"TGGT1_254250","TGGT1_254250-t26_1","GO:0005758","mitochondrial intermembrane space","N/A","N/A","N/A","N/A"
"TGGT1_254370","TGGT1_254370-t26_1","GO:0016021","integral component of membrane","ATP binding;ATPase-coupled intramembrane lipid transporter activity;catalytic activity;guanylate cyclase activity;hydrolase activity;magnesium ion binding;metal ion binding;nucleotide binding;phosphorus-oxygen lyase activity","GO:0005524;GO:0140326;GO:0003824;GO:0004383;GO:0016787;GO:0000287;GO:0046872;GO:0000166;GO:0016849","GO:0009190;GO:0035556;GO:0008152;GO:0015914","cyclic nucleotide biosynthetic process;intracellular signal transduction;metabolic process;phospholipid transport"
"TGGT1_254470","TGGT1_254470-t26_1","GO:0016021","integral component of membrane","N/A","N/A","N/A","N/A"
"TGGT1_254555","TGGT1_254555-t26_1","GO:0005737;GO:0005634","cytoplasm;nucleus","N-acetyltransferase activity;histone acetyltransferase activity;protein binding","GO:0008080;GO:0004402;GO:0005515","N/A","N/A"
"TGGT1_254580","TGGT1_254580-t26_1","GO:0016021;GO:0016020","integral component of membrane;membrane","N/A","N/A","GO:0055085","transmembrane transport"
"TGGT1_254630","TGGT1_254630-t26_1","N/A","N/A","ATP binding;RNA polymerase II CTD heptapeptide repeat kinase activity;protein kinase activity","GO:0005524;GO:0008353;GO:0004672","GO:0006468","protein phosphorylation"
"TGGT1_254770","TGGT1_254770-t26_1","N/A","N/A","hydrolase activity","GO:0016787","N/A","N/A"
"TGGT1_254870","TGGT1_254870-t26_1","N/A","N/A","N/A","N/A","N/A","N/A"
"TGGT1_255260","TGGT1_255260-t26_1","GO:0045177;GO:0070258;GO:0016021;GO:0016020","apical part of cell;inner membrane pellicle complex;integral component of membrane;membrane","N/A","N/A","GO:0009405","obsolete pathogenesis"
"TGGT1_255420","TGGT1_255420-t26_1","N/A","N/A","N/A","N/A","N/A","N/A"
"TGGT1_255450","TGGT1_255450-t26_1","N/A","N/A","N/A","N/A","N/A","N/A"
"TGGT1_255635","TGGT1_255635-t26_1","GO:0000127","transcription factor TFIIIC complex","N/A","N/A","GO:0006384","transcription initiation from RNA polymerase III promoter"
"TGGT1_255650","TGGT1_255650-t26_1","GO:0016021","integral component of membrane","palmitoyltransferase activity;protein-cysteine S-palmitoyltransferase activity;zinc ion binding","GO:0016409;GO:0019706;GO:0008270","N/A","N/A"
"TGGT1_255710","TGGT1_255710-t26_1","GO:0016020","membrane","ATP binding;calmodulin-dependent protein kinase activity;phosphotransferase activity, alcohol group as acceptor;protein kinase activity","GO:0005524;GO:0004683;GO:0016773;GO:0004672","GO:0009103;GO:0006468","lipopolysaccharide biosynthetic process;protein phosphorylation"
"TGGT1_255895","TGGT1_255895-t26_1","N/A","N/A","N/A","N/A","N/A","N/A"
"TGGT1_256000","TGGT1_256000-t26_1","GO:0045177;GO:0005783;GO:0016021","apical part of cell;endoplasmic reticulum;integral component of membrane","ER retention sequence binding","GO:0046923","GO:0006621","protein retention in ER lumen"
"TGGT1_256030","TGGT1_256030-t26_1","N/A","N/A","N/A","N/A","GO:0035556","intracellular signal transduction"
"TGGT1_256070","TGGT1_256070-t26_1","N/A","N/A","ATP binding;RNA polymerase II CTD heptapeptide repeat kinase activity;protein kinase activity","GO:0005524;GO:0008353;GO:0004672","GO:0006468","protein phosphorylation"
"TGGT1_257070","TGGT1_257070-t26_1","N/A","N/A","N/A","N/A","N/A","N/A"
"TGGT1_257120","TGGT1_257120-t26_1","GO:0016021;GO:0016020","integral component of membrane;membrane","transmembrane transporter activity","GO:0022857","GO:0008643;GO:0055085","carbohydrate transport;transmembrane transport"
"TGGT1_257370","TGGT1_257370-t26_1","N/A","N/A","N/A","N/A","N/A","N/A"
"TGGT1_257470","TGGT1_257470-t26_1","GO:0016459","myosin complex","ATP binding;actin binding;cytoskeletal motor activity","GO:0005524;GO:0003779;GO:0003774","N/A","N/A"
"TGGT1_257530","TGGT1_257530-t26_1","GO:0016021","integral component of membrane","transmembrane transporter activity","GO:0022857","GO:0055085","transmembrane transport"
"TGGT1_257680","TGGT1_257680-t26_1","GO:0005737;GO:0070258;GO:0005886","cytoplasm;inner membrane pellicle complex;plasma membrane","calcium ion binding","GO:0005509","N/A","N/A"
"TGGT1_258010","TGGT1_258010-t26_1","N/A","N/A","ATP binding;myosin light chain kinase activity;protein kinase activity","GO:0005524;GO:0004687;GO:0004672","GO:0006468","protein phosphorylation"
"TGGT1_258060","TGGT1_258060-t26_1","N/A","N/A","N/A","N/A","N/A","N/A"
"TGGT1_258090","TGGT1_258090-t26_1","N/A","N/A","N/A","N/A","N/A","N/A"
"TGGT1_258225","TGGT1_258225-t26_1","N/A","N/A","N/A","N/A","N/A","N/A"
"TGGT1_258230","TGGT1_258230-t26_1","N/A","N/A","ATP binding;protein kinase activity","GO:0005524;GO:0004672","GO:0006468","protein phosphorylation"
"TGGT1_258370","TGGT1_258370-t26_1","N/A","N/A","ATP binding;protein kinase activity","GO:0005524;GO:0004672","GO:0006468","protein phosphorylation"
"TGGT1_258380","TGGT1_258380-t26_1","GO:0005737","cytoplasm","translation elongation factor activity","GO:0003746","GO:0043043;GO:0006414","peptide biosynthetic process;translational elongation"
"TGGT1_258450","TGGT1_258450-t26_1","N/A","N/A","N/A","N/A","N/A","N/A"
"TGGT1_258470","TGGT1_258470-t26_1","N/A","N/A","N/A","N/A","N/A","N/A"
"TGGT1_258580","TGGT1_258580-t26_1","N/A","N/A","ATP binding;protein kinase activity","GO:0005524;GO:0004672","GO:0006468","protein phosphorylation"
"TGGT1_258780","TGGT1_258780-t26_1","N/A","N/A","peptidase activity","GO:0008233","N/A","N/A"
"TGGT1_258800","TGGT1_258800-t26_1","N/A","N/A","ATP binding;calmodulin-dependent protein kinase activity;protein kinase activity","GO:0005524;GO:0004683;GO:0004672","GO:0006468","protein phosphorylation"
"TGGT1_258900","TGGT1_258900-t26_1","N/A","N/A","protein binding","GO:0005515","N/A","N/A"
"TGGT1_258970","TGGT1_258970-t26_1","N/A","N/A","N/A","N/A","N/A","N/A"
"TGGT1_259020","TGGT1_259020-t26_1","GO:0005737;GO:0005886","cytoplasm;plasma membrane","N/A","N/A","N/A","N/A"
"TGGT1_259260","TGGT1_259260-t26_1","GO:0020011;GO:0016021","apicoplast;integral component of membrane","ATP binding;ATP hydrolysis activity;metalloendopeptidase activity;microtubule-severing ATPase activity","GO:0005524;GO:0016887;GO:0004222;GO:0008568","GO:0006508","proteolysis"
"TGGT1_259520","TGGT1_259520-t26_1","GO:0000940;GO:0005876","outer kinetochore;spindle microtubule","microtubule binding","GO:0008017","GO:0051301;GO:0007059","cell division;chromosome segregation"
"TGGT1_259640","TGGT1_259640-t26_1","GO:0005643","nuclear pore","structural constituent of nuclear pore","GO:0017056","GO:0006913;GO:0006810","nucleocytoplasmic transport;transport"
"TGGT1_259660","TGGT1_259660-t26_1","N/A","N/A","orotate phosphoribosyltransferase activity","GO:0004588","GO:0009116;GO:0006221","nucleoside metabolic process;pyrimidine nucleotide biosynthetic process"
"TGGT1_259690","TGGT1_259690-t26_1","N/A","N/A","catalytic activity;glycosyltransferase activity;orotidine-5'-phosphate decarboxylase activity","GO:0003824;GO:0016757;GO:0004590","GO:0006207;GO:0006221","'de novo' pyrimidine nucleobase biosynthetic process;pyrimidine nucleotide biosynthetic process"
"TGGT1_259720","TGGT1_259720-t26_1","N/A","N/A","N/A","N/A","N/A","N/A"
"TGGT1_260420","TGGT1_260420-t26_1","GO:0031262;GO:0005623","Ndc80 complex;obsolete cell","N/A","N/A","GO:0051315","attachment of mitotic spindle microtubules to kinetochore"
"TGGT1_260510","TGGT1_260510-t26_1","GO:0016021","integral component of membrane","N/A","N/A","N/A","N/A"
"TGGT1_260820","TGGT1_260820-t26_1","N/A","N/A","N/A","N/A","N/A","N/A"
"TGGT1_261200","TGGT1_261200-t26_1","GO:0005622","intracellular anatomical structure","GTPase activator activity","GO:0005096","GO:0043087","regulation of GTPase activity"
"TGGT1_261370","TGGT1_261370-t26_1","N/A","N/A","protein binding","GO:0005515","N/A","N/A"
"TGGT1_261720","TGGT1_261720-t26_1","GO:0016021;GO:0016020","integral component of membrane;membrane","metal ion transmembrane transporter activity","GO:0046873","GO:0030001;GO:0055085","metal ion transport;transmembrane transport"
"TGGT1_261740","TGGT1_261740-t26_1","N/A","N/A","N/A","N/A","N/A","N/A"
"TGGT1_261780","TGGT1_261780-t26_1","GO:0045177;GO:0016021","apical part of cell;integral component of membrane","calcium ion binding","GO:0005509","N/A","N/A"
"TGGT1_262000","TGGT1_262000-t26_1","N/A","N/A","DNA-binding transcription factor activity","GO:0003700","GO:0006355","regulation of transcription, DNA-templated"
"TGGT1_262010","TGGT1_262010-t26_1","GO:0045177;GO:0070258","apical part of cell;inner membrane pellicle complex","calcium ion binding","GO:0005509","N/A","N/A"
"TGGT1_262050","TGGT1_262050-t26_1","GO:0016020","membrane","ATP binding;myosin light chain kinase activity;phosphotransferase activity, alcohol group as acceptor;protein kinase activity","GO:0005524;GO:0004687;GO:0016773;GO:0004672","GO:0009103;GO:0006468","lipopolysaccharide biosynthetic process;protein phosphorylation"
"TGGT1_262150","TGGT1_262150-t26_1","GO:0016020;GO:0008076","membrane;voltage-gated potassium channel complex","protein binding;voltage-gated potassium channel activity","GO:0005515;GO:0005249","GO:0006813;GO:0051260","potassium ion transport;protein homooligomerization"
"TGGT1_262530","TGGT1_262530-t26_1","N/A","N/A","protein binding","GO:0005515","N/A","N/A"
"TGGT1_262710","TGGT1_262710-t26_1","GO:0016021","integral component of membrane","copper ion transmembrane transporter activity","GO:0005375","GO:0035434","copper ion transmembrane transport"
"TGGT1_262730","TGGT1_262730-t26_1","GO:0045177","apical part of cell","ATP binding;protein kinase activity","GO:0005524;GO:0004672","GO:0006468","protein phosphorylation"
"TGGT1_262920","TGGT1_262920-t26_1","N/A","N/A","serine-type endopeptidase activity","GO:0004252","GO:0006508","proteolysis"
"TGGT1_263070","TGGT1_263070-t26_1","N/A","N/A","ATP binding;RNA polymerase II CTD heptapeptide repeat kinase activity;protein kinase activity","GO:0005524;GO:0008353;GO:0004672","GO:0006468","protein phosphorylation"
"TGGT1_263080","TGGT1_263080-t26_1","N/A","N/A","N/A","N/A","N/A","N/A"
"TGGT1_263130","TGGT1_263130-t26_1","N/A","N/A","2-methylcitrate synthase activity;acyltransferase, acyl groups converted into alkyl on transfer","GO:0050440;GO:0046912","GO:0044262","cellular carbohydrate metabolic process"
"TGGT1_263180","TGGT1_263180-t26_1","GO:0016459","myosin complex","ATP binding;actin binding;cytoskeletal motor activity","GO:0005524;GO:0003779;GO:0003774","N/A","N/A"
"TGGT1_263220","TGGT1_263220-t26_1","N/A","N/A","ATP binding;calmodulin-dependent protein kinase activity;protein kinase activity","GO:0005524;GO:0004683;GO:0004672","GO:0006468","protein phosphorylation"
"TGGT1_263290","TGGT1_263290-t26_1","GO:0005794;GO:0016021;GO:0005886","Golgi apparatus;integral component of membrane;plasma membrane","serine-type endopeptidase activity","GO:0004252","GO:0006508","proteolysis"
"TGGT1_263323","TGGT1_263323-t26_1","GO:0016021","integral component of membrane","protein binding","GO:0005515","GO:0000266","mitochondrial fission"
"TGGT1_263380","TGGT1_263380-t26_1","N/A","N/A","phosphatase activity;phosphoprotein phosphatase activity;protein binding","GO:0016791;GO:0004721;GO:0005515","N/A","N/A"
"TGGT1_263440","TGGT1_263440-t26_1","N/A","N/A","N/A","N/A","N/A","N/A"
"TGGT1_263480","TGGT1_263480-t26_1","GO:0016021","integral component of membrane","sodium:proton antiporter activity;solute:proton antiporter activity","GO:0015385;GO:0015299","GO:0006812;GO:0006885;GO:0006814;GO:0055085","cation transport;regulation of pH;sodium ion transport;transmembrane transport"
"TGGT1_263510","TGGT1_263510-t26_1","GO:0005815;GO:0000922","microtubule organizing center;spindle pole","gamma-tubulin binding","GO:0043015","GO:0000226;GO:0007020","microtubule cytoskeleton organization;microtubule nucleation"
"TGGT1_263520","TGGT1_263520-t26_1","N/A","N/A","microtubule binding","GO:0008017","N/A","N/A"
"TGGT1_264050","TGGT1_264050-t26_1","N/A","N/A","acid-amino acid ligase activity;ligase activity;ubiquitin-protein transferase activity","GO:0016881;GO:0016874;GO:0004842","N/A","N/A"
"TGGT1_264960","TGGT1_264960-t26_1","N/A","N/A","N/A","N/A","N/A","N/A"
"TGGT1_264990","TGGT1_264990-t26_1","N/A","N/A","N/A","N/A","N/A","N/A"
"TGGT1_265120","TGGT1_265120-t26_1","GO:0016021","integral component of membrane","N/A","N/A","N/A","N/A"
"TGGT1_265180","TGGT1_265180-t26_1","N/A","N/A","N/A","N/A","N/A","N/A"
"TGGT1_265330","TGGT1_265330-t26_1","N/A","N/A","ATP binding;protein kinase activity;protein serine/threonine kinase activity;tau-protein kinase activity","GO:0005524;GO:0004672;GO:0004674;GO:0050321","GO:0006468","protein phosphorylation"
"TGGT1_265450","TGGT1_265450-t26_1","GO:0005737;GO:0005623","cytoplasm;obsolete cell","ATP binding;glucose binding;hexokinase activity;phosphotransferase activity, alcohol group as acceptor","GO:0005524;GO:0005536;GO:0004396;GO:0016773","GO:0005975;GO:0001678;GO:0006096","carbohydrate metabolic process;cellular glucose homeostasis;glycolytic process"
"TGGT1_265770","TGGT1_265770-t26_1","N/A","N/A","N/A","N/A","N/A","N/A"
"TGGT1_265790","TGGT1_265790-t26_1","GO:0016021","integral component of membrane","N/A","N/A","N/A","N/A"
"TGGT1_266080","TGGT1_266080-t26_1","N/A","N/A","N/A","N/A","N/A","N/A"
"TGGT1_266100","TGGT1_266100-t26_1","N/A","N/A","ATP binding;protein kinase activity;protein serine/threonine kinase activity","GO:0005524;GO:0004672;GO:0004674","GO:0006468","protein phosphorylation"
"TGGT1_266120","TGGT1_266120-t26_1","GO:0020011;GO:0005737;GO:0005739","apicoplast;cytoplasm;mitochondrion","glutathione peroxidase activity;peroxiredoxin activity","GO:0004602;GO:0051920","GO:0055114;GO:0006979","obsolete oxidation-reduction process;response to oxidative stress"
"TGGT1_266320","TGGT1_266320-t26_1","GO:0016021","integral component of membrane","N/A","N/A","N/A","N/A"
"TGGT1_266710","TGGT1_266710-t26_1","N/A","N/A","ATP binding;MAP kinase kinase activity;protein kinase activity","GO:0005524;GO:0004708;GO:0004672","GO:0006468","protein phosphorylation"
"TGGT1_266740","TGGT1_266740-t26_1","N/A","N/A","RNA binding;nucleic acid binding","GO:0003723;GO:0003676","N/A","N/A"
"TGGT1_266800","TGGT1_266800-t26_1","GO:0016021;GO:0005623","integral component of membrane;obsolete cell","manganese ion transmembrane transporter activity","GO:0005384","GO:0030026","cellular manganese ion homeostasis"
"TGGT1_266830","TGGT1_266830-t26_1","GO:0005622","intracellular anatomical structure","ARF guanyl-nucleotide exchange factor activity;GTPase activator activity","GO:0005086;GO:0005096","GO:0032012;GO:0043087","regulation of ARF protein signal transduction;regulation of GTPase activity"
"TGGT1_266910","TGGT1_266910-t26_1","N/A","N/A","ATP binding;RNA polymerase II CTD heptapeptide repeat kinase activity;protein kinase activity","GO:0005524;GO:0008353;GO:0004672","GO:0006468","protein phosphorylation"
"TGGT1_266940","TGGT1_266940-t26_1","GO:0016021","integral component of membrane","palmitoyltransferase activity;zinc ion binding","GO:0016409;GO:0008270","N/A","N/A"
"TGGT1_267370","TGGT1_267370-t26_1","N/A","N/A","ATP binding;microtubule binding;microtubule motor activity","GO:0005524;GO:0008017;GO:0003777","GO:0007018","microtubule-based movement"
"TGGT1_267620","TGGT1_267620-t26_1","GO:0016021","integral component of membrane","N/A","N/A","N/A","N/A"
"TGGT1_267700","TGGT1_267700-t26_1","N/A","N/A","N/A","N/A","N/A","N/A"
"TGGT1_267740","TGGT1_267740-t26_1","GO:0016021","integral component of membrane","N/A","N/A","N/A","N/A"
"TGGT1_268210","TGGT1_268210-t26_1","N/A","N/A","AMP-activated protein kinase activity;ATP binding;cAMP-dependent protein kinase activity;protein kinase activity","GO:0004679;GO:0005524;GO:0004691;GO:0004672","GO:0006468","protein phosphorylation"
"TGGT1_268590","TGGT1_268590-t26_1","GO:0016021;GO:0005886","integral component of membrane;plasma membrane","serine-type endopeptidase activity","GO:0004252","GO:0006508","proteolysis"
"TGGT1_268850","TGGT1_268850-t26_1","GO:0005737;GO:0005634;GO:0000015","cytoplasm;nucleus;phosphopyruvate hydratase complex","magnesium ion binding;phosphopyruvate hydratase activity","GO:0000287;GO:0004634","GO:0006096","glycolytic process"
"TGGT1_268860","TGGT1_268860-t26_1","GO:0005737;GO:0005634;GO:0000015","cytoplasm;nucleus;phosphopyruvate hydratase complex","magnesium ion binding;phosphopyruvate hydratase activity","GO:0000287;GO:0004634","GO:0006096","glycolytic process"
"TGGT1_269150","TGGT1_269150-t26_1","GO:0016021","integral component of membrane","palmitoyltransferase activity;protein-cysteine S-palmitoyltransferase activity;zinc ion binding","GO:0016409;GO:0019706;GO:0008270","N/A","N/A"
"TGGT1_269290","TGGT1_269290-t26_1","N/A","N/A","N/A","N/A","N/A","N/A"
"TGGT1_269330","TGGT1_269330-t26_1","N/A","N/A","N/A","N/A","N/A","N/A"
"TGGT1_269442","TGGT1_269442-t26_1","N/A","N/A","calcium ion binding","GO:0005509","N/A","N/A"
"TGGT1_269460","TGGT1_269460-t26_1","N/A","N/A","calcium ion binding;hydrolase activity;phosphoprotein phosphatase activity","GO:0005509;GO:0016787;GO:0004721","N/A","N/A"
"TGGT1_269700","TGGT1_269700-t26_1","N/A","N/A","RNA polymerase II CTD heptapeptide repeat phosphatase activity;phosphoprotein phosphatase activity;protein binding","GO:0008420;GO:0004721;GO:0005515","GO:0070940","dephosphorylation of RNA polymerase II C-terminal domain"
"TGGT1_269950","TGGT1_269950-t26_1","GO:0005623","obsolete cell","flavin-linked sulfhydryl oxidase activity","GO:0016971","GO:0045454","cell redox homeostasis"
"TGGT1_269960","TGGT1_269960-t26_1","N/A","N/A","N/A","N/A","N/A","N/A"
"TGGT1_270240","TGGT1_270240-t26_1","GO:0020003","symbiont-containing vacuole","N/A","N/A","N/A","N/A"
"TGGT1_270360","TGGT1_270360-t26_1","N/A","N/A","N/A","N/A","N/A","N/A"
"TGGT1_270370","TGGT1_270370-t26_1","GO:0016020","membrane","N/A","N/A","GO:0006886;GO:0015031","intracellular protein transport;protein transport"
"TGGT1_270690","TGGT1_270690-t26_1","N/A","N/A","GTP binding;GTPase activity;aminoacyl-tRNA ligase activity","GO:0005525;GO:0003924;GO:0004812","N/A","N/A"
"TGGT1_270865","TGGT1_270865-t26_1","N/A","N/A","adenylate cyclase activity;phosphorus-oxygen lyase activity","GO:0004016;GO:0016849","GO:0009190;GO:0035556","cyclic nucleotide biosynthetic process;intracellular signal transduction"
"TGGT1_270920","TGGT1_270920-t26_1","N/A","N/A","ATP binding;protein kinase activity","GO:0005524;GO:0004672","GO:0006468","protein phosphorylation"
"TGGT1_271050","TGGT1_271050-t26_1","GO:0016020;GO:0005886","membrane;plasma membrane","N/A","N/A","N/A","N/A"
"TGGT1_271060","TGGT1_271060-t26_1","N/A","N/A","N/A","N/A","GO:0006904;GO:0016192","vesicle docking involved in exocytosis;vesicle-mediated transport"
"TGGT1_271780","TGGT1_271780-t26_1","N/A","N/A","N/A","N/A","N/A","N/A"
"TGGT1_271880","TGGT1_271880-t26_1","GO:0005622","intracellular anatomical structure","zinc ion binding","GO:0008270","N/A","N/A"
"TGGT1_271930","TGGT1_271930-t26_1","N/A","N/A","N/A","N/A","N/A","N/A"
"TGGT1_271960","TGGT1_271960-t26_1","N/A","N/A","N/A","N/A","N/A","N/A"
"TGGT1_272200","TGGT1_272200-t26_1","N/A","N/A","AMP-activated protein kinase activity;ATP binding;cAMP-dependent protein kinase activity;calcium-dependent protein kinase C activity;protein kinase C activity;protein kinase activity","GO:0004679;GO:0005524;GO:0004691;GO:0004698;GO:0004697;GO:0004672","GO:0006468","protein phosphorylation"
"TGGT1_272320","TGGT1_272320-t26_1","GO:0016021","integral component of membrane","palmitoyltransferase activity;protein binding;zinc ion binding","GO:0016409;GO:0005515;GO:0008270","N/A","N/A"
"TGGT1_272460","TGGT1_272460-t26_1","GO:0016021","integral component of membrane","N/A","N/A","N/A","N/A"
"TGGT1_272600","TGGT1_272600-t26_1","GO:0030131;GO:0030117","clathrin adaptor complex;membrane coat","N/A","N/A","GO:0006886;GO:0016192","intracellular protein transport;vesicle-mediated transport"
"TGGT1_273050","TGGT1_273050-t26_1","N/A","N/A","N/A","N/A","N/A","N/A"
"TGGT1_273500","TGGT1_273500-t26_1","N/A","N/A","protein binding;transferase activity","GO:0005515;GO:0016740","N/A","N/A"
"TGGT1_273540","TGGT1_273540-t26_1","GO:0016021","integral component of membrane","N/A","N/A","GO:0006659","phosphatidylserine biosynthetic process"
"TGGT1_273560","TGGT1_273560-t26_1","N/A","N/A","ATP binding;microtubule binding;microtubule motor activity","GO:0005524;GO:0008017;GO:0003777","GO:0007018","microtubule-based movement"
"TGGT1_273610","TGGT1_273610-t26_1","N/A","N/A","N/A","N/A","N/A","N/A"
"TGGT1_273620","TGGT1_273620-t26_1","GO:0016021","integral component of membrane","N/A","N/A","N/A","N/A"
"TGGT1_273850","TGGT1_273850-t26_1","GO:0005643","nuclear pore","structural constituent of nuclear pore","GO:0017056","N/A","N/A"
"TGGT1_273905","TGGT1_273905-t26_1","N/A","N/A","N/A","N/A","N/A","N/A"
"TGGT1_274120","TGGT1_274120-t26_1","N/A","N/A","N/A","N/A","N/A","N/A"
"TGGT1_274130","TGGT1_274130-t26_1","GO:0005622","intracellular anatomical structure","GTPase activator activity","GO:0005096","GO:0043087","regulation of GTPase activity"
"TGGT1_274160","TGGT1_274160-t26_1","N/A","N/A","N/A","N/A","N/A","N/A"
"TGGT1_274170","TGGT1_274170-t26_1","N/A","N/A","ATP binding;protein kinase activity","GO:0005524;GO:0004672","GO:0006468","protein phosphorylation"
"TGGT1_275350","TGGT1_275350-t26_1","GO:0005622","intracellular anatomical structure","GTPase activator activity","GO:0005096","GO:0043087","regulation of GTPase activity"
"TGGT1_275420","TGGT1_275420-t26_1","N/A","N/A","flavin adenine dinucleotide binding;metal ion binding;methyltransferase activity;oxidoreductase activity;polyamine oxidase activity","GO:0050660;GO:0046872;GO:0008168;GO:0016491;GO:0046592","GO:0032259;GO:0055114;GO:0008033","methylation;obsolete oxidation-reduction process;tRNA processing"
"TGGT1_275470","TGGT1_275470-t26_1","GO:0016021","integral component of membrane","N/A","N/A","N/A","N/A"
"TGGT1_275490","TGGT1_275490-t26_1","GO:0005643","nuclear pore","structural constituent of nuclear pore","GO:0017056","N/A","N/A"
"TGGT1_275780","TGGT1_275780-t26_1","N/A","N/A","protein binding","GO:0005515","N/A","N/A"
"TGGT1_276890","TGGT1_276890-t26_1","N/A","N/A","N/A","N/A","N/A","N/A"
"TGGT1_277720","TGGT1_277720-t26_1","N/A","N/A","ATP binding;hydrolase activity;nucleoside-triphosphatase activity","GO:0005524;GO:0016787;GO:0017111","N/A","N/A"
"TGGT1_277840","TGGT1_277840-t26_1","GO:0016020","membrane","GTP binding;GTPase activity","GO:0005525;GO:0003924","GO:0007165;GO:0007264","signal transduction;small GTPase mediated signal transduction"
"TGGT1_277895","TGGT1_277895-t26_1","N/A","N/A","obsolete ubiquitin thiolesterase activity;thiol-dependent ubiquitinyl hydrolase activity","GO:0004221;GO:0036459","GO:0016579;GO:0006511","protein deubiquitination;ubiquitin-dependent protein catabolic process"
"TGGT1_277940","TGGT1_277940-t26_1","N/A","N/A","N/A","N/A","N/A","N/A"
"TGGT1_277990","TGGT1_277990-t26_1","N/A","N/A","deubiquitinase activity;nucleic acid binding;thiol-dependent deubiquitinase","GO:0101005;GO:0003676;GO:0004843","GO:0016579;GO:0030433","protein deubiquitination;ubiquitin-dependent ERAD pathway"
"TGGT1_278130","TGGT1_278130-t26_1","N/A","N/A","N/A","N/A","N/A","N/A"
"TGGT1_278660","TGGT1_278660-t26_1","GO:0016021","integral component of membrane","ATP binding;P-type calcium transporter activity;catalytic activity;hydrolase activity;metal ion binding;nucleotide binding","GO:0005524;GO:0005388;GO:0003824;GO:0016787;GO:0046872;GO:0000166","GO:0008152","metabolic process"
"TGGT1_278780","TGGT1_278780-t26_1","N/A","N/A","protein binding","GO:0005515","N/A","N/A"
"TGGT1_278815","TGGT1_278815-t26_1","N/A","N/A","N/A","N/A","N/A","N/A"
"TGGT1_278850","TGGT1_278850-t26_1","GO:0016021","integral component of membrane","palmitoyltransferase activity;protein-cysteine S-palmitoyltransferase activity;zinc ion binding","GO:0016409;GO:0019706;GO:0008270","N/A","N/A"
"TGGT1_278975","TGGT1_278975-t26_1","N/A","N/A","cysteine-type endopeptidase activity;peptidase activity","GO:0004197;GO:0008233","GO:0006508","proteolysis"
"TGGT1_279420","TGGT1_279420-t26_1","N/A","N/A","N/A","N/A","N/A","N/A"
"TGGT1_280390","TGGT1_280390-t26_1","N/A","N/A","N/A","N/A","N/A","N/A"
"TGGT1_280570","TGGT1_280570-t26_1","GO:0016021","integral component of membrane","N/A","N/A","N/A","N/A"
"TGGT1_281430","TGGT1_281430-t26_1","N/A","N/A","ATP binding;calmodulin-dependent protein kinase activity;protein kinase activity;protein serine/threonine kinase activity","GO:0005524;GO:0004683;GO:0004672;GO:0004674","GO:0006468","protein phosphorylation"
"TGGT1_281440","TGGT1_281440-t26_1","GO:0016021","integral component of membrane","N/A","N/A","N/A","N/A"
"TGGT1_281450","TGGT1_281450-t26_1","N/A","N/A","ATP binding;RNA polymerase II CTD heptapeptide repeat kinase activity;protein kinase activity","GO:0005524;GO:0008353;GO:0004672","GO:0006468","protein phosphorylation"
"TGGT1_281675","TGGT1_281675-t26_1","N/A","N/A","ATP binding;protein kinase activity","GO:0005524;GO:0004672","GO:0006468","protein phosphorylation"
"TGGT1_282070","TGGT1_282070-t26_1","N/A","N/A","N/A","N/A","N/A","N/A"
"TGGT1_283480","TGGT1_283480-t26_1","N/A","N/A","ATP binding;protein kinase activity;protein serine/threonine/tyrosine kinase activity","GO:0005524;GO:0004672;GO:0004712","GO:0006468","protein phosphorylation"
"TGGT1_283510","TGGT1_283510-t26_1","N/A","N/A","N/A","N/A","N/A","N/A"
"TGGT1_283890","TGGT1_283890-t26_1","N/A","N/A","methyltransferase activity","GO:0008168","GO:0032259","methylation"
"TGGT1_284170","TGGT1_284170-t26_1","GO:0016021","integral component of membrane","palmitoyltransferase activity","GO:0016409","N/A","N/A"
"TGGT1_284190","TGGT1_284190-t26_1","N/A","N/A","ATP binding;biotin binding;catalytic activity;metal ion binding;pyruvate carboxylase activity","GO:0005524;GO:0009374;GO:0003824;GO:0046872;GO:0004736","GO:0006094;GO:0006090","gluconeogenesis;pyruvate metabolic process"
"TGGT1_284620","TGGT1_284620-t26_1","N/A","N/A","N/A","N/A","N/A","N/A"
"TGGT1_285160","TGGT1_285160-t26_1","N/A","N/A","ATP binding;RNA polymerase II CTD heptapeptide repeat kinase activity;protein kinase activity","GO:0005524;GO:0008353;GO:0004672","GO:0006468","protein phosphorylation"
"TGGT1_285730","TGGT1_285730-t26_1","GO:0005622","intracellular anatomical structure","GTPase activator activity","GO:0005096","GO:0043087","regulation of GTPase activity"
"TGGT1_285780","TGGT1_285780-t26_1","GO:0005815;GO:0000922","microtubule organizing center;spindle pole","gamma-tubulin binding","GO:0043015","GO:0007020","microtubule nucleation"
"TGGT1_285990","TGGT1_285990-t26_1","N/A","N/A","protein binding","GO:0005515","N/A","N/A"
"TGGT1_286030","TGGT1_286030-t26_1","N/A","N/A","N/A","N/A","N/A","N/A"
"TGGT1_286450","TGGT1_286450-t26_1","GO:0045177;GO:0016021;GO:0020003","apical part of cell;integral component of membrane;symbiont-containing vacuole","N/A","N/A","N/A","N/A"
"TGGT1_286470","TGGT1_286470-t26_1","N/A","N/A","AMP-activated protein kinase activity;ATP binding;cAMP-dependent protein kinase activity;protein kinase activity;protein serine/threonine kinase activity","GO:0004679;GO:0005524;GO:0004691;GO:0004672;GO:0004674","GO:0006468","protein phosphorylation"
"TGGT1_286580","TGGT1_286580-t26_1","N/A","N/A","N/A","N/A","N/A","N/A"
"TGGT1_286600","TGGT1_286600-t26_1","N/A","N/A","N/A","N/A","N/A","N/A"
"TGGT1_286710","TGGT1_286710-t26_1","N/A","N/A","nucleic acid binding","GO:0003676","N/A","N/A"
"TGGT1_287040","TGGT1_287040-t26_1","N/A","N/A","N/A","N/A","N/A","N/A"
"TGGT1_287970","TGGT1_287970-t26_1","N/A","N/A","N/A","N/A","N/A","N/A"
"TGGT1_288380","TGGT1_288380-t26_1","GO:0005737;GO:0005634","cytoplasm;nucleus","ATP binding;unfolded protein binding","GO:0005524;GO:0051082","GO:0006457;GO:0006950","protein folding;response to stress"
"TGGT1_288440","TGGT1_288440-t26_1","N/A","N/A","ATP binding;MAP kinase kinase activity;phosphorelay response regulator activity;protein kinase activity","GO:0005524;GO:0004708;GO:0000156;GO:0004672","GO:0000160;GO:0006468;GO:0006355","phosphorelay signal transduction system;protein phosphorylation;regulation of transcription, DNA-templated"
"TGGT1_288600","TGGT1_288600-t26_1","N/A","N/A","protein binding","GO:0005515","N/A","N/A"
"TGGT1_288650","TGGT1_288650-t26_1","GO:0045177;GO:0020003","apical part of cell;symbiont-containing vacuole","N/A","N/A","N/A","N/A"
"TGGT1_288840","TGGT1_288840-t26_1","N/A","N/A","N/A","N/A","N/A","N/A"
"TGGT1_288890","TGGT1_288890-t26_1","N/A","N/A","N/A","N/A","N/A","N/A"
"TGGT1_289050","TGGT1_289050-t26_1","N/A","N/A","ATP binding;protein kinase activity","GO:0005524;GO:0004672","GO:0006468","protein phosphorylation"
"TGGT1_289100","TGGT1_289100-t26_1","N/A","N/A","N/A","N/A","N/A","N/A"
"TGGT1_289170","TGGT1_289170-t26_1","GO:0016021;GO:0016020","integral component of membrane;membrane","ion channel activity;phosphorus-oxygen lyase activity","GO:0005216;GO:0016849","GO:0009190;GO:0035556;GO:0006811;GO:0055085","cyclic nucleotide biosynthetic process;intracellular signal transduction;ion transport;transmembrane transport"
"TGGT1_289320","TGGT1_289320-t26_1","N/A","N/A","ATP binding;non-membrane spanning protein tyrosine kinase activity;protein kinase activity;protein serine/threonine kinase activity","GO:0005524;GO:0004715;GO:0004672;GO:0004674","GO:0006468","protein phosphorylation"
"TGGT1_289380","TGGT1_289380-t26_1","N/A","N/A","N/A","N/A","N/A","N/A"
"TGGT1_289540","TGGT1_289540-t26_1","N/A","N/A","N/A","N/A","N/A","N/A"
"TGGT1_289680","TGGT1_289680-t26_1","GO:0045177;GO:0005737;GO:0005622;GO:0005634","apical part of cell;cytoplasm;intracellular anatomical structure;nucleus","GTP binding;GTPase activity","GO:0005525;GO:0003924","GO:0007264","small GTPase mediated signal transduction"
"TGGT1_289700","TGGT1_289700-t26_1","N/A","N/A","N/A","N/A","N/A","N/A"
"TGGT1_289710","TGGT1_289710-t26_1","N/A","N/A","N/A","N/A","N/A","N/A"
"TGGT1_289770","TGGT1_289770-t26_1","GO:0005794;GO:0045177;GO:0030131","Golgi apparatus;apical part of cell;clathrin adaptor complex","protein binding","GO:0005515","GO:0006886;GO:0016192","intracellular protein transport;vesicle-mediated transport"
"TGGT1_289790","TGGT1_289790-t26_1","N/A","N/A","N/A","N/A","N/A","N/A"
"TGGT1_289820","TGGT1_289820-t26_1","GO:0005622","intracellular anatomical structure","GTPase activator activity","GO:0005096","GO:0043087","regulation of GTPase activity"
"TGGT1_289910","TGGT1_289910-t26_1","N/A","N/A","N/A","N/A","N/A","N/A"
"TGGT1_290160","TGGT1_290160-t26_1","GO:0005794;GO:0016021","Golgi apparatus;integral component of membrane","protein binding","GO:0005515","N/A","N/A"
"TGGT1_290170","TGGT1_290170-t26_1","N/A","N/A","hydrolase activity;phosphoprotein phosphatase activity;protein binding","GO:0016787;GO:0004721;GO:0005515","GO:0009742","brassinosteroid mediated signaling pathway"
"TGGT1_290180","TGGT1_290180-t26_1","N/A","N/A","DNA-binding transcription factor activity","GO:0003700","GO:0006355","regulation of transcription, DNA-templated"
"TGGT1_290620","TGGT1_290620-t26_1","N/A","N/A","N/A","N/A","N/A","N/A"
"TGGT1_290720","TGGT1_290720-t26_1","GO:0016021;GO:0033179;GO:0033177","integral component of membrane;proton-transporting V-type ATPase, V0 domain;proton-transporting two-sector ATPase complex, proton-transporting domain","proton transmembrane transporter activity","GO:0015078","GO:1902600","proton transmembrane transport"
"TGGT1_290860","TGGT1_290860-t26_1","GO:0016021","integral component of membrane","N/A","N/A","N/A","N/A"
"TGGT1_291040","TGGT1_291040-t26_1","GO:0005737","cytoplasm","L-lactate dehydrogenase activity;catalytic activity;oxidoreductase activity;oxidoreductase activity, acting on the CH-OH group of donors, NAD or NADP as acceptor","GO:0004459;GO:0003824;GO:0016491;GO:0016616","GO:0005975;GO:0019752;GO:0055114","carbohydrate metabolic process;carboxylic acid metabolic process;obsolete oxidation-reduction process"
"TGGT1_291050","TGGT1_291050-t26_1","N/A","N/A","ATP binding;myosin light chain kinase activity;protein kinase activity","GO:0005524;GO:0004687;GO:0004672","GO:0006468","protein phosphorylation"
"TGGT1_291640","TGGT1_291640-t26_1","N/A","N/A","amino acid binding;aspartate carbamoyltransferase activity;carboxyl- or carbamoyltransferase activity","GO:0016597;GO:0004070;GO:0016743","GO:0006207;GO:0006520","'de novo' pyrimidine nucleobase biosynthetic process;cellular amino acid metabolic process"
"TGGT1_291880","TGGT1_291880-t26_1","N/A","N/A","N/A","N/A","N/A","N/A"
"TGGT1_291930","TGGT1_291930-t26_1","N/A","N/A","RNA binding;nucleic acid binding","GO:0003723;GO:0003676","N/A","N/A"
"TGGT1_291960","TGGT1_291960-t26_1","N/A","N/A","kinase activity","GO:0016301","N/A","N/A"
"TGGT1_292055","TGGT1_292055-t26_1","N/A","N/A","ATP binding;MAP kinase kinase kinase activity;calcium ion binding;myosin light chain kinase activity;protein kinase activity","GO:0005524;GO:0004709;GO:0005509;GO:0004687;GO:0004672","GO:0006468","protein phosphorylation"
"TGGT1_292110","TGGT1_292110-t26_1","GO:0016021;GO:0016020","integral component of membrane;membrane","transmembrane transporter activity;transporter activity","GO:0022857;GO:0005215","GO:0055085;GO:0006810","transmembrane transport;transport"
"TGGT1_292120","TGGT1_292120-t26_1","N/A","N/A","N/A","N/A","N/A","N/A"
"TGGT1_292140","TGGT1_292140-t26_1","N/A","N/A","ATP binding;protein kinase activity","GO:0005524;GO:0004672","GO:0006468","protein phosphorylation"
"TGGT1_292170","TGGT1_292170-t26_1","N/A","N/A","methyltransferase activity;protein binding","GO:0008168;GO:0005515","GO:0032259","methylation"
"TGGT1_292950","TGGT1_292950-t26_1","N/A","N/A","N/A","N/A","N/A","N/A"
"TGGT1_292975","TGGT1_292975-t26_1","N/A","N/A","N/A","N/A","N/A","N/A"
"TGGT1_293190","TGGT1_293190-t26_1","N/A","N/A","endonuclease activity;exonuclease activity;inositol-1,3,4,5-tetrakisphosphate 5-phosphatase activity;inositol-1,4,5-trisphosphate 5-phosphatase activity;inositol-polyphosphate 5-phosphatase activity","GO:0004519;GO:0004527;GO:0052659;GO:0052658;GO:0004445","GO:0046856","phosphatidylinositol dephosphorylation"
"TGGT1_293220","TGGT1_293220-t26_1","GO:0016021","integral component of membrane","palmitoyltransferase activity;zinc ion binding","GO:0016409;GO:0008270","N/A","N/A"
"TGGT1_293360","TGGT1_293360-t26_1","N/A","N/A","N/A","N/A","N/A","N/A"
"TGGT1_293470","TGGT1_293470-t26_1","N/A","N/A","N/A","N/A","N/A","N/A"
"TGGT1_293540","TGGT1_293540-t26_1","N/A","N/A","N/A","N/A","N/A","N/A"
"TGGT1_293610","TGGT1_293610-t26_1","N/A","N/A","catalytic activity;dihydroorotase activity;hydrolase activity;hydrolase activity, acting on carbon-nitrogen (but not peptide) bonds, in cyclic amides","GO:0003824;GO:0004151;GO:0016787;GO:0016812","GO:0008152;GO:0019856","metabolic process;pyrimidine nucleobase biosynthetic process"
"TGGT1_293730","TGGT1_293730-t26_1","GO:0016021","integral component of membrane","palmitoyltransferase activity;protein binding;zinc ion binding","GO:0016409;GO:0005515;GO:0008270","N/A","N/A"
"TGGT1_293810","TGGT1_293810-t26_1","N/A","N/A","catalytic activity;methylisocitrate lyase activity","GO:0003824;GO:0046421","GO:0008152","metabolic process"
"TGGT1_293870","TGGT1_293870-t26_1","GO:0005623","obsolete cell","antioxidant activity;oxidoreductase activity;protein-disulfide reductase (NAD(P)) activity;protein-disulfide reductase activity","GO:0016209;GO:0016491;GO:0047134;GO:0015035","GO:0045454;GO:0006662;GO:0055114","cell redox homeostasis;glycerol ether metabolic process;obsolete oxidation-reduction process"
"TGGT1_294040","TGGT1_294040-t26_1","GO:0005783;GO:0016021","endoplasmic reticulum;integral component of membrane","ER retention sequence binding","GO:0046923","GO:0006621","protein retention in ER lumen"
"TGGT1_294260","TGGT1_294260-t26_1","N/A","N/A","ATP binding;calmodulin-dependent protein kinase activity;protein kinase activity","GO:0005524;GO:0004683;GO:0004672","GO:0006468","protein phosphorylation"
"TGGT1_294330","TGGT1_294330-t26_1","GO:0016021;GO:0016020","integral component of membrane;membrane","protein binding","GO:0005515","GO:0009405","obsolete pathogenesis"
"TGGT1_294340","TGGT1_294340-t26_1","N/A","N/A","N/A","N/A","N/A","N/A"
"TGGT1_294380","TGGT1_294380-t26_1","N/A","N/A","catalytic activity;cysteine desulfurase activity;nucleic acid binding","GO:0003824;GO:0031071;GO:0003676","GO:0008152","metabolic process"
"TGGT1_294560","TGGT1_294560-t26_1","N/A","N/A","ATP binding;protein kinase activity","GO:0005524;GO:0004672","GO:0006468","protein phosphorylation"
"TGGT1_294610","TGGT1_294610-t26_1","N/A","N/A","methyltransferase activity;protein binding","GO:0008168;GO:0005515","GO:0032259","methylation"
"TGGT1_294690","TGGT1_294690-t26_1","GO:0016021;GO:0005886","integral component of membrane;plasma membrane","serine-type endopeptidase activity","GO:0004252","GO:0006508","proteolysis"
"TGGT1_294790","TGGT1_294790-t26_1","N/A","N/A","N/A","N/A","N/A","N/A"
"TGGT1_294860","TGGT1_294860-t26_1","N/A","N/A","N/A","N/A","N/A","N/A"
"TGGT1_294970","TGGT1_294970-t26_1","N/A","N/A","N/A","N/A","N/A","N/A"
"TGGT1_295110","TGGT1_295110-t26_1","N/A","N/A","ATP binding;protein kinase activity","GO:0005524;GO:0004672","GO:0006468","protein phosphorylation"
"TGGT1_295360","TGGT1_295360-t26_1","N/A","N/A","N/A","N/A","N/A","N/A"
"TGGT1_295420","TGGT1_295420-t26_1","N/A","N/A","N/A","N/A","N/A","N/A"
"TGGT1_295460","TGGT1_295460-t26_1","GO:0016021","integral component of membrane","N/A","N/A","GO:0016192","vesicle-mediated transport"
"TGGT1_295760","TGGT1_295760-t26_1","N/A","N/A","ATP binding;calcium ion binding;calmodulin-dependent protein kinase activity;protein kinase activity","GO:0005524;GO:0005509;GO:0004683;GO:0004672","GO:0006468","protein phosphorylation"
"TGGT1_295850","TGGT1_295850-t26_1","N/A","N/A","N/A","N/A","N/A","N/A"
"TGGT1_296000","TGGT1_296000-t26_1","N/A","N/A","ATP binding;protein kinase activity","GO:0005524;GO:0004672","GO:0006468","protein phosphorylation"
"TGGT1_297120","TGGT1_297120-t26_1","N/A","N/A","N/A","N/A","N/A","N/A"
"TGGT1_297180","TGGT1_297180-t26_1","N/A","N/A","N/A","N/A","N/A","N/A"
"TGGT1_297245","TGGT1_297245-t26_1","GO:0016021","integral component of membrane","transmembrane transporter activity","GO:0022857","GO:0055085","transmembrane transport"
"TGGT1_297430","TGGT1_297430-t26_1","N/A","N/A","N/A","N/A","N/A","N/A"
"TGGT1_297510","TGGT1_297510-t26_1","GO:0016021","integral component of membrane","N/A","N/A","N/A","N/A"
"TGGT1_297520","TGGT1_297520-t26_1","GO:0005737","cytoplasm","microtubule binding","GO:0008017","N/A","N/A"
"TGGT1_297640","TGGT1_297640-t26_1","N/A","N/A","1-acylglycerol-3-phosphate O-acyltransferase activity;acyltransferase activity","GO:0003841;GO:0016746","GO:0008152","metabolic process"
"TGGT1_297810","TGGT1_297810-t26_1","N/A","N/A","N/A","N/A","N/A","N/A"
"TGGT1_297870","TGGT1_297870-t26_1","N/A","N/A","N/A","N/A","N/A","N/A"
"TGGT1_297880","TGGT1_297880-t26_1","N/A","N/A","N/A","N/A","N/A","N/A"
"TGGT1_298010","TGGT1_298010-t26_1","N/A","N/A","protein binding","GO:0005515","N/A","N/A"
"TGGT1_299060","TGGT1_299060-t26_1","GO:0045177;GO:0016021","apical part of cell;integral component of membrane","solute:proton antiporter activity","GO:0015299","GO:0006812;GO:0055085","cation transport;transmembrane transport"
"TGGT1_299190","TGGT1_299190-t26_1","GO:0005622","intracellular anatomical structure","zinc ion binding","GO:0008270","N/A","N/A"
"TGGT1_299210","TGGT1_299210-t26_1","N/A","N/A","ATP binding;CTP synthase activity;hydrolase activity","GO:0005524;GO:0003883;GO:0016787","GO:0044210;GO:0006241;GO:0006541;GO:0006221","'de novo' CTP biosynthetic process;CTP biosynthetic process;glutamine metabolic process;pyrimidine nucleotide biosynthetic process"
"TGGT1_299230","TGGT1_299230-t26_1","N/A","N/A","protein binding","GO:0005515","N/A","N/A"
"TGGT1_300100","TGGT1_300100-t26_1","GO:0045177;GO:0070258;GO:0016021","apical part of cell;inner membrane pellicle complex;integral component of membrane","N/A","N/A","N/A","N/A"
"TGGT1_300220","TGGT1_300220-t26_1","GO:0016021","integral component of membrane","N/A","N/A","N/A","N/A"
"TGGT1_301010","TGGT1_301010-t26_1","N/A","N/A","hydrolase activity;phosphoprotein phosphatase activity","GO:0016787;GO:0004721","N/A","N/A"
"TGGT1_301270","TGGT1_301270-t26_1","N/A","N/A","ATP binding;MAP kinase kinase kinase activity;protein kinase activity","GO:0005524;GO:0004709;GO:0004672","GO:0006468","protein phosphorylation"
"TGGT1_301370","TGGT1_301370-t26_1","GO:0016021","integral component of membrane","palmitoyltransferase activity;protein-cysteine S-palmitoyltransferase activity;zinc ion binding","GO:0016409;GO:0019706;GO:0008270","N/A","N/A"
"TGGT1_301420","TGGT1_301420-t26_1","N/A","N/A","N/A","N/A","N/A","N/A"
"TGGT1_301440","TGGT1_301440-t26_1","GO:0016020","membrane","ATP binding;calcium ion binding;calmodulin-dependent protein kinase activity;phosphotransferase activity, alcohol group as acceptor;protein kinase activity","GO:0005524;GO:0005509;GO:0004683;GO:0016773;GO:0004672","GO:0009103;GO:0006468","lipopolysaccharide biosynthetic process;protein phosphorylation"
"TGGT1_304670","TGGT1_304670-t26_1","N/A","N/A","protein binding","GO:0005515","N/A","N/A"
"TGGT1_304740","TGGT1_304740-t26_1","N/A","N/A","ATP binding;non-membrane spanning protein tyrosine kinase activity;protein kinase activity","GO:0005524;GO:0004715;GO:0004672","GO:0006468","protein phosphorylation"
"TGGT1_304970","TGGT1_304970-t26_1","N/A","N/A","ATP binding;RNA polymerase II CTD heptapeptide repeat kinase activity;protein kinase activity","GO:0005524;GO:0008353;GO:0004672","GO:0006468","protein phosphorylation"
"TGGT1_305050","TGGT1_305050-t26_1","N/A","N/A","calcium ion binding","GO:0005509","N/A","N/A"
"TGGT1_305180","TGGT1_305180-t26_1","GO:0016021","integral component of membrane","sodium:proton antiporter activity;solute:proton antiporter activity","GO:0015385;GO:0015299","GO:0006812;GO:0006885;GO:0006814;GO:0055085","cation transport;regulation of pH;sodium ion transport;transmembrane transport"
"TGGT1_305270","TGGT1_305270-t26_1","N/A","N/A","N/A","N/A","N/A","N/A"
"TGGT1_305290","TGGT1_305290-t26_1","GO:0033178","proton-transporting two-sector ATPase complex, catalytic domain","proton-transporting ATPase activity, rotational mechanism","GO:0046961","GO:1902600","proton transmembrane transport"
"TGGT1_305340","TGGT1_305340-t26_1","N/A","N/A","protein binding","GO:0005515","N/A","N/A"
"TGGT1_305590","TGGT1_305590-t26_1","GO:0016021","integral component of membrane","ABC-type xenobiotic transporter activity;ATP binding;ATP hydrolysis activity;ATPase-coupled transmembrane transporter activity;intracellularly ATP-gated chloride channel activity","GO:0008559;GO:0005524;GO:0016887;GO:0042626;GO:0005260","GO:0055085;GO:0006810","transmembrane transport;transport"
"TGGT1_305630","TGGT1_305630-t26_1","N/A","N/A","protein binding","GO:0005515","N/A","N/A"
"TGGT1_305790","TGGT1_305790-t26_1","N/A","N/A","phosphatase activity;protein tyrosine phosphatase activity","GO:0016791;GO:0004725","GO:0016311","dephosphorylation"
"TGGT1_305860","TGGT1_305860-t26_1","GO:0045177;GO:0005737","apical part of cell;cytoplasm","ATP binding;calcium ion binding;calmodulin-dependent protein kinase activity;protein kinase activity","GO:0005524;GO:0005509;GO:0004683;GO:0004672","GO:0006468","protein phosphorylation"
"TGGT1_306350","TGGT1_306350-t26_1","N/A","N/A","N/A","N/A","N/A","N/A"
"TGGT1_306430","TGGT1_306430-t26_1","N/A","N/A","N/A","N/A","N/A","N/A"
"TGGT1_306540","TGGT1_306540-t26_1","N/A","N/A","ethanolamine kinase activity;phosphotransferase activity, alcohol group as acceptor","GO:0004305;GO:0016773","N/A","N/A"
"TGGT1_306560","TGGT1_306560-t26_1","GO:0005643","nuclear pore","structural constituent of nuclear pore","GO:0017056","N/A","N/A"
"TGGT1_306640","TGGT1_306640-t26_1","GO:0016021","integral component of membrane","N/A","N/A","N/A","N/A"
"TGGT1_306920","TGGT1_306920-t26_1","N/A","N/A","N/A","N/A","N/A","N/A"
"TGGT1_307030","TGGT1_307030-t26_1","N/A","N/A","catalytic activity","GO:0003824","GO:0009116","nucleoside metabolic process"
"TGGT1_307640","TGGT1_307640-t26_1","N/A","N/A","ATP binding;MAP kinase kinase kinase activity;protein kinase activity","GO:0005524;GO:0004709;GO:0004672","GO:0006468","protein phosphorylation"
"TGGT1_308860","TGGT1_308860-t26_1","N/A","N/A","N/A","N/A","N/A","N/A"
"TGGT1_309190","TGGT1_309190-t26_1","N/A","N/A","N/A","N/A","N/A","N/A"
"TGGT1_309250","TGGT1_309250-t26_1","GO:0030688","preribosome, small subunit precursor","N/A","N/A","GO:0006364","rRNA processing"
"TGGT1_309290","TGGT1_309290-t26_1","N/A","N/A","5'-deoxynucleotidase activity","GO:0002953","N/A","N/A"
"TGGT1_309380","TGGT1_309380-t26_1","GO:0031262;GO:0000775;GO:0000776","Ndc80 complex;chromosome, centromeric region;kinetochore","N/A","N/A","GO:0000278","mitotic cell cycle"
"TGGT1_309560","TGGT1_309560-t26_1","GO:0016021","integral component of membrane","N/A","N/A","N/A","N/A"
"TGGT1_309590","TGGT1_309590-t26_1","GO:0045177;GO:0020003","apical part of cell;symbiont-containing vacuole","N/A","N/A","N/A","N/A"
"TGGT1_309600","TGGT1_309600-t26_1","N/A","N/A","N/A","N/A","N/A","N/A"
"TGGT1_309760","TGGT1_309760-t26_1","N/A","N/A","N/A","N/A","N/A","N/A"
"TGGT1_309920","TGGT1_309920-t26_1","N/A","N/A","N/A","N/A","N/A","N/A"
"TGGT1_309990","TGGT1_309990-t26_1","GO:0016021","integral component of membrane","N/A","N/A","N/A","N/A"
"TGGT1_310070","TGGT1_310070-t26_1","GO:0005737","cytoplasm","methyltransferase activity;thiopurine S-methyltransferase activity","GO:0008168;GO:0008119","GO:0008152;GO:0032259","metabolic process;methylation"
"TGGT1_310130","TGGT1_310130-t26_1","GO:0005815;GO:0000922","microtubule organizing center;spindle pole","gamma-tubulin binding","GO:0043015","GO:0000226;GO:0007020","microtubule cytoskeleton organization;microtubule nucleation"
"TGGT1_310190","TGGT1_310190-t26_1","N/A","N/A","ATP binding;protein kinase activity","GO:0005524;GO:0004672","GO:0006468","protein phosphorylation"
"TGGT1_310220","TGGT1_310220-t26_1","N/A","N/A","GTP binding;GTPase activity","GO:0005525;GO:0003924","N/A","N/A"
"TGGT1_310290","TGGT1_310290-t26_1","N/A","N/A","N/A","N/A","N/A","N/A"
"TGGT1_310400","TGGT1_310400-t26_1","N/A","N/A","UDP-alpha-D-glucose:glucosyl-glycogenin alpha-D-glucosyltransferase activity;glycogenin glucosyltransferase activity;glycosyltransferase activity","GO:0102751;GO:0008466;GO:0016757","N/A","N/A"
"TGGT1_310440","TGGT1_310440-t26_1","GO:0045177;GO:0005737;GO:0070258;GO:0005634","apical part of cell;cytoplasm;inner membrane pellicle complex;nucleus","histone-lysine N-methyltransferase activity","GO:0018024","N/A","N/A"
"TGGT1_310450","TGGT1_310450-t26_1","N/A","N/A","N/A","N/A","N/A","N/A"
"TGGT1_310470","TGGT1_310470-t26_1","GO:0016020","membrane","copper ion binding;cytochrome-c oxidase activity","GO:0005507;GO:0004129","N/A","N/A"
"TGGT1_310560","TGGT1_310560-t26_1","GO:0016021","integral component of membrane","N/A","N/A","N/A","N/A"
"TGGT1_310610","TGGT1_310610-t26_1","N/A","N/A","N/A","N/A","N/A","N/A"
"TGGT1_310640","TGGT1_310640-t26_1","N/A","N/A","catalytic activity;purine-nucleoside phosphorylase activity","GO:0003824;GO:0004731","GO:0009116","nucleoside metabolic process"
"TGGT1_310660","TGGT1_310660-t26_1","N/A","N/A","phosphatase activity;phosphoprotein phosphatase activity;protein binding","GO:0016791;GO:0004721;GO:0005515","N/A","N/A"
"TGGT1_310670","TGGT1_310670-t26_1","N/A","N/A","1,4-alpha-oligoglucan phosphorylase activity;SHG alpha-glucan phosphorylase activity;glycogen phosphorylase activity;linear malto-oligosaccharide phosphorylase activity;pyridoxal phosphate binding","GO:0004645;GO:0102499;GO:0008184;GO:0102250;GO:0030170","GO:0005975","carbohydrate metabolic process"
"TGGT1_310700","TGGT1_310700-t26_1","GO:0072357;GO:0005737;GO:0005634;GO:0000164","PTW/PP1 phosphatase complex;cytoplasm;nucleus;protein phosphatase type 1 complex","hydrolase activity;metal ion binding;phosphoprotein phosphatase activity;protein serine/threonine phosphatase activity","GO:0016787;GO:0046872;GO:0004721;GO:0004722","N/A","N/A"
"TGGT1_310730","TGGT1_310730-t26_1","N/A","N/A","N/A","N/A","N/A","N/A"
"TGGT1_310900","TGGT1_310900-t26_1","N/A","N/A","DNA-binding transcription factor activity","GO:0003700","GO:0006355","regulation of transcription, DNA-templated"
"TGGT1_310910","TGGT1_310910-t26_1","N/A","N/A","protein binding","GO:0005515","N/A","N/A"
"TGGT1_310930","TGGT1_310930-t26_1","N/A","N/A","N/A","N/A","N/A","N/A"
"TGGT1_311110","TGGT1_311110-t26_1","N/A","N/A","N/A","N/A","GO:0071569","protein ufmylation"
"TGGT1_311230","TGGT1_311230-t26_1","GO:0016021","integral component of membrane","N/A","N/A","N/A","N/A"
"TGGT1_311290","TGGT1_311290-t26_1","GO:0016021","integral component of membrane","N/A","N/A","N/A","N/A"
"TGGT1_311300","TGGT1_311300-t26_1","GO:0005952","cAMP-dependent protein kinase complex","cAMP binding;cAMP-dependent protein kinase regulator activity;cGMP-dependent protein kinase activity","GO:0030552;GO:0008603;GO:0004692","GO:0001932","regulation of protein phosphorylation"
"TGGT1_311310","TGGT1_311310-t26_1","N/A","N/A","hydrolase activity;phosphoprotein phosphatase activity","GO:0016787;GO:0004721","N/A","N/A"
"TGGT1_311360","TGGT1_311360-t26_1","GO:0005737;GO:0005886","cytoplasm;plasma membrane","ATP binding;cGMP-dependent protein kinase activity;protein kinase activity;protein serine/threonine kinase activity","GO:0005524;GO:0004692;GO:0004672;GO:0004674","GO:0006468","protein phosphorylation"
"TGGT1_311480","TGGT1_311480-t26_1","N/A","N/A","N/A","N/A","N/A","N/A"
"TGGT1_311770","TGGT1_311770-t26_1","N/A","N/A","N/A","N/A","N/A","N/A"
"TGGT1_311880","TGGT1_311880-t26_1","N/A","N/A","N/A","N/A","N/A","N/A"
"TGGT1_312100","TGGT1_312100-t26_1","GO:0016021;GO:0005886","integral component of membrane;plasma membrane","ATP binding;P-type calcium transporter activity;catalytic activity;hydrolase activity;metal ion binding;nucleotide binding","GO:0005524;GO:0005388;GO:0003824;GO:0016787;GO:0046872;GO:0000166","GO:0008152","metabolic process"
"TGGT1_312150","TGGT1_312150-t26_1","GO:0016021","integral component of membrane","N/A","N/A","N/A","N/A"
"TGGT1_312200","TGGT1_312200-t26_1","N/A","N/A","hydrolase activity;phosphoprotein phosphatase activity;protein binding","GO:0016787;GO:0004721;GO:0005515","GO:0006470","protein dephosphorylation"
"TGGT1_312300","TGGT1_312300-t26_1","GO:0005622","intracellular anatomical structure","ARF guanyl-nucleotide exchange factor activity;GTPase activator activity","GO:0005086;GO:0005096","GO:0032012;GO:0043087","regulation of ARF protein signal transduction;regulation of GTPase activity"
"TGGT1_312420","TGGT1_312420-t26_1","N/A","N/A","N/A","N/A","N/A","N/A"
"TGGT1_312480","TGGT1_312480-t26_1","N/A","N/A","uracil phosphoribosyltransferase activity","GO:0004845","GO:0009116","nucleoside metabolic process"
"TGGT1_312510","TGGT1_312510-t26_1","N/A","N/A","DNA binding;DNA helicase activity;hydrolase activity, acting on acid anhydrides","GO:0003677;GO:0003678;GO:0016817","GO:0006303","double-strand break repair via nonhomologous end joining"
"TGGT1_312570","TGGT1_312570-t26_1","N/A","N/A","ATP binding;MAP kinase activity;protein kinase activity;tau-protein kinase activity","GO:0005524;GO:0004707;GO:0004672;GO:0050321","GO:0006468","protein phosphorylation"
"TGGT1_312630","TGGT1_312630-t26_1","N/A","N/A","protein binding","GO:0005515","N/A","N/A"
"TGGT1_313180","TGGT1_313180-t26_1","N/A","N/A","ATP binding;protein kinase activity;protein serine/threonine/tyrosine kinase activity","GO:0005524;GO:0004672;GO:0004712","GO:0006468","protein phosphorylation"
"TGGT1_313200","TGGT1_313200-t26_1","N/A","N/A","protein binding","GO:0005515","N/A","N/A"
"TGGT1_313290","TGGT1_313290-t26_1","N/A","N/A","histone-lysine N-methyltransferase activity","GO:0018024","N/A","N/A"
"TGGT1_313330","TGGT1_313330-t26_1","GO:0016021","integral component of membrane","ATP binding;calmodulin-dependent protein kinase activity;protein kinase activity","GO:0005524;GO:0004683;GO:0004672","GO:0006468","protein phosphorylation"
"TGGT1_313430","TGGT1_313430-t26_1","N/A","N/A","N/A","N/A","N/A","N/A"
"TGGT1_313440","TGGT1_313440-t26_1","N/A","N/A","N/A","N/A","N/A","N/A"
"TGGT1_313450","TGGT1_313450-t26_1","GO:0016020","membrane","N/A","N/A","GO:0006886;GO:0015031","intracellular protein transport;protein transport"
"TGGT1_313480","TGGT1_313480-t26_1","N/A","N/A","N/A","N/A","N/A","N/A"
"TGGT1_313780","TGGT1_313780-t26_1","N/A","N/A","N/A","N/A","N/A","N/A"
"TGGT1_315270","TGGT1_315270-t26_1","N/A","N/A","N/A","N/A","N/A","N/A"
"TGGT1_315360","TGGT1_315360-t26_1","N/A","N/A","N/A","N/A","N/A","N/A"
"TGGT1_315510","TGGT1_315510-t26_1","N/A","N/A","N/A","N/A","N/A","N/A"
"TGGT1_315610","TGGT1_315610-t26_1","N/A","N/A","N/A","N/A","N/A","N/A"
"TGGT1_315730","TGGT1_315730-t26_1","GO:0016021;GO:0016020","integral component of membrane;membrane","N/A","N/A","GO:0009405","obsolete pathogenesis"
"TGGT1_315770","TGGT1_315770-t26_1","GO:0016021","integral component of membrane","aromatase activity;electron transfer activity;heme binding;iron ion binding;oxidoreductase activity, acting on paired donors, with incorporation or reduction of molecular oxygen","GO:0070330;GO:0009055;GO:0020037;GO:0005506;GO:0016705","GO:0055114","obsolete oxidation-reduction process"
"TGGT1_315950","TGGT1_315950-t26_1","N/A","N/A","N/A","N/A","N/A","N/A"
"TGGT1_316150","TGGT1_316150-t26_1","N/A","N/A","ATP binding;myosin light chain kinase activity;protein kinase activity","GO:0005524;GO:0004687;GO:0004672","GO:0006468","protein phosphorylation"
"TGGT1_316250","TGGT1_316250-t26_1","N/A","N/A","N/A","N/A","N/A","N/A"
"TGGT1_316330","TGGT1_316330-t26_1","GO:0020011;GO:0005739","apicoplast;mitochondrion","metal ion binding;superoxide dismutase activity","GO:0046872;GO:0004784","GO:0055114;GO:0006801","obsolete oxidation-reduction process;superoxide metabolic process"
"TGGT1_316340","TGGT1_316340-t26_1","N/A","N/A","N/A","N/A","N/A","N/A"
"TGGT1_316530","TGGT1_316530-t26_1","N/A","N/A","N/A","N/A","N/A","N/A"
"TGGT1_316540","TGGT1_316540-t26_1","N/A","N/A","N/A","N/A","N/A","N/A"
"TGGT1_316730","TGGT1_316730-t26_1","N/A","N/A","protein binding","GO:0005515","N/A","N/A"
"TGGT1_318150","TGGT1_318150-t26_1","GO:0016021","integral component of membrane","transmembrane transporter activity","GO:0022857","GO:0055085","transmembrane transport"
"TGGT1_318330","TGGT1_318330-t26_1","GO:0005634","nucleus","acyltransferase activity, transferring groups other than amino-acyl groups;histone acetyltransferase activity","GO:0016747;GO:0004402","GO:0016573;GO:0006355","histone acetylation;regulation of transcription, DNA-templated"
"TGGT1_318580","TGGT1_318580-t26_1","GO:0005737","cytoplasm","glucose-1,6-bisphosphate synthase activity;intramolecular transferase activity, phosphotransferases;magnesium ion binding","GO:0047933;GO:0016868;GO:0000287","GO:0005975;GO:0071704","carbohydrate metabolic process;organic substance metabolic process"
"TGGT1_318770","TGGT1_318770-t26_1","N/A","N/A","ATP binding;calmodulin-dependent protein kinase activity;protein kinase activity","GO:0005524;GO:0004683;GO:0004672","GO:0006468","protein phosphorylation"
"TGGT1_319340","TGGT1_319340-t26_1","N/A","N/A","N/A","N/A","N/A","N/A"
"TGGT1_319550","TGGT1_319550-t26_1","GO:0016021;GO:0016020","integral component of membrane;membrane","N/A","N/A","N/A","N/A"
"TGGT1_319610","TGGT1_319610-t26_1","N/A","N/A","ATP binding;RNA polymerase II CTD heptapeptide repeat kinase activity;protein binding;protein kinase activity","GO:0005524;GO:0008353;GO:0005515;GO:0004672","GO:0006468","protein phosphorylation"
"TGGT1_319700","TGGT1_319700-t26_1","N/A","N/A","ATP binding;MAP kinase kinase kinase activity;protein kinase activity","GO:0005524;GO:0004709;GO:0004672","GO:0006468","protein phosphorylation"
"TGGT1_319880","TGGT1_319880-t26_1","N/A","N/A","N/A","N/A","N/A","N/A"
"TGGT1_319900","TGGT1_319900-t26_1","N/A","N/A","N/A","N/A","N/A","N/A"
"TGGT1_320000","TGGT1_320000-t26_1","N/A","N/A","ATP binding;protein kinase activity","GO:0005524;GO:0004672","GO:0006468","protein phosphorylation"
"TGGT1_320020","TGGT1_320020-t26_1","GO:0016021","integral component of membrane","transmembrane transporter activity","GO:0022857","GO:0055085","transmembrane transport"
"TGGT1_320030","TGGT1_320030-t26_1","N/A","N/A","N/A","N/A","N/A","N/A"
"TGGT1_320180","TGGT1_320180-t26_1","GO:0016020","membrane","N/A","N/A","N/A","N/A"
"TGGT1_320190","TGGT1_320190-t26_1","GO:0016020","membrane","N/A","N/A","N/A","N/A"
"TGGT1_320490","TGGT1_320490-t26_1","GO:0016021","integral component of membrane","N/A","N/A","N/A","N/A"
"TGGT1_320630","TGGT1_320630-t26_1","N/A","N/A","ethanolamine kinase activity;phosphotransferase activity, alcohol group as acceptor","GO:0004305;GO:0016773","N/A","N/A"
"TGGT1_320700","TGGT1_320700-t26_1","N/A","N/A","DNA-binding transcription factor activity","GO:0003700","GO:0006355","regulation of transcription, DNA-templated"
"TGGT1_321300","TGGT1_321300-t26_1","GO:0005737","cytoplasm","N/A","N/A","GO:0000045","autophagosome assembly"
"TGGT1_321310","TGGT1_321310-t26_1","GO:0005840","ribosome","nucleic acid binding;ribosome binding","GO:0003676;GO:0043022","GO:0006364","rRNA processing"
"TGGT1_321650","TGGT1_321650-t26_1","GO:0016021","integral component of membrane","ATP binding;protein kinase activity","GO:0005524;GO:0004672","GO:0006468","protein phosphorylation"
"TGGT1_323200","TGGT1_323200-t26_1","N/A","N/A","peptidase activity","GO:0008233","N/A","N/A"
"TGGT1_359350","TGGT1_359350-t26_1","N/A","N/A","protein binding","GO:0005515","N/A","N/A"
"TGGT1_408820","TGGT1_408820-t26_1","N/A","N/A","N/A","N/A","N/A","N/A"
"TGGT1_409600","TGGT1_409600-t26_1","N/A","N/A","ATP binding;protein kinase activity","GO:0005524;GO:0004672","GO:0006468","protein phosphorylation"
"TGGT1_409610","TGGT1_409610-t26_1","N/A","N/A","N/A","N/A","N/A","N/A"
"TGGT1_410360","TGGT1_410360-t26_1","GO:0016021","integral component of membrane","N/A","N/A","N/A","N/A"
"TGGT1_410610","TGGT1_410610-t26_1","N/A","N/A","ATP binding;protein kinase activity","GO:0005524;GO:0004672","GO:0006468","protein phosphorylation"
"TGGT1_411430","TGGT1_411430-t26_1","N/A","N/A","ATP binding;protein kinase activity","GO:0005524;GO:0004672","GO:0006468","protein phosphorylation"
"TGMAS_203780","TGMAS_203780-t30_1","N/A","N/A","N/A","N/A","N/A","N/A"
"TGMAS_275490","TGMAS_275490-t30_1","GO:0005643","nuclear pore","structural constituent of nuclear pore","GO:0017056","N/A","N/A"
"TGMAS_305790","TGMAS_305790-t30_1","N/A","N/A","phosphatase activity;protein tyrosine phosphatase activity","GO:0016791;GO:0004725","GO:0016311","dephosphorylation"
"TGMAS_310610","TGMAS_310610-t30_1","N/A","N/A","N/A","N/A","N/A","N/A"
"TGP89_203780","TGP89_203780-t30_1","N/A","N/A","N/A","N/A","N/A","N/A"
"TGP89_275490","TGP89_275490-t30_1","GO:0005643","nuclear pore","structural constituent of nuclear pore","GO:0017056","N/A","N/A"
"TGP89_305790","TGP89_305790-t30_1","N/A","N/A","phosphatase activity;protein tyrosine phosphatase activity","GO:0016791;GO:0004725","GO:0016311","dephosphorylation"
"TGP89_310610","TGP89_310610-t30_1","N/A","N/A","N/A","N/A","N/A","N/A"
"TGRUB_203780","TGRUB_203780-t30_1","N/A","N/A","N/A","N/A","N/A","N/A"
"TGRUB_275490","TGRUB_275490-t30_1","GO:0005643","nuclear pore","structural constituent of nuclear pore","GO:0017056","N/A","N/A"
"TGRUB_310610","TGRUB_310610-t30_1","N/A","N/A","N/A","N/A","N/A","N/A"
"TGVEG_200370","TGVEG_200370-t26_1","GO:0005965","protein farnesyltransferase complex","catalytic activity;protein farnesyltransferase activity;zinc ion binding","GO:0003824;GO:0004660;GO:0008270","GO:0018343","protein farnesylation"
"TGVEG_201130","TGVEG_201130-t26_1","N/A","N/A","ATP binding;protein kinase activity","GO:0005524;GO:0004672","GO:0006468","protein phosphorylation"
"TGVEG_201260","TGVEG_201260-t26_1","GO:0016021","integral component of membrane","transmembrane transporter activity","GO:0022857","GO:0008643;GO:0055085","carbohydrate transport;transmembrane transport"
"TGVEG_202780","TGVEG_202780-t26_1","GO:0016021","integral component of membrane","ATP binding;calmodulin-dependent protein kinase activity;protein kinase activity","GO:0005524;GO:0004683;GO:0004672","GO:0006468","protein phosphorylation"
"TGVEG_203010","TGVEG_203010-t26_1","N/A","N/A","ATP binding;myosin light chain kinase activity;protein kinase activity","GO:0005524;GO:0004687;GO:0004672","GO:0006468","protein phosphorylation"
"TGVEG_203780","TGVEG_203780-t26_1","N/A","N/A","N/A","N/A","N/A","N/A"
"TGVEG_204270","TGVEG_204270-t26_1","GO:0016021","integral component of membrane","N/A","N/A","N/A","N/A"
"TGVEG_204280","TGVEG_204280-t26_1","N/A","N/A","ATP binding;MAP kinase activity;protein kinase activity;protein serine/threonine/tyrosine kinase activity","GO:0005524;GO:0004707;GO:0004672;GO:0004712","GO:0006468","protein phosphorylation"
"TGVEG_205250","TGVEG_205250-t26_1","GO:0045177;GO:0016021;GO:0020003","apical part of cell;integral component of membrane;symbiont-containing vacuole","ATP binding;myosin light chain kinase activity;protein kinase activity","GO:0005524;GO:0004687;GO:0004672","GO:0006468","protein phosphorylation"
"TGVEG_206350","TGVEG_206350-t26_1","GO:0005783;GO:0016021","endoplasmic reticulum;integral component of membrane","ER retention sequence binding","GO:0046923","GO:0006621","protein retention in ER lumen"
"TGVEG_206590","TGVEG_206590-t26_1","N/A","N/A","ATP binding;calcium ion binding;calmodulin-dependent protein kinase activity;protein kinase activity","GO:0005524;GO:0005509;GO:0004683;GO:0004672","GO:0006468","protein phosphorylation"
"TGVEG_207080","TGVEG_207080-t26_1","GO:0005737;GO:0005634","cytoplasm;nucleus","acyltransferase activity, transferring groups other than amino-acyl groups;histone acetyltransferase activity","GO:0016747;GO:0004402","GO:0016573;GO:0006355","histone acetylation;regulation of transcription, DNA-templated"
"TGVEG_207610","TGVEG_207610-t26_1","N/A","N/A","ATP binding;protein kinase activity","GO:0005524;GO:0004672","GO:0006468","protein phosphorylation"
"TGVEG_207700","TGVEG_207700-t26_1","N/A","N/A","ATP binding;protein kinase activity","GO:0005524;GO:0004672","GO:0006468","protein phosphorylation"
"TGVEG_207750","TGVEG_207750-t26_1","GO:0016020","membrane","beta-1,4-mannosylglycoprotein 4-beta-N-acetylglucosaminyltransferase activity","GO:0003830","GO:0006487","protein N-linked glycosylation"
"TGVEG_207820","TGVEG_207820-t26_1","N/A","N/A","ATP binding;MAP kinase activity;protein kinase activity","GO:0005524;GO:0004707;GO:0004672","GO:0006468","protein phosphorylation"
"TGVEG_208830","TGVEG_208830-t26_1","N/A","N/A","N/A","N/A","N/A","N/A"
"TGVEG_209985","TGVEG_209985-t26_1","N/A","N/A","AMP-activated protein kinase activity;ATP binding;cAMP-dependent protein kinase activity;protein kinase activity","GO:0004679;GO:0005524;GO:0004691;GO:0004672","GO:0006468","protein phosphorylation"
"TGVEG_211260","TGVEG_211260-t26_1","N/A","N/A","ATP binding;protein kinase activity","GO:0005524;GO:0004672","GO:0006468","protein phosphorylation"
"TGVEG_211460","TGVEG_211460-t26_1","N/A","N/A","N/A","N/A","N/A","N/A"
"TGVEG_213830","TGVEG_213830-t26_1","N/A","N/A","N/A","N/A","N/A","N/A"
"TGVEG_214290","TGVEG_214290-t26_1","N/A","N/A","N/A","N/A","N/A","N/A"
"TGVEG_214320","TGVEG_214320-t26_1","GO:0016021;GO:0016020;GO:0005886","integral component of membrane;membrane;plasma membrane","transmembrane transporter activity","GO:0022857","GO:0008643;GO:0055085","carbohydrate transport;transmembrane transport"
"TGVEG_215220","TGVEG_215220-t26_1","N/A","N/A","protein binding","GO:0005515","N/A","N/A"
"TGVEG_215670","TGVEG_215670-t26_1","N/A","N/A","AMP-activated protein kinase activity;ATP binding;cAMP-dependent protein kinase activity;protein kinase activity","GO:0004679;GO:0005524;GO:0004691;GO:0004672","GO:0006468","protein phosphorylation"
"TGVEG_215775","TGVEG_215775-t26_1","GO:0045177","apical part of cell","ATP binding;protein kinase activity","GO:0005524;GO:0004672","GO:0006468","protein phosphorylation"
"TGVEG_216280","TGVEG_216280-t26_1","GO:0016021","integral component of membrane","phosphorus-oxygen lyase activity","GO:0016849","GO:0009190;GO:0035556","cyclic nucleotide biosynthetic process;intracellular signal transduction"
"TGVEG_217680","TGVEG_217680-t26_1","N/A","N/A","N/A","N/A","N/A","N/A"
"TGVEG_218220","TGVEG_218220-t26_1","N/A","N/A","ATP binding;RNA polymerase II CTD heptapeptide repeat kinase activity;protein kinase activity","GO:0005524;GO:0008353;GO:0004672","GO:0006468","protein phosphorylation"
"TGVEG_218400","TGVEG_218400-t26_1","N/A","N/A","ATP binding;myosin light chain kinase activity;protein kinase activity","GO:0005524;GO:0004687;GO:0004672","GO:0006468","protein phosphorylation"
"TGVEG_219320","TGVEG_219320-t26_1","GO:0070258;GO:0016021","inner membrane pellicle complex;integral component of membrane","acid phosphatase activity","GO:0003993","N/A","N/A"
"TGVEG_222170","TGVEG_222170-t26_1","N/A","N/A","N/A","N/A","N/A","N/A"
"TGVEG_222200","TGVEG_222200-t26_1","GO:0016021","integral component of membrane","N/A","N/A","N/A","N/A"
"TGVEG_222360","TGVEG_222360-t26_1","N/A","N/A","ligase activity","GO:0016874","N/A","N/A"
"TGVEG_222960","TGVEG_222960-t26_1","N/A","N/A","ATP binding;protein kinase activity","GO:0005524;GO:0004672","GO:0006468","protein phosphorylation"
"TGVEG_224480","TGVEG_224480-t26_1","N/A","N/A","ATP binding;protein kinase activity;protein serine/threonine/tyrosine kinase activity","GO:0005524;GO:0004672;GO:0004712","GO:0006468","protein phosphorylation"
"TGVEG_224950","TGVEG_224950-t26_1","N/A","N/A","ATP binding;calcium ion binding;calmodulin-dependent protein kinase activity;protein kinase activity","GO:0005524;GO:0005509;GO:0004683;GO:0004672","GO:0006468","protein phosphorylation"
"TGVEG_226030","TGVEG_226030-t26_1","N/A","N/A","AMP-activated protein kinase activity;ATP binding;cAMP-dependent protein kinase activity;protein kinase activity;protein serine/threonine kinase activity","GO:0004679;GO:0005524;GO:0004691;GO:0004672;GO:0004674","GO:0006468","protein phosphorylation"
"TGVEG_227010","TGVEG_227010-t26_1","N/A","N/A","kinase activity","GO:0016301","N/A","N/A"
"TGVEG_227650","TGVEG_227650-t26_1","GO:0005874","microtubule","microtubule binding;protein binding","GO:0008017;GO:0005515","N/A","N/A"
"TGVEG_227810","TGVEG_227810-t26_1","GO:0045177","apical part of cell","ATP binding;protein kinase activity","GO:0005524;GO:0004672","GO:0006468","protein phosphorylation"
"TGVEG_228420","TGVEG_228420-t26_1","N/A","N/A","AMP-activated protein kinase activity;ATP binding;cAMP-dependent protein kinase activity;protein kinase activity","GO:0004679;GO:0005524;GO:0004691;GO:0004672","GO:0006468","protein phosphorylation"
"TGVEG_229020","TGVEG_229020-t26_1","N/A","N/A","ATP binding;RNA polymerase II CTD heptapeptide repeat kinase activity;protein kinase activity","GO:0005524;GO:0008353;GO:0004672","GO:0006468","protein phosphorylation"
"TGVEG_229630","TGVEG_229630-t26_1","GO:0005783;GO:0016021;GO:0005634","endoplasmic reticulum;integral component of membrane;nucleus","ATP binding;non-membrane spanning protein tyrosine kinase activity;protein kinase activity","GO:0005524;GO:0004715;GO:0004672","GO:0006468","protein phosphorylation"
"TGVEG_230180","TGVEG_230180-t26_1","GO:0016021","integral component of membrane","N/A","N/A","N/A","N/A"
"TGVEG_230470","TGVEG_230470-t26_1","N/A","N/A","ATP binding;protein kinase activity","GO:0005524;GO:0004672","GO:0006468","protein phosphorylation"
"TGVEG_230555","TGVEG_230555-t26_1","GO:0016021","integral component of membrane","phosphorus-oxygen lyase activity","GO:0016849","GO:0009190;GO:0035556","cyclic nucleotide biosynthetic process;intracellular signal transduction"
"TGVEG_231940","TGVEG_231940-t26_1","N/A","N/A","catalytic activity;ubiquitin-like modifier activating enzyme activity","GO:0003824;GO:0008641","N/A","N/A"
"TGVEG_232350","TGVEG_232350-t26_1","GO:0005737;GO:0070258","cytoplasm;inner membrane pellicle complex","L-lactate dehydrogenase activity;catalytic activity;oxidoreductase activity;oxidoreductase activity, acting on the CH-OH group of donors, NAD or NADP as acceptor","GO:0004459;GO:0003824;GO:0016491;GO:0016616","GO:0005975;GO:0019752;GO:0055114","carbohydrate metabolic process;carboxylic acid metabolic process;obsolete oxidation-reduction process"
"TGVEG_233010","TGVEG_233010-t26_1","N/A","N/A","ATP binding;MAP kinase activity;protein kinase activity","GO:0005524;GO:0004707;GO:0004672","GO:0006468","protein phosphorylation"
"TGVEG_233460","TGVEG_233460-t26_1","GO:0016020;GO:0005886","membrane;plasma membrane","N/A","N/A","N/A","N/A"
"TGVEG_233790","TGVEG_233790-t26_1","N/A","N/A","AMP-activated protein kinase activity;ATP binding;cAMP-dependent protein kinase activity;protein kinase activity","GO:0004679;GO:0005524;GO:0004691;GO:0004672","GO:0006468","protein phosphorylation"
"TGVEG_233905","TGVEG_233905-t26_1","N/A","N/A","ATP binding;myosin light chain kinase activity;protein kinase activity;protein serine/threonine kinase activity","GO:0005524;GO:0004687;GO:0004672;GO:0004674","GO:0006468","protein phosphorylation"
"TGVEG_236870","TGVEG_236870-t26_1","GO:0016021","integral component of membrane","N/A","N/A","N/A","N/A"
"TGVEG_239130","TGVEG_239130-t26_1","N/A","N/A","ATP binding;MAP kinase kinase kinase activity;protein binding;protein kinase activity","GO:0005524;GO:0004709;GO:0005515;GO:0004672","GO:0006468","protein phosphorylation"
"TGVEG_239600","TGVEG_239600-t26_1","N/A","N/A","ATP binding;protein kinase activity","GO:0005524;GO:0004672","GO:0006468","protein phosphorylation"
"TGVEG_240060","TGVEG_240060-t26_1","N/A","N/A","N/A","N/A","N/A","N/A"
"TGVEG_240090","TGVEG_240090-t26_1","GO:0016021","integral component of membrane","ATP binding;G protein-coupled receptor kinase activity;protein kinase activity","GO:0005524;GO:0004703;GO:0004672","GO:0006468","protein phosphorylation"
"TGVEG_240910","TGVEG_240910-t26_1","N/A","N/A","N/A","N/A","N/A","N/A"
"TGVEG_241300","TGVEG_241300-t26_1","N/A","N/A","N/A","N/A","N/A","N/A"
"TGVEG_241305","TGVEG_241305-t26_1","N/A","N/A","N/A","N/A","N/A","N/A"
"TGVEG_241310","TGVEG_241310-t26_1","N/A","N/A","N/A","N/A","N/A","N/A"
"TGVEG_241610","TGVEG_241610-t26_1","N/A","N/A","N/A","N/A","N/A","N/A"
"TGVEG_241710","TGVEG_241710-t26_1","N/A","N/A","N/A","N/A","N/A","N/A"
"TGVEG_242400","TGVEG_242400-t26_1","N/A","N/A","ATP binding;calcium ion binding;calmodulin-dependent protein kinase activity;protein kinase activity","GO:0005524;GO:0005509;GO:0004683;GO:0004672","GO:0006468","protein phosphorylation"
"TGVEG_243440","TGVEG_243440-t26_1","GO:0005634","nucleus","N-acetyltransferase activity;histone acetyltransferase activity;protein binding","GO:0008080;GO:0004402;GO:0005515","N/A","N/A"
"TGVEG_243545","TGVEG_243545-t26_1","N/A","N/A","N/A","N/A","N/A","N/A"
"TGVEG_244440","TGVEG_244440-t26_1","GO:0016021","integral component of membrane","nucleoside transmembrane transporter activity","GO:0005337","GO:1901642;GO:0006810","nucleoside transmembrane transport;transport"
"TGVEG_244530","TGVEG_244530-t26_1","N/A","N/A","N/A","N/A","N/A","N/A"
"TGVEG_244620","TGVEG_244620-t26_1","N/A","N/A","ATP binding;MAP kinase kinase kinase activity;protein kinase activity","GO:0005524;GO:0004709;GO:0004672","GO:0006468","protein phosphorylation"
"TGVEG_247230","TGVEG_247230-t26_1","N/A","N/A","NAD(P)H oxidase H2O2-forming activity;calcium ion binding","GO:0016174;GO:0005509","N/A","N/A"
"TGVEG_247710","TGVEG_247710-t26_1","N/A","N/A","ATP binding;protein kinase activity","GO:0005524;GO:0004672","GO:0006468","protein phosphorylation"
"TGVEG_249260","TGVEG_249260-t26_1","N/A","N/A","ATP binding;MAP kinase activity;cyclin-dependent protein serine/threonine kinase activity;protein kinase activity","GO:0005524;GO:0004707;GO:0004693;GO:0004672","GO:0006468","protein phosphorylation"
"TGVEG_249470","TGVEG_249470-t26_1","N/A","N/A","ATP binding;protein kinase activity","GO:0005524;GO:0004672","GO:0006468","protein phosphorylation"
"TGVEG_249990","TGVEG_249990-t26_1","N/A","N/A","N/A","N/A","N/A","N/A"
"TGVEG_250680","TGVEG_250680-t26_1","GO:0005622","intracellular anatomical structure","ATP binding;GTPase activator activity;protein kinase activity","GO:0005524;GO:0005096;GO:0004672","GO:0006468;GO:0043087","protein phosphorylation;regulation of GTPase activity"
"TGVEG_250880","TGVEG_250880-t26_1","N/A","N/A","adenosine kinase activity;phosphotransferase activity, alcohol group as acceptor","GO:0004001;GO:0016773","GO:0006166","purine ribonucleoside salvage"
"TGVEG_252065","TGVEG_252065-t26_1","N/A","N/A","N/A","N/A","N/A","N/A"
"TGVEG_252190","TGVEG_252190-t26_1","N/A","N/A","N/A","N/A","N/A","N/A"
"TGVEG_252290","TGVEG_252290-t26_1","GO:0005737;GO:0042025;GO:0005634","cytoplasm;host cell nucleus;nucleus","nuclear import signal receptor activity;obsolete protein transporter activity;protein binding","GO:0061608;GO:0008565;GO:0005515","GO:0006606","protein import into nucleus"
"TGVEG_252360","TGVEG_252360-t26_1","N/A","N/A","ATP binding;calmodulin-dependent protein kinase activity;protein kinase activity","GO:0005524;GO:0004683;GO:0004672","GO:0006468","protein phosphorylation"
"TGVEG_252500","TGVEG_252500-t26_1","N/A","N/A","ATP binding;protein kinase activity","GO:0005524;GO:0004672","GO:0006468","protein phosphorylation"
"TGVEG_253330","TGVEG_253330-t26_1","N/A","N/A","ATP binding;protein kinase activity","GO:0005524;GO:0004672","GO:0006468","protein phosphorylation"
"TGVEG_253440","TGVEG_253440-t26_1","N/A","N/A","ATP binding;protein kinase activity;protein serine/threonine/tyrosine kinase activity","GO:0005524;GO:0004672;GO:0004712","GO:0006468","protein phosphorylation"
"TGVEG_253900","TGVEG_253900-t26_1","N/A","N/A","catalytic activity;metal ion binding;porphobilinogen synthase activity","GO:0003824;GO:0046872;GO:0004655","GO:0006779;GO:0033014","porphyrin-containing compound biosynthetic process;tetrapyrrole biosynthetic process"
"TGVEG_254000","TGVEG_254000-t26_1","N/A","N/A","N/A","N/A","N/A","N/A"
"TGVEG_254190","TGVEG_254190-t26_1","GO:0016020","membrane","ATP binding;catalytic activity;myosin light chain kinase activity;phosphotransferase activity, alcohol group as acceptor;protein kinase activity","GO:0005524;GO:0003824;GO:0004687;GO:0016773;GO:0004672","GO:0009103;GO:0006468","lipopolysaccharide biosynthetic process;protein phosphorylation"
"TGVEG_254370","TGVEG_254370-t26_1","GO:0016021","integral component of membrane","ATP binding;ATPase-coupled intramembrane lipid transporter activity;catalytic activity;guanylate cyclase activity;hydrolase activity;magnesium ion binding;metal ion binding;nucleotide binding;phosphorus-oxygen lyase activity","GO:0005524;GO:0140326;GO:0003824;GO:0004383;GO:0016787;GO:0000287;GO:0046872;GO:0000166;GO:0016849","GO:0009190;GO:0035556;GO:0008152;GO:0015914","cyclic nucleotide biosynthetic process;intracellular signal transduction;metabolic process;phospholipid transport"
"TGVEG_254470","TGVEG_254470-t26_1","GO:0016021","integral component of membrane","N/A","N/A","N/A","N/A"
"TGVEG_254555","TGVEG_254555-t26_1","GO:0005737;GO:0005634","cytoplasm;nucleus","N-acetyltransferase activity;histone acetyltransferase activity;protein binding","GO:0008080;GO:0004402;GO:0005515","N/A","N/A"
"TGVEG_254630","TGVEG_254630-t26_1","N/A","N/A","ATP binding;RNA polymerase II CTD heptapeptide repeat kinase activity;protein kinase activity","GO:0005524;GO:0008353;GO:0004672","GO:0006468","protein phosphorylation"
"TGVEG_255260","TGVEG_255260-t26_1","GO:0045177;GO:0005576;GO:0070258;GO:0016021;GO:0016020;GO:0005886","apical part of cell;extracellular region;inner membrane pellicle complex;integral component of membrane;membrane;plasma membrane","N/A","N/A","GO:0009405","obsolete pathogenesis"
"TGVEG_256030","TGVEG_256030-t26_1","N/A","N/A","N/A","N/A","GO:0035556","intracellular signal transduction"
"TGVEG_257120","TGVEG_257120-t26_1","GO:0016021;GO:0016020","integral component of membrane;membrane","transmembrane transporter activity","GO:0022857","GO:0008643;GO:0055085","carbohydrate transport;transmembrane transport"
"TGVEG_257530","TGVEG_257530-t26_1","GO:0016021","integral component of membrane","transmembrane transporter activity","GO:0022857","GO:0055085","transmembrane transport"
"TGVEG_258010","TGVEG_258010-t26_1","N/A","N/A","ATP binding;myosin light chain kinase activity;protein kinase activity","GO:0005524;GO:0004687;GO:0004672","GO:0006468","protein phosphorylation"
"TGVEG_258230","TGVEG_258230-t26_1","N/A","N/A","ATP binding;protein kinase activity","GO:0005524;GO:0004672","GO:0006468","protein phosphorylation"
"TGVEG_258370","TGVEG_258370-t26_1","N/A","N/A","ATP binding;protein kinase activity","GO:0005524;GO:0004672","GO:0006468","protein phosphorylation"
"TGVEG_258380","TGVEG_258380-t26_1","GO:0005737","cytoplasm","translation elongation factor activity","GO:0003746","GO:0043043;GO:0006414","peptide biosynthetic process;translational elongation"
"TGVEG_258580","TGVEG_258580-t26_1","N/A","N/A","ATP binding;protein kinase activity","GO:0005524;GO:0004672","GO:0006468","protein phosphorylation"
"TGVEG_258800","TGVEG_258800-t26_1","N/A","N/A","ATP binding;calmodulin-dependent protein kinase activity;protein kinase activity","GO:0005524;GO:0004683;GO:0004672","GO:0006468","protein phosphorylation"
"TGVEG_259020","TGVEG_259020-t26_1","GO:0005737;GO:0005886","cytoplasm;plasma membrane","N/A","N/A","N/A","N/A"
"TGVEG_259640","TGVEG_259640-t26_1","GO:0005643","nuclear pore","structural constituent of nuclear pore","GO:0017056","GO:0006913;GO:0006810","nucleocytoplasmic transport;transport"
"TGVEG_259720","TGVEG_259720-t26_1","N/A","N/A","N/A","N/A","N/A","N/A"
"TGVEG_262050","TGVEG_262050-t26_1","GO:0016020","membrane","ATP binding;myosin light chain kinase activity;phosphotransferase activity, alcohol group as acceptor;protein kinase activity","GO:0005524;GO:0004687;GO:0016773;GO:0004672","GO:0009103;GO:0006468","lipopolysaccharide biosynthetic process;protein phosphorylation"
"TGVEG_262730","TGVEG_262730-t26_1","GO:0045177","apical part of cell","ATP binding;protein kinase activity","GO:0005524;GO:0004672","GO:0006468","protein phosphorylation"
"TGVEG_263070","TGVEG_263070-t26_1","N/A","N/A","ATP binding;RNA polymerase II CTD heptapeptide repeat kinase activity;protein kinase activity","GO:0005524;GO:0008353;GO:0004672","GO:0006468","protein phosphorylation"
"TGVEG_263220","TGVEG_263220-t26_1","N/A","N/A","ATP binding;calmodulin-dependent protein kinase activity;protein kinase activity","GO:0005524;GO:0004683;GO:0004672","GO:0006468","protein phosphorylation"
"TGVEG_265330","TGVEG_265330-t26_1","N/A","N/A","ATP binding;protein kinase activity;protein serine/threonine kinase activity;tau-protein kinase activity","GO:0005524;GO:0004672;GO:0004674;GO:0050321","GO:0006468","protein phosphorylation"
"TGVEG_265450","TGVEG_265450-t26_1","GO:0005737;GO:0005623","cytoplasm;obsolete cell","ATP binding;glucose binding;hexokinase activity;phosphotransferase activity, alcohol group as acceptor","GO:0005524;GO:0005536;GO:0004396;GO:0016773","GO:0005975;GO:0001678;GO:0006096","carbohydrate metabolic process;cellular glucose homeostasis;glycolytic process"
"TGVEG_266100","TGVEG_266100-t26_1","N/A","N/A","ATP binding;protein kinase activity;protein serine/threonine kinase activity","GO:0005524;GO:0004672;GO:0004674","GO:0006468","protein phosphorylation"
"TGVEG_266320","TGVEG_266320-t26_1","GO:0016021","integral component of membrane","transferase activity","GO:0016740","N/A","N/A"
"TGVEG_266710","TGVEG_266710-t26_1","N/A","N/A","ATP binding;MAP kinase kinase activity;protein kinase activity","GO:0005524;GO:0004708;GO:0004672","GO:0006468","protein phosphorylation"
"TGVEG_266740","TGVEG_266740-t26_1","N/A","N/A","RNA binding;nucleic acid binding","GO:0003723;GO:0003676","N/A","N/A"
"TGVEG_266910","TGVEG_266910-t26_1","N/A","N/A","ATP binding;RNA polymerase II CTD heptapeptide repeat kinase activity;protein kinase activity","GO:0005524;GO:0008353;GO:0004672","GO:0006468","protein phosphorylation"
"TGVEG_267740","TGVEG_267740-t26_1","GO:0016021","integral component of membrane","N/A","N/A","N/A","N/A"
"TGVEG_268210","TGVEG_268210-t26_1","N/A","N/A","AMP-activated protein kinase activity;ATP binding;cAMP-dependent protein kinase activity;protein kinase activity","GO:0004679;GO:0005524;GO:0004691;GO:0004672","GO:0006468","protein phosphorylation"
"TGVEG_268850","TGVEG_268850-t26_1","GO:0005737;GO:0005634;GO:0000015","cytoplasm;nucleus;phosphopyruvate hydratase complex","magnesium ion binding;phosphopyruvate hydratase activity","GO:0000287;GO:0004634","GO:0006096","glycolytic process"
"TGVEG_268860","TGVEG_268860-t26_1","GO:0005737;GO:0005634;GO:0000015","cytoplasm;nucleus;phosphopyruvate hydratase complex","magnesium ion binding;phosphopyruvate hydratase activity","GO:0000287;GO:0004634","GO:0006096","glycolytic process"
"TGVEG_270240","TGVEG_270240-t26_1","GO:0020003","symbiont-containing vacuole","N/A","N/A","N/A","N/A"
"TGVEG_270690","TGVEG_270690-t26_1","N/A","N/A","GTP binding;GTPase activity;aminoacyl-tRNA ligase activity","GO:0005525;GO:0003924;GO:0004812","N/A","N/A"
"TGVEG_270850","TGVEG_270850-t26_1","GO:0016021","integral component of membrane","glucan endo-1,3-beta-D-glucosidase activity;hydrolase activity, hydrolyzing O-glycosyl compounds","GO:0042973;GO:0004553","GO:0005975","carbohydrate metabolic process"
"TGVEG_271050","TGVEG_271050-t26_1","GO:0016020;GO:0005886","membrane;plasma membrane","N/A","N/A","N/A","N/A"
"TGVEG_272200","TGVEG_272200-t26_1","N/A","N/A","AMP-activated protein kinase activity;ATP binding;cAMP-dependent protein kinase activity;calcium-dependent protein kinase C activity;protein kinase C activity;protein kinase activity","GO:0004679;GO:0005524;GO:0004691;GO:0004698;GO:0004697;GO:0004672","GO:0006468","protein phosphorylation"
"TGVEG_272460","TGVEG_272460-t26_1","GO:0016021","integral component of membrane","N/A","N/A","N/A","N/A"
"TGVEG_273500","TGVEG_273500-t26_1","N/A","N/A","protein binding;transferase activity","GO:0005515;GO:0016740","N/A","N/A"
"TGVEG_273610","TGVEG_273610-t26_1","N/A","N/A","N/A","N/A","N/A","N/A"
"TGVEG_273620","TGVEG_273620-t26_1","GO:0016021","integral component of membrane","N/A","N/A","N/A","N/A"
"TGVEG_274170","TGVEG_274170-t26_1","N/A","N/A","ATP binding;protein kinase activity","GO:0005524;GO:0004672","GO:0006468","protein phosphorylation"
"TGVEG_275490","TGVEG_275490-t26_1","GO:0005643","nuclear pore","structural constituent of nuclear pore","GO:0017056","N/A","N/A"
"TGVEG_277840","TGVEG_277840-t26_1","GO:0016020","membrane","GTP binding;GTPase activity","GO:0005525;GO:0003924","GO:0007165;GO:0007264","signal transduction;small GTPase mediated signal transduction"
"TGVEG_280570","TGVEG_280570-t26_1","GO:0016021;GO:0016020","integral component of membrane;membrane","N/A","N/A","N/A","N/A"
"TGVEG_281450","TGVEG_281450-t26_1","N/A","N/A","ATP binding;RNA polymerase II CTD heptapeptide repeat kinase activity;protein kinase activity","GO:0005524;GO:0008353;GO:0004672","GO:0006468","protein phosphorylation"
"TGVEG_283480","TGVEG_283480-t26_1","N/A","N/A","ATP binding;protein kinase activity;protein serine/threonine/tyrosine kinase activity","GO:0005524;GO:0004672;GO:0004712","GO:0006468","protein phosphorylation"
"TGVEG_285160","TGVEG_285160-t26_1","N/A","N/A","ATP binding;RNA polymerase II CTD heptapeptide repeat kinase activity;protein kinase activity","GO:0005524;GO:0008353;GO:0004672","GO:0006468","protein phosphorylation"
"TGVEG_286450","TGVEG_286450-t26_1","GO:0045177;GO:0016021;GO:0020003","apical part of cell;integral component of membrane;symbiont-containing vacuole","N/A","N/A","N/A","N/A"
"TGVEG_286470","TGVEG_286470-t26_1","N/A","N/A","AMP-activated protein kinase activity;ATP binding;cAMP-dependent protein kinase activity;protein kinase activity;protein serine/threonine kinase activity","GO:0004679;GO:0005524;GO:0004691;GO:0004672;GO:0004674","GO:0006468","protein phosphorylation"
"TGVEG_288380","TGVEG_288380-t26_1","GO:0005737;GO:0005634","cytoplasm;nucleus","ATP binding;unfolded protein binding","GO:0005524;GO:0051082","GO:0006457;GO:0006950","protein folding;response to stress"
"TGVEG_288440","TGVEG_288440-t26_1","N/A","N/A","ATP binding;MAP kinase kinase activity;phosphorelay response regulator activity;protein kinase activity","GO:0005524;GO:0004708;GO:0000156;GO:0004672","GO:0000160;GO:0006468;GO:0006355","phosphorelay signal transduction system;protein phosphorylation;regulation of transcription, DNA-templated"
"TGVEG_288650","TGVEG_288650-t26_1","GO:0045177;GO:0020003","apical part of cell;symbiont-containing vacuole","N/A","N/A","N/A","N/A"
"TGVEG_289050","TGVEG_289050-t26_1","N/A","N/A","ATP binding;protein kinase activity","GO:0005524;GO:0004672","GO:0006468","protein phosphorylation"
"TGVEG_289100","TGVEG_289100-t26_1","N/A","N/A","N/A","N/A","N/A","N/A"
"TGVEG_289170","TGVEG_289170-t26_1","GO:0016021;GO:0016020","integral component of membrane;membrane","ion channel activity;phosphorus-oxygen lyase activity","GO:0005216;GO:0016849","GO:0009190;GO:0035556;GO:0006811;GO:0055085","cyclic nucleotide biosynthetic process;intracellular signal transduction;ion transport;transmembrane transport"
"TGVEG_289320","TGVEG_289320-t26_1","N/A","N/A","ATP binding;non-membrane spanning protein tyrosine kinase activity;protein kinase activity;protein serine/threonine kinase activity","GO:0005524;GO:0004715;GO:0004672;GO:0004674","GO:0006468","protein phosphorylation"
"TGVEG_290860","TGVEG_290860-t26_1","GO:0016021","integral component of membrane","N/A","N/A","N/A","N/A"
"TGVEG_291040","TGVEG_291040-t26_1","GO:0005737","cytoplasm","L-lactate dehydrogenase activity;catalytic activity;oxidoreductase activity;oxidoreductase activity, acting on the CH-OH group of donors, NAD or NADP as acceptor","GO:0004459;GO:0003824;GO:0016491;GO:0016616","GO:0005975;GO:0019752;GO:0055114","carbohydrate metabolic process;carboxylic acid metabolic process;obsolete oxidation-reduction process"
"TGVEG_291050","TGVEG_291050-t26_1","N/A","N/A","ATP binding;myosin light chain kinase activity;protein kinase activity","GO:0005524;GO:0004687;GO:0004672","GO:0006468","protein phosphorylation"
"TGVEG_291960","TGVEG_291960-t26_1","N/A","N/A","kinase activity","GO:0016301","N/A","N/A"
"TGVEG_292140","TGVEG_292140-t26_1","N/A","N/A","ATP binding;protein kinase activity","GO:0005524;GO:0004672","GO:0006468","protein phosphorylation"
"TGVEG_293810","TGVEG_293810-t26_1","N/A","N/A","catalytic activity;methylisocitrate lyase activity","GO:0003824;GO:0046421","GO:0008152","metabolic process"
"TGVEG_294260","TGVEG_294260-t26_1","N/A","N/A","ATP binding;calmodulin-dependent protein kinase activity;protein kinase activity","GO:0005524;GO:0004683;GO:0004672","GO:0006468","protein phosphorylation"
"TGVEG_294560","TGVEG_294560-t26_1","N/A","N/A","ATP binding;protein kinase activity","GO:0005524;GO:0004672","GO:0006468","protein phosphorylation"
"TGVEG_294790","TGVEG_294790-t26_1","N/A","N/A","N/A","N/A","N/A","N/A"
"TGVEG_295460","TGVEG_295460-t26_1","GO:0016021","integral component of membrane","N/A","N/A","GO:0016192","vesicle-mediated transport"
"TGVEG_296000","TGVEG_296000-t26_1","N/A","N/A","ATP binding;protein kinase activity","GO:0005524;GO:0004672","GO:0006468","protein phosphorylation"
"TGVEG_296020","TGVEG_296020-t26_1","N/A","N/A","N/A","N/A","N/A","N/A"
"TGVEG_297510","TGVEG_297510-t26_1","GO:0016021","integral component of membrane","N/A","N/A","N/A","N/A"
"TGVEG_297880","TGVEG_297880-t26_1","N/A","N/A","N/A","N/A","N/A","N/A"
"TGVEG_300100","TGVEG_300100-t26_1","GO:0045177;GO:0070258;GO:0016021","apical part of cell;inner membrane pellicle complex;integral component of membrane","N/A","N/A","N/A","N/A"
"TGVEG_304740","TGVEG_304740-t26_1","N/A","N/A","ATP binding;non-membrane spanning protein tyrosine kinase activity;protein kinase activity","GO:0005524;GO:0004715;GO:0004672","GO:0006468","protein phosphorylation"
"TGVEG_304970","TGVEG_304970-t26_1","N/A","N/A","ATP binding;RNA polymerase II CTD heptapeptide repeat kinase activity;protein kinase activity","GO:0005524;GO:0008353;GO:0004672","GO:0006468","protein phosphorylation"
"TGVEG_305340","TGVEG_305340-t26_1","N/A","N/A","protein binding","GO:0005515","N/A","N/A"
"TGVEG_305790","TGVEG_305790-t26_1","N/A","N/A","phosphatase activity;protein tyrosine phosphatase activity","GO:0016791;GO:0004725","GO:0016311","dephosphorylation"
"TGVEG_307030","TGVEG_307030-t26_1","N/A","N/A","catalytic activity","GO:0003824","GO:0009116","nucleoside metabolic process"
"TGVEG_308075","TGVEG_308075-t26_1","N/A","N/A","N/A","N/A","N/A","N/A"
"TGVEG_309600","TGVEG_309600-t26_1","N/A","N/A","N/A","N/A","N/A","N/A"
"TGVEG_309920","TGVEG_309920-t26_1","N/A","N/A","N/A","N/A","N/A","N/A"
"TGVEG_310440","TGVEG_310440-t26_1","GO:0045177;GO:0005737;GO:0070258;GO:0005634","apical part of cell;cytoplasm;inner membrane pellicle complex;nucleus","histone-lysine N-methyltransferase activity;kinase activity","GO:0018024;GO:0016301","N/A","N/A"
"TGVEG_310610","TGVEG_310610-t26_1","N/A","N/A","N/A","N/A","N/A","N/A"
"TGVEG_311100","TGVEG_311100-t26_1","N/A","N/A","metal ion binding;nucleic acid binding;zinc ion binding","GO:0046872;GO:0003676;GO:0008270","N/A","N/A"
"TGVEG_311110","TGVEG_311110-t26_1","N/A","N/A","N/A","N/A","GO:0071569","protein ufmylation"
"TGVEG_311300","TGVEG_311300-t26_1","GO:0005952","cAMP-dependent protein kinase complex","cAMP binding;cAMP-dependent protein kinase regulator activity;cGMP-dependent protein kinase activity","GO:0030552;GO:0008603;GO:0004692","GO:0001932","regulation of protein phosphorylation"
"TGVEG_311360","TGVEG_311360-t26_1","GO:0005737;GO:0005886","cytoplasm;plasma membrane","ATP binding;cGMP-dependent protein kinase activity;protein kinase activity","GO:0005524;GO:0004692;GO:0004672","GO:0006468","protein phosphorylation"
"TGVEG_312480","TGVEG_312480-t26_1","N/A","N/A","uracil phosphoribosyltransferase activity","GO:0004845","GO:0009116","nucleoside metabolic process"
"TGVEG_312570","TGVEG_312570-t26_1","N/A","N/A","ATP binding;MAP kinase activity;protein kinase activity;tau-protein kinase activity","GO:0005524;GO:0004707;GO:0004672;GO:0050321","GO:0006468","protein phosphorylation"
"TGVEG_312630","TGVEG_312630-t26_1","N/A","N/A","protein binding","GO:0005515","N/A","N/A"
"TGVEG_313180","TGVEG_313180-t26_1","N/A","N/A","ATP binding;protein kinase activity;protein serine/threonine/tyrosine kinase activity","GO:0005524;GO:0004672;GO:0004712","GO:0006468","protein phosphorylation"
"TGVEG_313330","TGVEG_313330-t26_1","GO:0016021","integral component of membrane","ATP binding;calmodulin-dependent protein kinase activity;protein kinase activity","GO:0005524;GO:0004683;GO:0004672","GO:0006468","protein phosphorylation"
"TGVEG_315730","TGVEG_315730-t26_1","GO:0005576;GO:0016021;GO:0016020;GO:0005886","extracellular region;integral component of membrane;membrane;plasma membrane","N/A","N/A","GO:0009405","obsolete pathogenesis"
"TGVEG_315950","TGVEG_315950-t26_1","N/A","N/A","N/A","N/A","N/A","N/A"
"TGVEG_316150","TGVEG_316150-t26_1","N/A","N/A","ATP binding;myosin light chain kinase activity;protein kinase activity","GO:0005524;GO:0004687;GO:0004672","GO:0006468","protein phosphorylation"
"TGVEG_316250","TGVEG_316250-t26_1","N/A","N/A","N/A","N/A","N/A","N/A"
"TGVEG_318330","TGVEG_318330-t26_1","GO:0035267;GO:0005634","NuA4 histone acetyltransferase complex;nucleus","acyltransferase activity, transferring groups other than amino-acyl groups;histone acetyltransferase activity","GO:0016747;GO:0004402","GO:0016573;GO:0006355","histone acetylation;regulation of transcription, DNA-templated"
"TGVEG_319560","TGVEG_319560-t26_1","GO:0045177;GO:0005886","apical part of cell;plasma membrane","N/A","N/A","N/A","N/A"
"TGVEG_319610","TGVEG_319610-t26_1","N/A","N/A","ATP binding;RNA polymerase II CTD heptapeptide repeat kinase activity;protein binding;protein kinase activity","GO:0005524;GO:0008353;GO:0005515;GO:0004672","GO:0006468","protein phosphorylation"
"TGVEG_319700","TGVEG_319700-t26_1","N/A","N/A","ATP binding;MAP kinase kinase kinase activity;protein kinase activity","GO:0005524;GO:0004709;GO:0004672","GO:0006468","protein phosphorylation"
"TGVEG_320000","TGVEG_320000-t26_1","N/A","N/A","ATP binding;protein kinase activity","GO:0005524;GO:0004672","GO:0006468","protein phosphorylation"
"TGVEG_320020","TGVEG_320020-t26_1","GO:0016021","integral component of membrane","transmembrane transporter activity","GO:0022857","GO:0055085","transmembrane transport"
"TGVEG_320490","TGVEG_320490-t26_1","GO:0016021","integral component of membrane","N/A","N/A","N/A","N/A"
"TGVEG_321310","TGVEG_321310-t26_1","GO:0005840","ribosome","nucleic acid binding;ribosome binding","GO:0003676;GO:0043022","GO:0006364","rRNA processing"
"TGVEG_363030","TGVEG_363030-t26_1","N/A","N/A","ATP binding;protein kinase activity","GO:0005524;GO:0004672","GO:0006468","protein phosphorylation"
"TGVEG_441370","TGVEG_441370-t26_1","GO:0016021","integral component of membrane","N/A","N/A","N/A","N/A"
"TGARI_312630A","TGARI_312630A-t30_1","N/A","N/A","protein binding","GO:0005515","N/A","N/A"
"TGARI_312630B","TGARI_312630B-t30_1","N/A","N/A","N/A","N/A","N/A","N/A"
"TGBR9_312630A","TGBR9_312630A-t46_1","N/A","N/A","protein binding","GO:0005515","N/A","N/A"
"TGBR9_312630B","TGBR9_312630B-t46_1","N/A","N/A","N/A","N/A","N/A","N/A"
"TGBR9_312630C","TGBR9_312630C-t46_1","N/A","N/A","N/A","N/A","N/A","N/A"
"TGCAST_203780","TGCAST_203780-t46_1","N/A","N/A","N/A","N/A","N/A","N/A"
"TGCAST_275490","TGCAST_275490-t46_1","GO:0005643","nuclear pore","structural constituent of nuclear pore","GO:0017056","N/A","N/A"
"TGCAST_305790","TGCAST_305790-t46_1","N/A","N/A","phosphatase activity;protein tyrosine phosphatase activity","GO:0016791;GO:0004725","GO:0016311","dephosphorylation"
"TGCAST_310610","TGCAST_310610-t46_1","N/A","N/A","N/A","N/A","N/A","N/A"
"TGCOUG_203780","TGCOUG_203780-t46_1","N/A","N/A","N/A","N/A","N/A","N/A"
"TGCOUG_275490","TGCOUG_275490-t46_1","GO:0016021;GO:0005643","integral component of membrane;nuclear pore","structural constituent of nuclear pore","GO:0017056","N/A","N/A"
"TGCOUG_310610","TGCOUG_310610-t46_1","N/A","N/A","N/A","N/A","N/A","N/A"
"TGCOUG_315950","TGCOUG_315950-t46_1","N/A","N/A","N/A","N/A","N/A","N/A"
"TGDOM2_203780","TGDOM2_203780-t30_1","N/A","N/A","N/A","N/A","N/A","N/A"
"TGDOM2_275490","TGDOM2_275490-t30_1","GO:0005643","nuclear pore","structural constituent of nuclear pore","GO:0017056","N/A","N/A"
"TGDOM2_305790","TGDOM2_305790-t30_1","N/A","N/A","phosphatase activity;protein tyrosine phosphatase activity","GO:0016791;GO:0004725","GO:0016311","dephosphorylation"
"TGDOM2_310610","TGDOM2_310610-t30_1","N/A","N/A","N/A","N/A","N/A","N/A"
"TGFOU_312630A","TGFOU_312630A-t30_1","N/A","N/A","protein binding","GO:0005515","N/A","N/A"
"TGFOU_312630B","TGFOU_312630B-t30_1","N/A","N/A","N/A","N/A","N/A","N/A"
"TGFOU_312630C","TGFOU_312630C-t30_1","N/A","N/A","N/A","N/A","N/A","N/A"
"TGGT1_226870A","TGGT1_226870A-t26_1","GO:0000930;GO:0005874;GO:0032991","gamma-tubulin complex;microtubule;protein-containing complex","GTP binding;GTPase activity","GO:0005525;GO:0003924","GO:0031122;GO:0007020;GO:0007017;GO:0006184;GO:0051258","cytoplasmic microtubule organization;microtubule nucleation;microtubule-based process;obsolete GTP catabolic process;protein polymerization"
"TGGT1_226870B","TGGT1_226870B-t26_1","GO:0000930;GO:0005874;GO:0032991","gamma-tubulin complex;microtubule;protein-containing complex","GTP binding;GTPase activity","GO:0005525;GO:0003924","GO:0031122;GO:0007020;GO:0007017;GO:0006184;GO:0051258","cytoplasmic microtubule organization;microtubule nucleation;microtubule-based process;obsolete GTP catabolic process;protein polymerization"
"TGGT1_259200B","TGGT1_259200B-t26_1","GO:0016021;GO:0005886","integral component of membrane;plasma membrane","solute:proton antiporter activity","GO:0015299","GO:0006812;GO:0055085","cation transport;transmembrane transport"
"TGGT1_285980A","TGGT1_285980A-t26_1","GO:0045177;GO:0005737","apical part of cell;cytoplasm","intramolecular transferase activity, phosphotransferases;magnesium ion binding;phosphoglucomutase activity","GO:0016868;GO:0000287;GO:0004614","GO:0005975","carbohydrate metabolic process"
"TGGT1_285980B","TGGT1_285980B-t26_1","GO:0045177;GO:0005737","apical part of cell;cytoplasm","intramolecular transferase activity, phosphotransferases;phosphoglucomutase activity","GO:0016868;GO:0004614","GO:0005975;GO:0071704","carbohydrate metabolic process;organic substance metabolic process"
"TGGT1_316400A","TGGT1_316400A-t26_1","GO:0045177;GO:0070258;GO:0032991","apical part of cell;inner membrane pellicle complex;protein-containing complex","GTP binding;GTPase activity","GO:0005525;GO:0003924","GO:0006184;GO:0051258","obsolete GTP catabolic process;protein polymerization"
"TGMAS_312630A","TGMAS_312630A-t30_1","N/A","N/A","N/A","N/A","N/A","N/A"
"TGMAS_312630B","TGMAS_312630B-t30_1","N/A","N/A","protein binding","GO:0005515","N/A","N/A"
"TGMAS_312630C","TGMAS_312630C-t30_1","N/A","N/A","N/A","N/A","N/A","N/A"
"TGME49_200010","TGME49_200010.R447","N/A","N/A","N/A","N/A","N/A","N/A"
"TGME49_200110","TGME49_200110-t26_1","N/A","N/A","N/A","N/A","N/A","N/A"
"TGME49_200130","TGME49_200130-t26_1","GO:0016020","membrane","N/A","N/A","N/A","N/A"
"TGME49_200230","TGME49_200230-t26_1","GO:0005576","extracellular region","protein binding","GO:0005515","GO:0006508","proteolysis"
"TGME49_200240","TGME49_200240-t26_1","GO:0005576","extracellular region","protein binding","GO:0005515","GO:0006508","proteolysis"
"TGME49_200250","TGME49_200250-t26_1","GO:0005576","extracellular region","protein binding","GO:0005515","GO:0006508","proteolysis"
"TGME49_200270","TGME49_200270-t26_1","GO:0005576","extracellular region","protein binding","GO:0005515","GO:0006508","proteolysis"
"TGME49_200290","TGME49_200290-t26_1","GO:0016021;GO:0016020","integral component of membrane;membrane","serine-type endopeptidase activity","GO:0004252","GO:0006508","proteolysis"
"TGME49_200320","TGME49_200320.R449","N/A","N/A","hypoxanthine phosphoribosyltransferase activity","GO:0004422","GO:0006166","purine ribonucleoside salvage"
"TGME49_200320","TGME49_200320.R450","GO:0005737","cytoplasm","guanine phosphoribosyltransferase activity;hypoxanthine phosphoribosyltransferase activity;metal ion binding;nucleotide binding","GO:0052657;GO:0004422;GO:0046872;GO:0000166","GO:0032264;GO:0006166","IMP salvage;purine ribonucleoside salvage"
"TGME49_200320","TGME49_200320.R451","GO:0005737","cytoplasm","guanine phosphoribosyltransferase activity;hypoxanthine phosphoribosyltransferase activity;metal ion binding;nucleotide binding","GO:0052657;GO:0004422;GO:0046872;GO:0000166","GO:0032264;GO:0006166","IMP salvage;purine ribonucleoside salvage"
"TGME49_200320","TGME49_200320.R452","N/A","N/A","guanine phosphoribosyltransferase activity;hypoxanthine phosphoribosyltransferase activity","GO:0052657;GO:0004422","GO:0009116;GO:0006166","nucleoside metabolic process;purine ribonucleoside salvage"
"TGME49_200350","TGME49_200350.R455","N/A","N/A","serine-type endopeptidase activity;serine-type peptidase activity","GO:0004252;GO:0008236","GO:0006508","proteolysis"
"TGME49_200360","TGME49_200360-t26_1","N/A","N/A","N/A","N/A","N/A","N/A"
"TGME49_200370","TGME49_200370.R456","GO:0005965","protein farnesyltransferase complex","catalytic activity;protein farnesyltransferase activity;protein prenyltransferase activity;zinc ion binding","GO:0003824;GO:0004660;GO:0008318;GO:0008270","GO:0018343","protein farnesylation"
"TGME49_200385","TGME49_200385.R457","N/A","N/A","DNA binding","GO:0003677","N/A","N/A"
"TGME49_200400","TGME49_200400.R458","N/A","N/A","calcium ion binding","GO:0005509","N/A","N/A"
"TGME49_200480","TGME49_200480-t26_1","GO:0016020","membrane","N/A","N/A","N/A","N/A"
"TGME49_200590","TGME49_200590-t26_1","GO:0016020","membrane","N/A","N/A","N/A","N/A"
"TGME49_200595","TGME49_200595-t26_1","N/A","N/A","N/A","N/A","N/A","N/A"
"TGME49_200600","TGME49_200600.R463","N/A","N/A","N/A","N/A","N/A","N/A"
"TGME49_200700","TGME49_200700-t26_1","GO:0016020","membrane","N/A","N/A","N/A","N/A"
"TGME49_201130","TGME49_201130-t26_1","N/A","N/A","ATP binding;protein kinase activity","GO:0005524;GO:0004672","GO:0006468","protein phosphorylation"
"TGME49_201180","TGME49_201180.R465","N/A","N/A","N/A","N/A","N/A","N/A"
"TGME49_201200","TGME49_201200.R466","N/A","N/A","RNA binding;metal ion binding","GO:0003723;GO:0046872","N/A","N/A"
"TGME49_201220","TGME49_201220.R467","N/A","N/A","zinc ion binding","GO:0008270","N/A","N/A"
"TGME49_201230","TGME49_201230-t26_1","N/A","N/A","ATP binding;microtubule binding;microtubule motor activity","GO:0005524;GO:0008017;GO:0003777","GO:0007018","microtubule-based movement"
"TGME49_201260","TGME49_201260.R468","GO:0016021;GO:0016020","integral component of membrane;membrane","transmembrane transporter activity","GO:0022857","GO:0008643;GO:0055085","carbohydrate transport;transmembrane transport"
"TGME49_201380","TGME49_201380-t26_1","N/A","N/A","chorismate synthase activity","GO:0004107","GO:0009073;GO:0008652;GO:0009423","aromatic amino acid family biosynthetic process;cellular amino acid biosynthetic process;chorismate biosynthetic process"
"TGME49_201390","TGME49_201390-t26_1","GO:0016020","membrane","N/A","N/A","N/A","N/A"
"TGME49_201520","TGME49_201520-t26_1","N/A","N/A","catalytic activity;myosin phosphatase activity;phosphoprotein phosphatase activity;protein serine/threonine phosphatase activity","GO:0003824;GO:0017018;GO:0004721;GO:0004722","GO:0006470","protein dephosphorylation"
"TGME49_201630","TGME49_201630-t26_1","N/A","N/A","catalytic activity;myosin phosphatase activity;phosphoprotein phosphatase activity;protein serine/threonine phosphatase activity","GO:0003824;GO:0017018;GO:0004721;GO:0004722","GO:0006470","protein dephosphorylation"
"TGME49_201680","TGME49_201680-t26_1","GO:0005852","eukaryotic translation initiation factor 3 complex","translation initiation factor activity","GO:0003743","N/A","N/A"
"TGME49_201760","TGME49_201760.R471","N/A","N/A","N/A","N/A","N/A","N/A"
"TGME49_201780","TGME49_201780.R473","GO:0005886","plasma membrane","protein binding","GO:0005515","N/A","N/A"
"TGME49_201800","TGME49_201800.R475","N/A","N/A","N/A","N/A","N/A","N/A"
"TGME49_201830","TGME49_201830.R476","N/A","N/A","N/A","N/A","N/A","N/A"
"TGME49_201840","TGME49_201840-t26_1","GO:0016020","membrane","aspartic-type endopeptidase activity","GO:0004190","GO:0006508","proteolysis"
"TGME49_202020","TGME49_202020.R479","N/A","N/A","ATP binding;ATP-dependent protein folding chaperone;protein binding","GO:0005524;GO:0140662;GO:0005515","N/A","N/A"
"TGME49_202220","TGME49_202220.R486","N/A","N/A","N/A","N/A","N/A","N/A"
"TGME49_202310","TGME49_202310-t26_1","GO:0000408;GO:0005737;GO:0005634","EKC/KEOPS complex;cytoplasm;nucleus","N(6)-L-threonylcarbamoyladenine synthase activity;hydrolase activity;metal ion binding;metalloendopeptidase activity","GO:0061711;GO:0016787;GO:0046872;GO:0004222","GO:0006508;GO:0002949","proteolysis;tRNA threonylcarbamoyladenosine modification"
"TGME49_202350","TGME49_202350-t26_1","GO:0005737;GO:0005622;GO:0005840","cytoplasm;intracellular anatomical structure;ribosome","RNA binding;structural constituent of ribosome","GO:0003723;GO:0003735","GO:0006412","translation"
"TGME49_202390","TGME49_202390-t26_1","N/A","N/A","N/A","N/A","N/A","N/A"
"TGME49_202440","TGME49_202440.R489","N/A","N/A","N/A","N/A","N/A","N/A"
"TGME49_202450","TGME49_202450.R490","GO:0016020","membrane","N/A","N/A","N/A","N/A"
"TGME49_202490","TGME49_202490-t26_1","N/A","N/A","metal ion binding;protein binding","GO:0046872;GO:0005515","N/A","N/A"
"TGME49_202550","TGME49_202550.R494","N/A","N/A","phosphoprotein phosphatase activity;protein binding","GO:0004721;GO:0005515","N/A","N/A"
"TGME49_202580","TGME49_202580.R495","GO:0005622","intracellular anatomical structure","ATP binding;ATP hydrolysis activity;transcription factor binding","GO:0005524;GO:0016887;GO:0008134","GO:0006355","regulation of transcription, DNA-templated"
"TGME49_202610","TGME49_202610.R496","GO:0016020","membrane","catalytic activity;myosin phosphatase activity;phosphoprotein phosphatase activity;protein serine/threonine phosphatase activity","GO:0003824;GO:0017018;GO:0004721;GO:0004722","GO:0006470","protein dephosphorylation"
"TGME49_202620","TGME49_202620.R497","GO:0016020","membrane","N/A","N/A","N/A","N/A"
"TGME49_202630","TGME49_202630-t26_1","GO:0016020","membrane","ATP binding;ATP hydrolysis activity;ATP-dependent peptidase activity;metalloendopeptidase activity;microtubule-severing ATPase activity","GO:0005524;GO:0016887;GO:0004176;GO:0004222;GO:0008568","GO:0006508","proteolysis"
"TGME49_202640","TGME49_202640.R498","N/A","N/A","RNA binding;pseudouridine synthase activity","GO:0003723;GO:0009982","GO:0009451;GO:0001522","RNA modification;pseudouridine synthesis"
"TGME49_202680","TGME49_202680.R499","N/A","N/A","metal ion binding;metalloendopeptidase activity;zinc ion binding","GO:0046872;GO:0004222;GO:0008270","GO:0006508","proteolysis"
"TGME49_202780","TGME49_202780-t26_1","GO:0016020","membrane","ATP binding;calmodulin-dependent protein kinase activity;protein kinase activity","GO:0005524;GO:0004683;GO:0004672","GO:0006468","protein phosphorylation"
"TGME49_202810","TGME49_202810-t26_1","N/A","N/A","heat shock protein binding","GO:0031072","N/A","N/A"
"TGME49_202830","TGME49_202830.R501","N/A","N/A","protein binding","GO:0005515","N/A","N/A"
"TGME49_202895","TGME49_202895-t26_1","N/A","N/A","N/A","N/A","N/A","N/A"
"TGME49_202930","TGME49_202930.R506","N/A","N/A","N/A","N/A","N/A","N/A"
"TGME49_203010","TGME49_203010-t26_1","N/A","N/A","ATP binding;myosin light chain kinase activity;protein kinase activity;protein serine kinase activity;protein serine/threonine kinase activity","GO:0005524;GO:0004687;GO:0004672;GO:0106310;GO:0004674","GO:0006468","protein phosphorylation"
"TGME49_203050","TGME49_203050-t26_1","GO:0005634","nucleus","DNA binding;DNA-binding transcription factor activity","GO:0003677;GO:0003700","GO:0006355","regulation of transcription, DNA-templated"
"TGME49_203290","TGME49_203290.R516","N/A","N/A","N/A","N/A","N/A","N/A"
"TGME49_203310","TGME49_203310.R517","GO:0005576;GO:0016020","extracellular region;membrane","N/A","N/A","N/A","N/A"
"TGME49_203440","TGME49_203440.R522","GO:0005680","anaphase-promoting complex","N/A","N/A","GO:0031145;GO:0007049;GO:0051301","anaphase-promoting complex-dependent catabolic process;cell cycle;cell division"
"TGME49_203450","TGME49_203450.R523","N/A","N/A","N/A","N/A","N/A","N/A"
"TGME49_203450","TGME49_203450.R524","N/A","N/A","N/A","N/A","N/A","N/A"
"TGME49_203600","TGME49_203600.R527","GO:0016020","membrane","N/A","N/A","N/A","N/A"
"TGME49_203620","TGME49_203620.R528","N/A","N/A","N/A","N/A","N/A","N/A"
"TGME49_203630","TGME49_203630.R529","GO:0005622;GO:1990904;GO:0005840","intracellular anatomical structure;ribonucleoprotein complex;ribosome","structural constituent of ribosome","GO:0003735","GO:0006412","translation"
"TGME49_203690","TGME49_203690.R530","GO:0005634","nucleus","DNA binding;DNA-binding transcription factor activity","GO:0003677;GO:0003700","GO:0006355","regulation of transcription, DNA-templated"
"TGME49_203710","TGME49_203710-t26_1","GO:0005634","nucleus","DNA binding;DNA-binding transcription factor activity","GO:0003677;GO:0003700","GO:0006355","regulation of transcription, DNA-templated"
"TGME49_203780","TGME49_203780-t26_1","N/A","N/A","N/A","N/A","N/A","N/A"
"TGME49_203910","TGME49_203910-t26_1","GO:0005622","intracellular anatomical structure","GTPase activator activity","GO:0005096","GO:0043087","regulation of GTPase activity"
"TGME49_203950","TGME49_203950-t26_1","GO:0005634","nucleus","DNA binding;protein binding","GO:0003677;GO:0005515","N/A","N/A"
"TGME49_203980","TGME49_203980.R539","N/A","N/A","N/A","N/A","N/A","N/A"
"TGME49_203990","TGME49_203990-t26_1","N/A","N/A","N/A","N/A","N/A","N/A"
"TGME49_204020","TGME49_204020-t26_1","GO:0005622;GO:0015934;GO:0005840","intracellular anatomical structure;large ribosomal subunit;ribosome","RNA binding;structural constituent of ribosome","GO:0003723;GO:0003735","GO:0006412","translation"
"TGME49_204050","TGME49_204050.R540","N/A","N/A","serine-type endopeptidase activity;serine-type peptidase activity","GO:0004252;GO:0008236","GO:0006508","proteolysis"
"TGME49_204060","TGME49_204060.R541","GO:0016020","membrane","protein binding","GO:0005515","GO:0016192","vesicle-mediated transport"
"TGME49_204070","TGME49_204070-t26_1","N/A","N/A","RNA binding","GO:0003723","N/A","N/A"
"TGME49_204090","TGME49_204090-t26_1","N/A","N/A","kinase activity","GO:0016301","GO:0016310","phosphorylation"
"TGME49_204100","TGME49_204100-t26_1","N/A","N/A","ATP binding;protein kinase activity","GO:0005524;GO:0004672","GO:0006468","protein phosphorylation"
"TGME49_204130","TGME49_204130.R543","N/A","N/A","N/A","N/A","N/A","N/A"
"TGME49_204270","TGME49_204270.R545","GO:0016020","membrane","N/A","N/A","N/A","N/A"
"TGME49_204280","TGME49_204280-t26_1","N/A","N/A","ATP binding;MAP kinase activity;protein kinase activity;protein serine/threonine/tyrosine kinase activity","GO:0005524;GO:0004707;GO:0004672;GO:0004712","GO:0006468","protein phosphorylation"
"TGME49_204340","TGME49_204340.R548","GO:0016020","membrane","N/A","N/A","N/A","N/A"
"TGME49_204360","TGME49_204360-t26_1","GO:0016020","membrane","serine-type endopeptidase activity;serine-type peptidase activity","GO:0004252;GO:0008236","GO:0006508","proteolysis"
"TGME49_204370","TGME49_204370.R549","GO:0005743","mitochondrial inner membrane","N/A","N/A","GO:0006850","mitochondrial pyruvate transmembrane transport"
"TGME49_204400","TGME49_204400.R551","GO:0045261;GO:0016469;GO:0033178","proton-transporting ATP synthase complex, catalytic core F(1);proton-transporting two-sector ATPase complex;proton-transporting two-sector ATPase complex, catalytic domain","ATP binding;ATPase-coupled transmembrane transporter activity;adenyl ribonucleotide binding;proton-transporting ATP synthase activity, rotational mechanism;proton-transporting ATPase activity, rotational mechanism","GO:0005524;GO:0042626;GO:0032559;GO:0046933;GO:0046961","GO:0046034;GO:0015986;GO:1902600","ATP metabolic process;ATP synthesis coupled proton transport;proton transmembrane transport"
"TGME49_204420","TGME49_204420.R552","N/A","N/A","N/A","N/A","N/A","N/A"
"TGME49_204530","TGME49_204530.R557","N/A","N/A","N/A","N/A","N/A","N/A"
"TGME49_204550","TGME49_204550-t26_1","N/A","N/A","N/A","N/A","N/A","N/A"
"TGME49_204880","TGME49_204880-t26_1","N/A","N/A","N/A","N/A","N/A","N/A"
"TGME49_205030","TGME49_205030-t26_1","GO:0005794;GO:0016020","Golgi apparatus;membrane","N/A","N/A","GO:0015031","protein transport"
"TGME49_205250","TGME49_205250-t26_1","GO:0016020","membrane","ATP binding;myosin light chain kinase activity;protein kinase activity","GO:0005524;GO:0004687;GO:0004672","GO:0006468","protein phosphorylation"
"TGME49_205265","TGME49_205265.R563","GO:0016020;GO:0005886","membrane;plasma membrane","cation channel activity;ion channel activity","GO:0005261;GO:0005216","GO:0006811;GO:0055085","ion transport;transmembrane transport"
"TGME49_205320","TGME49_205320-t26_1","N/A","N/A","N/A","N/A","N/A","N/A"
"TGME49_205340","TGME49_205340-t26_1","GO:1990904;GO:0005840","ribonucleoprotein complex;ribosome","structural constituent of ribosome","GO:0003735","GO:0006412","translation"
"TGME49_205360","TGME49_205360-t26_1","GO:0016020","membrane","N/A","N/A","N/A","N/A"
"TGME49_205380","TGME49_205380.R567","N/A","N/A","fructose 1,6-bisphosphate 1-phosphatase activity;phosphatase activity;phosphoric ester hydrolase activity","GO:0042132;GO:0016791;GO:0042578","GO:0005975","carbohydrate metabolic process"
"TGME49_205470","TGME49_205470.R571","N/A","N/A","GTP binding;GTPase activity;translation elongation factor activity","GO:0005525;GO:0003924;GO:0003746","N/A","N/A"
"TGME49_205480","TGME49_205480-t26_1","N/A","N/A","N/A","N/A","N/A","N/A"
"TGME49_205650","TGME49_205650.R577","GO:0005634","nucleus","DNA binding;DNA-binding transcription factor activity","GO:0003677;GO:0003700","GO:0006355","regulation of transcription, DNA-templated"
"TGME49_205670","TGME49_205670.R578","GO:0005737;GO:0005874","cytoplasm;microtubule","structural constituent of cytoskeleton","GO:0005200","N/A","N/A"
"TGME49_205700","TGME49_205700.R580","N/A","N/A","peptidyl-prolyl cis-trans isomerase activity","GO:0003755","GO:0006457;GO:0000413","protein folding;protein peptidyl-prolyl isomerization"
"TGME49_206350","TGME49_206350-t26_1","GO:0005789;GO:0016021;GO:0016020","endoplasmic reticulum membrane;integral component of membrane;membrane","ER retention sequence binding","GO:0046923","GO:0006621;GO:0015031","protein retention in ER lumen;protein transport"
"TGME49_206390","TGME49_206390-t26_1","GO:0030896","checkpoint clamp complex","N/A","N/A","GO:0000077","DNA damage checkpoint signaling"
"TGME49_206415","TGME49_206415-t26_1","GO:0016459","myosin complex","ATP binding;actin binding;cytoskeletal motor activity;protein binding","GO:0005524;GO:0003779;GO:0003774;GO:0005515","N/A","N/A"
"TGME49_206430","TGME49_206430.R584","N/A","N/A","protein binding","GO:0005515","N/A","N/A"
"TGME49_206450","TGME49_206450.R585","GO:0005737","cytoplasm","Atg8-specific protease activity","GO:0019786","GO:0006914;GO:0015031","autophagy;protein transport"
"TGME49_206490","TGME49_206490.R586","N/A","N/A","cysteine-type endopeptidase activity","GO:0004197","GO:0006508","proteolysis"
"TGME49_206510","TGME49_206510.R588","N/A","N/A","metal ion binding;metalloendopeptidase activity;zinc ion binding","GO:0046872;GO:0004222;GO:0008270","GO:0006508","proteolysis"
"TGME49_206570","TGME49_206570.R592","N/A","N/A","ATP binding;microtubule binding;microtubule motor activity","GO:0005524;GO:0008017;GO:0003777","GO:0007018","microtubule-based movement"
"TGME49_206580","TGME49_206580-t26_1","N/A","N/A","N/A","N/A","N/A","N/A"
"TGME49_206590","TGME49_206590.R593","N/A","N/A","ATP binding;calcium ion binding;calmodulin-dependent protein kinase activity;protein kinase activity","GO:0005524;GO:0005509;GO:0004683;GO:0004672","GO:0006468","protein phosphorylation"
"TGME49_206610","TGME49_206610.R594","GO:0045254","pyruvate dehydrogenase complex","acyltransferase activity;dihydrolipoyllysine-residue acetyltransferase activity","GO:0016746;GO:0004742","GO:0006086;GO:0008152","acetyl-CoA biosynthetic process from pyruvate;metabolic process"
"TGME49_206910","TGME49_206910-t26_1","N/A","N/A","N/A","N/A","N/A","N/A"
"TGME49_207020","TGME49_207020.R601","N/A","N/A","N/A","N/A","N/A","N/A"
"TGME49_207080","TGME49_207080-t26_1","N/A","N/A","acyltransferase activity, transferring groups other than amino-acyl groups;histone acetyltransferase activity","GO:0016747;GO:0004402","GO:0016573;GO:0006355","histone acetylation;regulation of transcription, DNA-templated"
"TGME49_207130","TGME49_207130.R606","GO:0016020","membrane","N/A","N/A","N/A","N/A"
"TGME49_207140","TGME49_207140.R607","GO:0016020","membrane","N/A","N/A","N/A","N/A"
"TGME49_207150","TGME49_207150.R608","GO:0016020","membrane","N/A","N/A","N/A","N/A"
"TGME49_207160","TGME49_207160-t26_1","GO:0016020","membrane","N/A","N/A","N/A","N/A"
"TGME49_207240","TGME49_207240.R610","N/A","N/A","protein binding","GO:0005515","N/A","N/A"
"TGME49_207250","TGME49_207250.R611","N/A","N/A","electron transfer activity;flavin adenine dinucleotide binding","GO:0009055;GO:0050660","N/A","N/A"
"TGME49_207350","TGME49_207350.R612","N/A","N/A","N/A","N/A","N/A","N/A"
"TGME49_207370","TGME49_207370.R613","N/A","N/A","N/A","N/A","N/A","N/A"
"TGME49_207390","TGME49_207390-t26_1","GO:0030131","clathrin adaptor complex","protein binding","GO:0005515","GO:0006886;GO:0016192","intracellular protein transport;vesicle-mediated transport"
"TGME49_207440","TGME49_207440.R617","GO:0005840","ribosome","RNA binding;structural constituent of ribosome","GO:0003723;GO:0003735","GO:0006412","translation"
"TGME49_207590","TGME49_207590.R619","N/A","N/A","catalytic activity;metal ion binding;myosin phosphatase activity;phosphoprotein phosphatase activity","GO:0003824;GO:0046872;GO:0017018;GO:0004721","N/A","N/A"
"TGME49_207600","TGME49_207600.R620","GO:0005874;GO:0032991","microtubule;protein-containing complex","GTP binding;structural constituent of cytoskeleton","GO:0005525;GO:0005200","GO:0007017;GO:0051258","microtubule-based process;protein polymerization"
"TGME49_207610","TGME49_207610.R621","N/A","N/A","ATP binding;protein kinase activity","GO:0005524;GO:0004672","GO:0006468","protein phosphorylation"
"TGME49_207630","TGME49_207630.R622","GO:0005737","cytoplasm","translation release factor activity;translation release factor activity, codon specific","GO:0003747;GO:0016149","GO:0006415","translational termination"
"TGME49_207665","TGME49_207665.R623","N/A","N/A","ATP binding;microtubule binding;microtubule motor activity","GO:0005524;GO:0008017;GO:0003777","GO:0007018","microtubule-based movement"
"TGME49_207700","TGME49_207700-t26_1","N/A","N/A","ATP binding;protein kinase activity","GO:0005524;GO:0004672","GO:0006468","protein phosphorylation"
"TGME49_207750","TGME49_207750-t26_1","GO:0016020","membrane","beta-1,4-mannosylglycoprotein 4-beta-N-acetylglucosaminyltransferase activity","GO:0003830","GO:0006487","protein N-linked glycosylation"
"TGME49_207800","TGME49_207800-t26_1","N/A","N/A","N/A","N/A","N/A","N/A"
"TGME49_207820","TGME49_207820.R627","N/A","N/A","ATP binding;MAP kinase activity;protein kinase activity","GO:0005524;GO:0004707;GO:0004672","GO:0006468","protein phosphorylation"
"TGME49_207830","TGME49_207830-t26_1","N/A","N/A","N/A","N/A","N/A","N/A"
"TGME49_207840","TGME49_207840.R628","GO:0005622;GO:1990904;GO:0005840","intracellular anatomical structure;ribonucleoprotein complex;ribosome","structural constituent of ribosome","GO:0003735","GO:0006412","translation"
"TGME49_207910","TGME49_207910-t26_1","GO:0016021;GO:0016020;GO:0005774","integral component of membrane;membrane;vacuolar membrane","calcium:proton antiporter activity;cation transmembrane transporter activity","GO:0015369;GO:0008324","GO:0006816;GO:0006812;GO:0055085","calcium ion transport;cation transport;transmembrane transport"
"TGME49_207940","TGME49_207940-t26_1","GO:0005622;GO:1990904;GO:0005840","intracellular anatomical structure;ribonucleoprotein complex;ribosome","structural constituent of ribosome","GO:0003735","GO:0006412","translation"
"TGME49_208010","TGME49_208010.R635","GO:0016020","membrane","N/A","N/A","N/A","N/A"
"TGME49_208020","TGME49_208020.R636","GO:0005634","nucleus","DNA binding;DNA-binding transcription factor activity","GO:0003677;GO:0003700","GO:0006355","regulation of transcription, DNA-templated"
"TGME49_208030","TGME49_208030-t26_1","GO:0005576","extracellular region","protein binding","GO:0005515","GO:0006508","proteolysis"
"TGME49_208040","TGME49_208040-t26_1","GO:0016020","membrane","oxidoreductase activity","GO:0016491","N/A","N/A"
"TGME49_208070","TGME49_208070-t26_1","N/A","N/A","inositol hexakisphosphate 1-kinase activity;inositol hexakisphosphate 3-kinase activity;inositol hexakisphosphate 5-kinase activity;inositol-1,4,5-trisphosphate 3-kinase activity;kinase activity","GO:0052723;GO:0052724;GO:0000832;GO:0008440;GO:0016301","GO:0032958;GO:0016310","inositol phosphate biosynthetic process;phosphorylation"
"TGME49_208340","TGME49_208340-t26_1","N/A","N/A","N/A","N/A","N/A","N/A"
"TGME49_208370","TGME49_208370.R639","GO:0016020","membrane","N/A","N/A","N/A","N/A"
"TGME49_208390","TGME49_208390.R640","GO:0008290","F-actin capping protein complex","actin binding","GO:0003779","GO:0051016","barbed-end actin filament capping"
"TGME49_208420","TGME49_208420.R642","GO:0016021;GO:0016020","integral component of membrane;membrane","neurotransmitter:sodium symporter activity;symporter activity","GO:0005328;GO:0015293","GO:0006836","neurotransmitter transport"
"TGME49_208440","TGME49_208440.R643","N/A","N/A","N/A","N/A","N/A","N/A"
"TGME49_208450","TGME49_208450.R644","N/A","N/A","protein binding","GO:0005515","N/A","N/A"
"TGME49_208450","TGME49_208450.R645","N/A","N/A","protein binding","GO:0005515","N/A","N/A"
"TGME49_208500","TGME49_208500.R646","N/A","N/A","catalytic activity;myosin phosphatase activity;phosphoprotein phosphatase activity;protein serine/threonine phosphatase activity","GO:0003824;GO:0017018;GO:0004721;GO:0004722","GO:0006470","protein dephosphorylation"
"TGME49_208580","TGME49_208580.R650","N/A","N/A","ATP binding;DNA binding;DNA ligase (ATP) activity;DNA ligase activity","GO:0005524;GO:0003677;GO:0003910;GO:0003909","GO:0071897;GO:0006310;GO:0006281","DNA biosynthetic process;DNA recombination;DNA repair"
"TGME49_208730","TGME49_208730.R651","N/A","N/A","N/A","N/A","N/A","N/A"
"TGME49_208740","TGME49_208740.R652","N/A","N/A","N/A","N/A","N/A","N/A"
"TGME49_208830","TGME49_208830.R658","N/A","N/A","N/A","N/A","N/A","N/A"
"TGME49_208842","TGME49_208842.R659","N/A","N/A","ATP binding;DNA binding;helicase activity;hydrolase activity;nucleic acid binding","GO:0005524;GO:0003677;GO:0004386;GO:0016787;GO:0003676","GO:0006281","DNA repair"
"TGME49_208850","TGME49_208850-t26_1","GO:0016020","membrane","N/A","N/A","N/A","N/A"
"TGME49_209030","TGME49_209030.R664","N/A","N/A","hydrolase activity","GO:0016787","N/A","N/A"
"TGME49_209160","TGME49_209160-t26_1","N/A","N/A","glycylpeptide N-tetradecanoyltransferase activity","GO:0004379","GO:0006499","N-terminal protein myristoylation"
"TGME49_209290","TGME49_209290.R676","GO:0005622;GO:0005840","intracellular anatomical structure;ribosome","structural constituent of ribosome","GO:0003735","GO:0006412","translation"
"TGME49_209420","TGME49_209420-t26_1","N/A","N/A","N/A","N/A","N/A","N/A"
"TGME49_209490","TGME49_209490-t26_1","N/A","N/A","N/A","N/A","N/A","N/A"
"TGME49_209585","TGME49_209585-t26_1","GO:0016020","membrane","N/A","N/A","N/A","N/A"
"TGME49_209620","TGME49_209620.R686","N/A","N/A","aspartic-type endopeptidase activity","GO:0004190","GO:0006508","proteolysis"
"TGME49_209710","TGME49_209710-t26_1","GO:0005622;GO:1990904;GO:0005840","intracellular anatomical structure;ribonucleoprotein complex;ribosome","structural constituent of ribosome","GO:0003735","GO:0006412","translation"
"TGME49_209720","TGME49_209720-t26_1","GO:0016020","membrane","N/A","N/A","N/A","N/A"
"TGME49_209755","TGME49_209755-t26_1","N/A","N/A","N/A","N/A","N/A","N/A"
"TGME49_209800","TGME49_209800.R693","GO:0016020","membrane","transmembrane transporter activity;transporter activity","GO:0022857;GO:0005215","GO:0055085;GO:0006810","transmembrane transport;transport"
"TGME49_209820","TGME49_209820.R694","GO:0016020","membrane","protein binding","GO:0005515","GO:0016192","vesicle-mediated transport"
"TGME49_209910","TGME49_209910-t26_1","GO:0005622;GO:0000786;GO:0005634","intracellular anatomical structure;nucleosome;nucleus","DNA binding;protein heterodimerization activity;sequence-specific DNA binding;structural constituent of chromatin","GO:0003677;GO:0046982;GO:0043565;GO:0030527","N/A","N/A"
"TGME49_209920","TGME49_209920-t26_1","GO:0005576","extracellular region","protein binding","GO:0005515","GO:0006508","proteolysis"
"TGME49_209950","TGME49_209950.R701","N/A","N/A","N/A","N/A","GO:0045454","cell redox homeostasis"
"TGME49_209970","TGME49_209970-t26_1","GO:0005737;GO:0005874;GO:0005815;GO:0000922","cytoplasm;microtubule;microtubule organizing center;spindle pole","gamma-tubulin binding","GO:0043015","GO:0000226;GO:0007020","microtubule cytoskeleton organization;microtubule nucleation"
"TGME49_209985","TGME49_209985-t26_1","N/A","N/A","AMP-activated protein kinase activity;ATP binding;cAMP-dependent protein kinase activity;protein kinase activity","GO:0004679;GO:0005524;GO:0004691;GO:0004672","GO:0006468","protein phosphorylation"
"TGME49_210095","TGME49_210095.R703","N/A","N/A","N/A","N/A","N/A","N/A"
"TGME49_210100","TGME49_210100-t26_1","N/A","N/A","N/A","N/A","N/A","N/A"
"TGME49_210280","TGME49_210280-t26_1","N/A","N/A","ATP binding;myosin light chain kinase activity;protein kinase activity;protein serine kinase activity;protein serine/threonine kinase activity","GO:0005524;GO:0004687;GO:0004672;GO:0106310;GO:0004674","GO:0006468","protein phosphorylation"
"TGME49_210370","TGME49_210370.R708","N/A","N/A","N/A","N/A","N/A","N/A"
"TGME49_210600","TGME49_210600.R711","N/A","N/A","N/A","N/A","N/A","N/A"
"TGME49_210690","TGME49_210690.R712","GO:0005622;GO:1990904;GO:0005840","intracellular anatomical structure;ribonucleoprotein complex;ribosome","structural constituent of ribosome","GO:0003735","GO:0006412","translation"
"TGME49_210790","TGME49_210790-t26_1","GO:0005737;GO:0016020","cytoplasm;membrane","dihydroorotate dehydrogenase activity;dihydroorotate oxidase activity;oxidoreductase activity, acting on the CH-CH group of donors","GO:0004152;GO:0004158;GO:0016627","GO:0044205;GO:0006207;GO:0006222;GO:0055114","'de novo' UMP biosynthetic process;'de novo' pyrimidine nucleobase biosynthetic process;UMP biosynthetic process;obsolete oxidation-reduction process"
"TGME49_210810","TGME49_210810.R719","N/A","N/A","N/A","N/A","N/A","N/A"
"TGME49_210820","TGME49_210820.R720","GO:0016020","membrane","nucleoside transmembrane transporter activity","GO:0005337","GO:1901642","nucleoside transmembrane transport"
"TGME49_211230","TGME49_211230-t26_1","N/A","N/A","S-methyl-5-thioribose-1-phosphate isomerase activity;translation initiation factor activity","GO:0046523;GO:0003743","GO:0044237","cellular metabolic process"
"TGME49_211240","TGME49_211240-t26_1","GO:0016020","membrane","aminoacyl-tRNA hydrolase activity","GO:0004045","N/A","N/A"
"TGME49_211260","TGME49_211260-t26_1","N/A","N/A","ATP binding;protein kinase activity","GO:0005524;GO:0004672","GO:0006468","protein phosphorylation"
"TGME49_211290","TGME49_211290-t26_1","N/A","N/A","N/A","N/A","N/A","N/A"
"TGME49_211420","TGME49_211420.R738","N/A","N/A","RNA binding;nucleic acid binding","GO:0003723;GO:0003676","N/A","N/A"
"TGME49_211420","TGME49_211420.R739","N/A","N/A","RNA binding;nucleic acid binding","GO:0003723;GO:0003676","N/A","N/A"
"TGME49_211440","TGME49_211440-t26_1","N/A","N/A","N/A","N/A","N/A","N/A"
"TGME49_211460","TGME49_211460.R741","N/A","N/A","N/A","N/A","N/A","N/A"
"TGME49_211680","TGME49_211680.R747","GO:0005788","endoplasmic reticulum lumen","antioxidant activity;calcium ion binding;dolichyl-diphosphooligosaccharide-protein glycotransferase activity;glycosyltransferase activity;oxidoreductase activity;protein disulfide isomerase activity","GO:0016209;GO:0005509;GO:0004579;GO:0016757;GO:0016491;GO:0003756","GO:0045454;GO:0055114","cell redox homeostasis;obsolete oxidation-reduction process"
"TGME49_211720","TGME49_211720.R748","N/A","N/A","DNA-binding transcription factor activity","GO:0003700","GO:0006355","regulation of transcription, DNA-templated"
"TGME49_211890","TGME49_211890-t26_1","N/A","N/A","N/A","N/A","N/A","N/A"
"TGME49_211910","TGME49_211910.R752","N/A","N/A","ATP binding;microtubule binding;microtubule motor activity","GO:0005524;GO:0008017;GO:0003777","GO:0007018","microtubule-based movement"
"TGME49_212240","TGME49_212240.R758","GO:0005874;GO:0032991","microtubule;protein-containing complex","GTP binding;GTPase activity;structural constituent of cytoskeleton","GO:0005525;GO:0003924;GO:0005200","GO:0007017;GO:0006184;GO:0051258","microtubule-based process;obsolete GTP catabolic process;protein polymerization"
"TGME49_212290","TGME49_212290.R763","GO:0005622;GO:0005840","intracellular anatomical structure;ribosome","structural constituent of ribosome","GO:0003735","GO:0006412","translation"
"TGME49_212300","TGME49_212300.R764","GO:0016020","membrane","N/A","N/A","N/A","N/A"
"TGME49_212410","TGME49_212410-t26_1","GO:0016020","membrane","N/A","N/A","N/A","N/A"
"TGME49_212710","TGME49_212710-t26_1","N/A","N/A","amino acid binding;iron ion binding;monooxygenase activity;oxidoreductase activity, acting on paired donors, with incorporation or reduction of molecular oxygen, reduced pteridine as one donor, and incorporation of one atom of oxygen;tryptophan 5-monooxygenase activity","GO:0016597;GO:0005506;GO:0004497;GO:0016714;GO:0004510","GO:0009072;GO:0008152;GO:0055114","aromatic amino acid family metabolic process;metabolic process;obsolete oxidation-reduction process"
"TGME49_212740","TGME49_212740-t26_1","N/A","N/A","hydrolase activity;iron ion binding;monooxygenase activity;oxidoreductase activity, acting on paired donors, with incorporation or reduction of molecular oxygen, reduced pteridine as one donor, and incorporation of one atom of oxygen;tyrosine 3-monooxygenase activity","GO:0016787;GO:0005506;GO:0004497;GO:0016714;GO:0004511","GO:0009072;GO:0055114","aromatic amino acid family metabolic process;obsolete oxidation-reduction process"
"TGME49_212750","TGME49_212750-t26_1","N/A","N/A","N/A","N/A","N/A","N/A"
"TGME49_212770","TGME49_212770.R766","N/A","N/A","N/A","N/A","N/A","N/A"
"TGME49_212800","TGME49_212800.R767","N/A","N/A","N/A","N/A","N/A","N/A"
"TGME49_212880","TGME49_212880.R768","N/A","N/A","N/A","N/A","N/A","N/A"
"TGME49_212910","TGME49_212910-t26_1","GO:0016021;GO:0016020","integral component of membrane;membrane","serine-type endopeptidase activity","GO:0004252","GO:0006508","proteolysis"
"TGME49_212920","TGME49_212920-t26_1","N/A","N/A","N/A","N/A","N/A","N/A"
"TGME49_212960","TGME49_212960.R773","GO:0005634","nucleus","N/A","N/A","GO:0008380;GO:0080009;GO:0006397;GO:0000381","RNA splicing;mRNA methylation;mRNA processing;regulation of alternative mRNA splicing, via spliceosome"
"TGME49_213030","TGME49_213030-t26_1","GO:0030132;GO:0030130","clathrin coat of coated pit;clathrin coat of trans-Golgi network vesicle","structural molecule activity","GO:0005198","GO:0006886;GO:0016192","intracellular protein transport;vesicle-mediated transport"
"TGME49_213040","TGME49_213040.R777","N/A","N/A","N/A","N/A","N/A","N/A"
"TGME49_213067","TGME49_213067.R780","GO:0016020","membrane","N/A","N/A","N/A","N/A"
"TGME49_213100","TGME49_213100-t26_1","GO:0016020","membrane","N/A","N/A","N/A","N/A"
"TGME49_213350","TGME49_213350.R788","GO:0005840;GO:0015935","ribosome;small ribosomal subunit","RNA binding;structural constituent of ribosome","GO:0003723;GO:0003735","GO:0006412","translation"
"TGME49_213370","TGME49_213370-t26_1","N/A","N/A","N/A","N/A","N/A","N/A"
"TGME49_213392","TGME49_213392.R790","GO:0005737","cytoplasm","N/A","N/A","GO:0048208;GO:0006914","COPII vesicle coating;autophagy"
"TGME49_213420","TGME49_213420.R791","N/A","N/A","N/A","N/A","N/A","N/A"
"TGME49_213550","TGME49_213550.R795","GO:0016020","membrane","palmitoyltransferase activity;zinc ion binding","GO:0016409;GO:0008270","N/A","N/A"
"TGME49_213635","TGME49_213635-t26_1","N/A","N/A","N/A","N/A","N/A","N/A"
"TGME49_213830","TGME49_213830-t26_1","N/A","N/A","UFM1 conjugating enzyme activity","GO:0061657","GO:0071569","protein ufmylation"
"TGME49_213870","TGME49_213870-t26_1","N/A","N/A","obsolete ubiquitin thiolesterase activity;protein binding;thiol-dependent deubiquitinase;zinc ion binding","GO:0004221;GO:0005515;GO:0004843;GO:0008270","GO:0016579;GO:0006511","protein deubiquitination;ubiquitin-dependent protein catabolic process"
"TGME49_213900","TGME49_213900.R813","GO:0005622","intracellular anatomical structure","metal ion binding;zinc ion binding","GO:0046872;GO:0008270","N/A","N/A"
"TGME49_214080","TGME49_214080-t26_1","N/A","N/A","N/A","N/A","N/A","N/A"
"TGME49_214180","TGME49_214180.R818","N/A","N/A","N/A","N/A","N/A","N/A"
"TGME49_214280","TGME49_214280-t26_1","N/A","N/A","FMN adenylyltransferase activity;catalytic activity","GO:0003919;GO:0003824","GO:0008152","metabolic process"
"TGME49_214290","TGME49_214290-t26_1","N/A","N/A","N/A","N/A","N/A","N/A"
"TGME49_214320","TGME49_214320.R822","GO:0016021;GO:0016020","integral component of membrane;membrane","transmembrane transporter activity","GO:0022857","GO:0008643;GO:0055085","carbohydrate transport;transmembrane transport"
"TGME49_214470","TGME49_214470.R825","N/A","N/A","cysteine-type peptidase activity","GO:0008234","GO:0006508","proteolysis"
"TGME49_214490","TGME49_214490-t26_1","N/A","N/A","metal ion binding;metalloendopeptidase activity;zinc ion binding","GO:0046872;GO:0004222;GO:0008270","GO:0006508","proteolysis"
"TGME49_214500","TGME49_214500-t26_1","N/A","N/A","protein binding","GO:0005515","N/A","N/A"
"TGME49_214620","TGME49_214620.R830","N/A","N/A","L-ascorbic acid binding;dioxygenase activity;iron ion binding;oxidoreductase activity, acting on paired donors, with incorporation or reduction of molecular oxygen","GO:0031418;GO:0051213;GO:0005506;GO:0016705","N/A","N/A"
"TGME49_214750","TGME49_214750.R831","N/A","N/A","N/A","N/A","N/A","N/A"
"TGME49_214810","TGME49_214810-t26_1","GO:0016020","membrane","N/A","N/A","N/A","N/A"
"TGME49_214820","TGME49_214820-t26_1","N/A","N/A","RNA binding;nucleic acid binding","GO:0003723;GO:0003676","GO:0045292","mRNA cis splicing, via spliceosome"
"TGME49_214840","TGME49_214840.R833","GO:0005634","nucleus","DNA binding;DNA-binding transcription factor activity","GO:0003677;GO:0003700","GO:0006355","regulation of transcription, DNA-templated"
"TGME49_214850","TGME49_214850.R834","N/A","N/A","1-deoxy-D-xylulose-5-phosphate reductoisomerase activity;NADPH binding;isomerase activity;metal ion binding;protein binding","GO:0030604;GO:0070402;GO:0016853;GO:0046872;GO:0005515","GO:0019288;GO:0008299;GO:0055114","isopentenyl diphosphate biosynthetic process, methylerythritol 4-phosphate pathway;isoprenoid biosynthetic process;obsolete oxidation-reduction process"
"TGME49_214870","TGME49_214870-t26_1","GO:1990904;GO:0005840","ribonucleoprotein complex;ribosome","structural constituent of ribosome","GO:0003735","GO:0006412","translation"
"TGME49_214880","TGME49_214880.R835","N/A","N/A","N/A","N/A","N/A","N/A"
"TGME49_214930","TGME49_214930.R837","N/A","N/A","N/A","N/A","N/A","N/A"
"TGME49_214940","TGME49_214940.R838","N/A","N/A","N/A","N/A","N/A","N/A"
"TGME49_214960","TGME49_214960.R840","N/A","N/A","N/A","N/A","N/A","N/A"
"TGME49_215020","TGME49_215020-t26_1","N/A","N/A","N/A","N/A","N/A","N/A"
"TGME49_215070","TGME49_215070.R845","N/A","N/A","2 iron, 2 sulfur cluster binding;electron transfer activity;ferredoxin-NAD+ reductase activity;iron-sulfur cluster binding;metal ion binding","GO:0051537;GO:0009055;GO:0008860;GO:0051536;GO:0046872","GO:0022900","electron transport chain"
"TGME49_215150","TGME49_215150-t26_1","GO:0005634","nucleus","DNA binding;DNA-binding transcription factor activity","GO:0003677;GO:0003700","GO:0006355","regulation of transcription, DNA-templated"
"TGME49_215170","TGME49_215170.R847","N/A","N/A","hydrolase activity;metal ion binding;myosin phosphatase activity;phosphoprotein phosphatase activity;protein serine/threonine phosphatase activity","GO:0016787;GO:0046872;GO:0017018;GO:0004721;GO:0004722","N/A","N/A"
"TGME49_215210","TGME49_215210.R848","N/A","N/A","protein binding","GO:0005515","N/A","N/A"
"TGME49_215220","TGME49_215220.R849","N/A","N/A","protein binding","GO:0005515","N/A","N/A"
"TGME49_215260","TGME49_215260-t26_1","N/A","N/A","ATP binding;D-alanine-D-alanine ligase activity;carbamoyl-phosphate synthase (ammonia) activity;carbamoyl-phosphate synthase (glutamine-hydrolyzing) activity;catalytic activity;hydrolase activity;metal ion binding","GO:0005524;GO:0008716;GO:0004087;GO:0004088;GO:0003824;GO:0016787;GO:0046872","GO:0006207;GO:0006541;GO:0008152;GO:0006807","'de novo' pyrimidine nucleobase biosynthetic process;glutamine metabolic process;metabolic process;nitrogen compound metabolic process"
"TGME49_215380","TGME49_215380-t26_1","N/A","N/A","N/A","N/A","N/A","N/A"
"TGME49_215420","TGME49_215420.R854","GO:0016021;GO:0016020","integral component of membrane;membrane","N/A","N/A","GO:0016192","vesicle-mediated transport"
"TGME49_215450","TGME49_215450.R856","GO:0016020","membrane","channel activity;transporter activity","GO:0015267;GO:0005215","GO:0055085;GO:0006810","transmembrane transport;transport"
"TGME49_215460","TGME49_215460.R857","GO:0005622;GO:0005840","intracellular anatomical structure;ribosome","structural constituent of ribosome","GO:0003735","GO:0006412","translation"
"TGME49_215470","TGME49_215470-t26_1","GO:0015934","large ribosomal subunit","RNA binding;structural constituent of ribosome","GO:0003723;GO:0003735","GO:0006412","translation"
"TGME49_215490","TGME49_215490.R858","GO:0016021","integral component of membrane","transmembrane transporter activity","GO:0022857","GO:0055085","transmembrane transport"
"TGME49_215510","TGME49_215510.R860","N/A","N/A","S-adenosylmethionine-dependent methyltransferase activity;methyltransferase activity","GO:0008757;GO:0008168","GO:0032259","methylation"
"TGME49_215570","TGME49_215570.R863","GO:0005634","nucleus","DNA binding;DNA-binding transcription factor activity","GO:0003677;GO:0003700","GO:0006355","regulation of transcription, DNA-templated"
"TGME49_215610","TGME49_215610.R864","N/A","N/A","N/A","N/A","N/A","N/A"
"TGME49_215670","TGME49_215670-t26_1","N/A","N/A","AMP-activated protein kinase activity;ATP binding;cAMP-dependent protein kinase activity;protein kinase activity","GO:0004679;GO:0005524;GO:0004691;GO:0004672","GO:0006468","protein phosphorylation"
"TGME49_215700","TGME49_215700-t26_1","N/A","N/A","1-phosphatidylinositol-3-kinase activity;kinase activity;phosphatidylinositol 3-kinase activity;phosphotransferase activity, alcohol group as acceptor","GO:0016303;GO:0016301;GO:0035004;GO:0016773","GO:0046854;GO:0048015;GO:0016310","phosphatidylinositol phosphate biosynthetic process;phosphatidylinositol-mediated signaling;phosphorylation"
"TGME49_215775","TGME49_215775-t26_1","N/A","N/A","ATP binding;protein kinase activity","GO:0005524;GO:0004672","GO:0006468","protein phosphorylation"
"TGME49_215785","TGME49_215785-t26_1","N/A","N/A","ATP binding;protein kinase activity","GO:0005524;GO:0004672","GO:0006468","protein phosphorylation"
"TGME49_215885","TGME49_215885-t26_1","N/A","N/A","N/A","N/A","N/A","N/A"
"TGME49_215895","TGME49_215895-t26_1","N/A","N/A","DNA-binding transcription factor activity","GO:0003700","GO:0006355","regulation of transcription, DNA-templated"
"TGME49_215980","TGME49_215980-t26_1","GO:0016020","membrane","N/A","N/A","N/A","N/A"
"TGME49_216000","TGME49_216000-t26_1","N/A","N/A","N/A","N/A","N/A","N/A"
"TGME49_216010","TGME49_216010-t26_1","GO:1990904;GO:0005840","ribonucleoprotein complex;ribosome","RNA binding;structural constituent of ribosome","GO:0003723;GO:0003735","GO:0006412","translation"
"TGME49_216030","TGME49_216030.R873","N/A","N/A","phosphatidylinositol binding;ubiquitin binding","GO:0035091;GO:0043130","N/A","N/A"
"TGME49_216040","TGME49_216040.R874","GO:0005737;GO:0005622;GO:1990904;GO:0005840","cytoplasm;intracellular anatomical structure;ribonucleoprotein complex;ribosome","structural constituent of ribosome","GO:0003735","GO:0006412","translation"
"TGME49_216080","TGME49_216080.R876","N/A","N/A","methyltransferase activity;protein binding","GO:0008168;GO:0005515","GO:0032259","methylation"
"TGME49_216220","TGME49_216220.R879","GO:0005634","nucleus","DNA binding;DNA-binding transcription factor activity","GO:0003677;GO:0003700","GO:0006355","regulation of transcription, DNA-templated"
"TGME49_216240","TGME49_216240-t26_1","N/A","N/A","N/A","N/A","N/A","N/A"
"TGME49_216260","TGME49_216260-t26_1","N/A","N/A","nucleotidyltransferase activity;translation initiation factor activity","GO:0016779;GO:0003743","GO:0009058","biosynthetic process"
"TGME49_216280","TGME49_216280.R880","GO:0016020","membrane","phosphorus-oxygen lyase activity","GO:0016849","GO:0009190;GO:0035556","cyclic nucleotide biosynthetic process;intracellular signal transduction"
"TGME49_216450","TGME49_216450-t26_1","GO:0005737;GO:0005634;GO:0005839;GO:0019773","cytoplasm;nucleus;proteasome core complex;proteasome core complex, alpha-subunit complex","endopeptidase activity;hydrolase activity;threonine-type endopeptidase activity","GO:0004175;GO:0016787;GO:0004298","GO:0051603;GO:0006511","proteolysis involved in cellular protein catabolic process;ubiquitin-dependent protein catabolic process"
"TGME49_216600","TGME49_216600-t26_1","N/A","N/A","DNA binding;catalytic activity;endonuclease activity;exodeoxyribonuclease III activity;exonuclease activity;metal ion binding;nuclease activity","GO:0003677;GO:0003824;GO:0004519;GO:0008853;GO:0004527;GO:0046872;GO:0004518","GO:0006281","DNA repair"
"TGME49_216630","TGME49_216630-t26_1","N/A","N/A","peptidyl-prolyl cis-trans isomerase activity","GO:0003755","GO:0006457;GO:0015031","protein folding;protein transport"
"TGME49_216650","TGME49_216650.R891","N/A","N/A","N/A","N/A","N/A","N/A"
"TGME49_216700","TGME49_216700-t26_1","GO:0016020","membrane","metal ion binding;peptide deformylase activity","GO:0046872;GO:0042586","GO:0006412","translation"
"TGME49_216750","TGME49_216750-t26_1","GO:0016593","Cdc73/Paf1 complex","N/A","N/A","GO:0016570;GO:0006368","Histone modification;transcription elongation from RNA polymerase II promoter"
"TGME49_216910","TGME49_216910-t26_1","N/A","N/A","N/A","N/A","N/A","N/A"
"TGME49_216970","TGME49_216970-t26_1","N/A","N/A","histone acetyltransferase activity;protein binding","GO:0004402;GO:0005515","N/A","N/A"
"TGME49_217050","TGME49_217050-t26_1","GO:0043229","intracellular organelle","DNA binding;zinc ion binding","GO:0003677;GO:0008270","N/A","N/A"
"TGME49_217160","TGME49_217160.R898","GO:0005789;GO:0016021","endoplasmic reticulum membrane;integral component of membrane","serine-type endopeptidase activity","GO:0004252","GO:0006950","response to stress"
"TGME49_217350","TGME49_217350.R900","N/A","N/A","S-adenosylmethionine-dependent methyltransferase activity;mRNA (2'-O-methyladenosine-N6-)-methyltransferase activity;methyltransferase activity","GO:0008757;GO:0016422;GO:0008168","GO:0006139","nucleobase-containing compound metabolic process"
"TGME49_217430","TGME49_217430-t26_1","GO:0005615","extracellular space","serine-type endopeptidase inhibitor activity","GO:0004867","N/A","N/A"
"TGME49_217480","TGME49_217480-t26_1","GO:0005634","nucleus","ATP hydrolysis activity;DNA binding","GO:0016887;GO:0003677","N/A","N/A"
"TGME49_217510","TGME49_217510.R907","N/A","N/A","N/A","N/A","N/A","N/A"
"TGME49_217570","TGME49_217570.R911","GO:0005622;GO:0005840","intracellular anatomical structure;ribosome","structural constituent of ribosome","GO:0003735","GO:0006412","translation"
"TGME49_217600","TGME49_217600-t26_1","N/A","N/A","ATP binding;calcium ion binding;calmodulin-dependent protein kinase activity;protein kinase activity","GO:0005524;GO:0005509;GO:0004683;GO:0004672","GO:0006468","protein phosphorylation"
"TGME49_217680","TGME49_217680.R919","N/A","N/A","N/A","N/A","N/A","N/A"
"TGME49_217688","TGME49_217688-t26_1","N/A","N/A","N/A","N/A","N/A","N/A"
"TGME49_217692","TGME49_217692.R920","N/A","N/A","glycosyltransferase activity","GO:0016757","GO:0006486","protein glycosylation"
"TGME49_217700","TGME49_217700.R921","GO:0005634","nucleus","DNA binding;DNA-binding transcription factor activity","GO:0003677;GO:0003700","GO:0006355","regulation of transcription, DNA-templated"
"TGME49_217740","TGME49_217740.R923","N/A","N/A","3-oxoacyl-[acyl-carrier-protein] reductase (NADPH) activity;NAD binding;oxidoreductase activity","GO:0004316;GO:0051287;GO:0016491","GO:0006633;GO:0008152","fatty acid biosynthetic process;metabolic process"
"TGME49_217780","TGME49_217780-t26_1","GO:0016020","membrane","SNAP receptor activity","GO:0005484","GO:0006890","retrograde vesicle-mediated transport, Golgi to endoplasmic reticulum"
"TGME49_217870","TGME49_217870.R927","GO:0016020","membrane","palmitoyltransferase activity;protein-cysteine S-palmitoyltransferase activity;zinc ion binding","GO:0016409;GO:0019706;GO:0008270","N/A","N/A"
"TGME49_218210","TGME49_218210.R931","N/A","N/A","ATP binding;microtubule binding;microtubule motor activity;protein binding","GO:0005524;GO:0008017;GO:0003777;GO:0005515","GO:0007018","microtubule-based movement"
"TGME49_218220","TGME49_218220.R933","N/A","N/A","ATP binding;RNA polymerase II CTD heptapeptide repeat kinase activity;protein kinase activity","GO:0005524;GO:0008353;GO:0004672","GO:0006468","protein phosphorylation"
"TGME49_218240","TGME49_218240-t26_1","GO:0016020","membrane","N/A","N/A","N/A","N/A"
"TGME49_218270","TGME49_218270.R935","GO:0016020","membrane","N/A","N/A","N/A","N/A"
"TGME49_218280","TGME49_218280.R936","GO:0005741","mitochondrial outer membrane","protein transmembrane transporter activity;voltage-gated anion channel activity","GO:0008320;GO:0008308","GO:0006820;GO:0030150;GO:0044070;GO:0055085","anion transport;protein import into mitochondrial matrix;regulation of anion transport;transmembrane transport"
"TGME49_218358","TGME49_218358-t26_1","N/A","N/A","nucleic acid binding;zinc ion binding","GO:0003676;GO:0008270","N/A","N/A"
"TGME49_218400","TGME49_218400.R939","N/A","N/A","ATP binding;myosin light chain kinase activity;protein kinase activity","GO:0005524;GO:0004687;GO:0004672","GO:0006468","protein phosphorylation"
"TGME49_218410","TGME49_218410-t26_1","GO:0005622;GO:1990904;GO:0005840","intracellular anatomical structure;ribonucleoprotein complex;ribosome","DNA-(apurinic or apyrimidinic site) endonuclease activity;lyase activity;structural constituent of ribosome","GO:0003906;GO:0016829;GO:0003735","GO:0042254;GO:0006414","ribosome biogenesis;translational elongation"
"TGME49_218520","TGME49_218520.R943","GO:0016020","membrane","N/A","N/A","N/A","N/A"
"TGME49_218560","TGME49_218560-t26_1","N/A","N/A","ATP binding;D-alanine-D-alanine ligase activity;acetyl-CoA carboxylase activity;catalytic activity;ligase activity;metal ion binding;propionyl-CoA carboxylase activity","GO:0005524;GO:0008716;GO:0003989;GO:0003824;GO:0016874;GO:0046872;GO:0004658","GO:0006633;GO:2001295;GO:0008152","fatty acid biosynthetic process;malonyl-CoA biosynthetic process;metabolic process"
"TGME49_218590","TGME49_218590.R945","N/A","N/A","catalytic activity;myosin phosphatase activity;phosphoprotein phosphatase activity;protein serine/threonine phosphatase activity","GO:0003824;GO:0017018;GO:0004721;GO:0004722","GO:0006470","protein dephosphorylation"
"TGME49_218720","TGME49_218720.R946","GO:0016020","membrane","ATP binding;calcium ion binding;myosin light chain kinase activity;phosphotransferase activity, alcohol group as acceptor;protein kinase activity","GO:0005524;GO:0005509;GO:0004687;GO:0016773;GO:0004672","GO:0009103;GO:0006468","lipopolysaccharide biosynthetic process;protein phosphorylation"
"TGME49_218760","TGME49_218760.R950","GO:0016020","membrane","protein binding","GO:0005515","GO:0006886;GO:0016192","intracellular protein transport;vesicle-mediated transport"
"TGME49_218820","TGME49_218820-t26_1","N/A","N/A","nucleic acid binding","GO:0003676","N/A","N/A"
"TGME49_218840","TGME49_218840-t26_1","N/A","N/A","ATP binding;ATP-dependent DNA damage sensor activity;mismatched DNA binding","GO:0005524;GO:0140664;GO:0030983","GO:0006298","mismatch repair"
"TGME49_218850","TGME49_218850-t26_1","GO:0005622;GO:0016020;GO:1990904;GO:0005840","intracellular anatomical structure;membrane;ribonucleoprotein complex;ribosome","structural constituent of ribosome","GO:0003735","GO:0006412","translation"
"TGME49_218880","TGME49_218880.R952","GO:0005737;GO:0005874","cytoplasm;microtubule","structural constituent of cytoskeleton","GO:0005200","N/A","N/A"
"TGME49_218920","TGME49_218920-t26_1","GO:0005737;GO:0005634;GO:0005839","cytoplasm;nucleus;proteasome core complex","threonine-type endopeptidase activity","GO:0004298","GO:0051603","proteolysis involved in cellular protein catabolic process"
"TGME49_218940","TGME49_218940.R957","N/A","N/A","N/A","N/A","N/A","N/A"
"TGME49_218960","TGME49_218960.R958","GO:0005634","nucleus","DNA binding;DNA-binding transcription factor activity","GO:0003677;GO:0003700","GO:0006355","regulation of transcription, DNA-templated"
"TGME49_219070","TGME49_219070.R959","N/A","N/A","cGMP-dependent protein kinase activity;calcium ion binding","GO:0004692;GO:0005509","N/A","N/A"
"TGME49_219080","TGME49_219080-t26_1","N/A","N/A","protein binding","GO:0005515","GO:0045048","protein insertion into ER membrane"
"TGME49_219120","TGME49_219120.R961","N/A","N/A","metal ion binding;nucleic acid binding;zinc ion binding","GO:0046872;GO:0003676;GO:0008270","N/A","N/A"
"TGME49_219140","TGME49_219140-t26_1","GO:0005853","eukaryotic translation elongation factor 1 complex","translation elongation factor activity","GO:0003746","GO:0006414","translational elongation"
"TGME49_219170","TGME49_219170.R963","N/A","N/A","N/A","N/A","N/A","N/A"
"TGME49_219280","TGME49_219280-t26_1","N/A","N/A","N/A","N/A","N/A","N/A"
"TGME49_219320","TGME49_219320-t26_1","GO:0016020","membrane","acid phosphatase activity","GO:0003993","N/A","N/A"
"TGME49_219500","TGME49_219500.R972","N/A","N/A","N/A","N/A","N/A","N/A"
"TGME49_219770","TGME49_219770.R983","GO:0005622;GO:0005840;GO:0015935","intracellular anatomical structure;ribosome;small ribosomal subunit","structural constituent of ribosome","GO:0003735","GO:0006412","translation"
"TGME49_219810","TGME49_219810.R984","GO:0016020","membrane","N/A","N/A","N/A","N/A"
"TGME49_220060","TGME49_220060-t26_1","N/A","N/A","N/A","N/A","N/A","N/A"
"TGME49_220070","TGME49_220070-t26_1","N/A","N/A","N/A","N/A","N/A","N/A"
"TGME49_220080","TGME49_220080-t26_1","GO:0016020","membrane","N/A","N/A","N/A","N/A"
"TGME49_220120","TGME49_220120-t26_1","GO:0030119","AP-type membrane coat adaptor complex","N/A","N/A","GO:0000724;GO:0016197","double-strand break repair via homologous recombination;endosomal transport"
"TGME49_220140","TGME49_220140-t26_1","N/A","N/A","calcium ion binding","GO:0005509","N/A","N/A"
"TGME49_220150","TGME49_220150-t26_1","GO:1990904;GO:0005840","ribonucleoprotein complex;ribosome","rRNA binding;structural constituent of ribosome","GO:0019843;GO:0003735","GO:0006412","translation"
"TGME49_220160","TGME49_220160.R989","N/A","N/A","protein binding","GO:0005515","N/A","N/A"
"TGME49_220200","TGME49_220200-t26_1","N/A","N/A","N/A","N/A","N/A","N/A"
"TGME49_220240","TGME49_220240.R990","GO:0016020","membrane","N/A","N/A","N/A","N/A"
"TGME49_220270","TGME49_220270.R992","N/A","N/A","N/A","N/A","N/A","N/A"
"TGME49_220300","TGME49_220300.R995","GO:0015934","large ribosomal subunit","structural constituent of ribosome","GO:0003735","GO:0006412","translation"
"TGME49_220400","TGME49_220400.R997","GO:0015629;GO:0005622","actin cytoskeleton;intracellular anatomical structure","actin binding","GO:0003779","GO:0030042","actin filament depolymerization"
"TGME49_220460","TGME49_220460-t26_1","N/A","N/A","N/A","N/A","GO:0015031;GO:0007034","protein transport;vacuolar transport"
"TGME49_220530","TGME49_220530-t26_1","GO:0005634","nucleus","DNA binding;DNA-binding transcription factor activity","GO:0003677;GO:0003700","GO:0006355","regulation of transcription, DNA-templated"
"TGME49_220600","TGME49_220600.R1003","GO:0016020","membrane","N/A","N/A","N/A","N/A"
"TGME49_220610","TGME49_220610.R1004","N/A","N/A","catalytic activity;myosin phosphatase activity;phosphoprotein phosphatase activity;protein serine/threonine phosphatase activity","GO:0003824;GO:0017018;GO:0004721;GO:0004722","GO:0006470","protein dephosphorylation"
"TGME49_220840","TGME49_220840.R1005","N/A","N/A","catalytic activity;pyridoxal phosphate binding;threonine synthase activity","GO:0003824;GO:0030170;GO:0004795","GO:0008152","metabolic process"
"TGME49_220890","TGME49_220890.R1006","N/A","N/A","N/A","N/A","N/A","N/A"
"TGME49_220900","TGME49_220900.R1007","N/A","N/A","N/A","N/A","N/A","N/A"
"TGME49_220930","TGME49_220930.R1008","GO:0005886","plasma membrane","transmembrane transporter activity","GO:0022857","GO:0055085","transmembrane transport"
"TGME49_220950","TGME49_220950-t26_1","N/A","N/A","N/A","N/A","N/A","N/A"
"TGME49_221170","TGME49_221170-t26_1","GO:0005789;GO:0016020","endoplasmic reticulum membrane;membrane","metal ion binding;metalloendopeptidase activity;peptidase activity","GO:0046872;GO:0004222;GO:0008233","GO:0071586;GO:0006508","CAAX-box protein processing;proteolysis"
"TGME49_221180","TGME49_221180.R1011","GO:0016020","membrane","N/A","N/A","N/A","N/A"
"TGME49_221260","TGME49_221260-t26_1","N/A","N/A","3-deoxy-7-phosphoheptulonate synthase activity","GO:0003849","GO:0009073;GO:0008652;GO:0009423","aromatic amino acid family biosynthetic process;cellular amino acid biosynthetic process;chorismate biosynthetic process"
"TGME49_221320","TGME49_221320-t26_1","GO:0016020","membrane","ATP binding;D-alanine-D-alanine ligase activity;acetyl-CoA carboxylase activity;catalytic activity;ligase activity;metal ion binding;propionyl-CoA carboxylase activity","GO:0005524;GO:0008716;GO:0003989;GO:0003824;GO:0016874;GO:0046872;GO:0004658","GO:0006633;GO:2001295;GO:0008152","fatty acid biosynthetic process;malonyl-CoA biosynthetic process;metabolic process"
"TGME49_221330","TGME49_221330-t26_1","GO:0005694","chromosome","ATP binding;DNA binding;DNA topoisomerase activity;DNA topoisomerase type II (double strand cut, ATP-hydrolyzing) activity","GO:0005524;GO:0003677;GO:0003916;GO:0003918","GO:0006259;GO:0006265","DNA metabolic process;DNA topological change"
"TGME49_221380","TGME49_221380.R1019","N/A","N/A","nucleic acid binding;ribonuclease P activity","GO:0003676;GO:0004526","N/A","N/A"
"TGME49_221420","TGME49_221420.R1022","GO:0005874","microtubule","ATP binding;microtubule binding;microtubule motor activity;protein binding","GO:0005524;GO:0008017;GO:0003777;GO:0005515","GO:0007018","microtubule-based movement"
"TGME49_221480","TGME49_221480.R1023","N/A","N/A","N/A","N/A","N/A","N/A"
"TGME49_221510","TGME49_221510.R1026","N/A","N/A","N/A","N/A","N/A","N/A"
"TGME49_221620","TGME49_221620-t26_1","GO:0005874;GO:0032991","microtubule;protein-containing complex","GTP binding;GTPase activity;structural constituent of cytoskeleton","GO:0005525;GO:0003924;GO:0005200","GO:0007017;GO:0006184;GO:0051258","microtubule-based process;obsolete GTP catabolic process;protein polymerization"
"TGME49_221630","TGME49_221630.R1033","N/A","N/A","N/A","N/A","N/A","N/A"
"TGME49_221830","TGME49_221830.R1038","N/A","N/A","serine-type endopeptidase activity;serine-type peptidase activity","GO:0004252;GO:0008236","GO:0006508","proteolysis"
"TGME49_221910","TGME49_221910.R1040","N/A","N/A","DNA binding;zinc ion binding","GO:0003677;GO:0008270","N/A","N/A"
"TGME49_221910","TGME49_221910.R1041","N/A","N/A","DNA binding;zinc ion binding","GO:0003677;GO:0008270","N/A","N/A"
"TGME49_221922","TGME49_221922-t26_1","N/A","N/A","iron ion binding;iron-sulfur cluster binding","GO:0005506;GO:0051536","GO:0016226","iron-sulfur cluster assembly"
"TGME49_221940","TGME49_221940.R1043","GO:0030117","membrane coat","protein binding","GO:0005515","GO:0006886;GO:0016192","intracellular protein transport;vesicle-mediated transport"
"TGME49_222100","TGME49_222100-t26_1","N/A","N/A","N/A","N/A","N/A","N/A"
"TGME49_222170","TGME49_222170.R1051","N/A","N/A","N/A","N/A","N/A","N/A"
"TGME49_222180","TGME49_222180-t26_1","N/A","N/A","N/A","N/A","N/A","N/A"
"TGME49_222200","TGME49_222200.R1053","GO:0016020","membrane","N/A","N/A","N/A","N/A"
"TGME49_222220","TGME49_222220.R1054","N/A","N/A","N/A","N/A","N/A","N/A"
"TGME49_222350","TGME49_222350-t26_1","N/A","N/A","N/A","N/A","N/A","N/A"
"TGME49_222360","TGME49_222360.R1056","N/A","N/A","UFM1 ligase activity","GO:0061666","GO:0071569","protein ufmylation"
"TGME49_222370","TGME49_222370-t26_1","N/A","N/A","N/A","N/A","N/A","N/A"
"TGME49_222390","TGME49_222390-t26_1","N/A","N/A","N/A","N/A","N/A","N/A"
"TGME49_222400","TGME49_222400-t26_1","GO:0016020","membrane","N/A","N/A","N/A","N/A"
"TGME49_222800","TGME49_222800-t26_1","N/A","N/A","alpha-1,4-glucan synthase activity;glycosyltransferase activity;starch synthase activity","GO:0033201;GO:0016757;GO:0009011","GO:0009058","biosynthetic process"
"TGME49_222960","TGME49_222960-t26_1","N/A","N/A","ATP binding;protein kinase activity","GO:0005524;GO:0004672","GO:0006468","protein phosphorylation"
"TGME49_222990","TGME49_222990-t26_1","GO:0005622;GO:1990904;GO:0005840","intracellular anatomical structure;ribonucleoprotein complex;ribosome","structural constituent of ribosome","GO:0003735","GO:0006412","translation"
"TGME49_223000","TGME49_223000.R1070","GO:0030286;GO:0005875","dynein complex;microtubule associated complex","N/A","N/A","GO:0007017","microtubule-based process"
"TGME49_223040","TGME49_223040-t26_1","N/A","N/A","N/A","N/A","N/A","N/A"
"TGME49_223050","TGME49_223050.R1071","GO:0005622;GO:0005840;GO:0015935","intracellular anatomical structure;ribosome;small ribosomal subunit","structural constituent of ribosome","GO:0003735","GO:0006412","translation"
"TGME49_223390","TGME49_223390-t26_1","N/A","N/A","ATP binding;ATP hydrolysis activity;DNA binding;helicase activity;hydrolase activity;nucleic acid binding","GO:0005524;GO:0016887;GO:0003677;GO:0004386;GO:0016787;GO:0003676","GO:0006397","mRNA processing"
"TGME49_223410","TGME49_223410-t26_1","GO:0005737","cytoplasm","RNA binding;translation initiation factor activity","GO:0003723;GO:0003743","GO:0006413","translational initiation"
"TGME49_223500","TGME49_223500.R1083","N/A","N/A","N/A","N/A","N/A","N/A"
"TGME49_223530","TGME49_223530-t26_1","GO:0005737;GO:0000931","cytoplasm;gamma-tubulin large complex","N/A","N/A","GO:0033566","gamma-tubulin complex localization"
"TGME49_223620","TGME49_223620-t26_1","GO:0005794;GO:0016020","Golgi apparatus;membrane","SNAP receptor activity","GO:0005484","GO:0015031;GO:0016192","protein transport;vesicle-mediated transport"
"TGME49_223660","TGME49_223660-t26_1","GO:1990904;GO:0005840","ribonucleoprotein complex;ribosome","structural constituent of ribosome","GO:0003735","GO:0006412","translation"
"TGME49_223790","TGME49_223790-t26_1","N/A","N/A","N/A","N/A","N/A","N/A"
"TGME49_223870","TGME49_223870.R1095","N/A","N/A","N/A","N/A","N/A","N/A"
"TGME49_223920","TGME49_223920-t26_1","GO:0016020","membrane","N/A","N/A","N/A","N/A"
"TGME49_223940","TGME49_223940.R1099","N/A","N/A","N/A","N/A","N/A","N/A"
"TGME49_223970","TGME49_223970.R1101","GO:0005739","mitochondrion","GTP binding;GTPase activity;translation elongation factor activity","GO:0005525;GO:0003924;GO:0003746","GO:0070125;GO:0006414","mitochondrial translational elongation;translational elongation"
"TGME49_223985","TGME49_223985.R1102","N/A","N/A","catalytic activity;myosin phosphatase activity;phosphoprotein phosphatase activity","GO:0003824;GO:0017018;GO:0004721","N/A","N/A"
"TGME49_224000","TGME49_224000-t26_1","N/A","N/A","N/A","N/A","N/A","N/A"
"TGME49_224050","TGME49_224050-t26_1","N/A","N/A","N/A","N/A","N/A","N/A"
"TGME49_224130","TGME49_224130-t26_1","N/A","N/A","nucleic acid binding","GO:0003676","N/A","N/A"
"TGME49_224150","TGME49_224150-t26_1","GO:0000139;GO:0017119","Golgi membrane;Golgi transport complex","N/A","N/A","GO:0006891;GO:0015031","intra-Golgi vesicle-mediated transport;protein transport"
"TGME49_224160","TGME49_224160-t26_1","GO:0016020","membrane","N/A","N/A","N/A","N/A"
"TGME49_224230","TGME49_224230-t26_1","N/A","N/A","DNA-binding transcription factor activity","GO:0003700","GO:0006355","regulation of transcription, DNA-templated"
"TGME49_224240","TGME49_224240-t26_1","N/A","N/A","catalytic activity;myosin phosphatase activity;phosphoprotein phosphatase activity;protein serine/threonine phosphatase activity","GO:0003824;GO:0017018;GO:0004721;GO:0004722","GO:0006470","protein dephosphorylation"
"TGME49_224290","TGME49_224290.R1113","GO:0016020","membrane","palmitoyltransferase activity;protein-cysteine S-palmitoyltransferase activity;zinc ion binding","GO:0016409;GO:0019706;GO:0008270","N/A","N/A"
"TGME49_224310","TGME49_224310.R1114","GO:0016020","membrane","palmitoyltransferase activity;protein-cysteine S-palmitoyltransferase activity;zinc ion binding","GO:0016409;GO:0019706;GO:0008270","N/A","N/A"
"TGME49_224350","TGME49_224350.R1116","N/A","N/A","metallopeptidase activity;zinc ion binding","GO:0008237;GO:0008270","GO:0006508","proteolysis"
"TGME49_224460","TGME49_224460.R1117","N/A","N/A","aminopeptidase activity;metallopeptidase activity;zinc ion binding","GO:0004177;GO:0008237;GO:0008270","GO:0006508","proteolysis"
"TGME49_224480","TGME49_224480.R1119","N/A","N/A","ATP binding;protein kinase activity;protein serine/threonine/tyrosine kinase activity","GO:0005524;GO:0004672;GO:0004712","GO:0006468","protein phosphorylation"
"TGME49_224520","TGME49_224520.R1120","N/A","N/A","N/A","N/A","N/A","N/A"
"TGME49_224530","TGME49_224530.R1121","N/A","N/A","N/A","N/A","N/A","N/A"
"TGME49_224620","TGME49_224620-t26_1","GO:0016020","membrane","N/A","N/A","N/A","N/A"
"TGME49_224630","TGME49_224630-t26_1","N/A","N/A","mRNA binding;metal ion binding;nucleic acid binding;zinc ion binding","GO:0003729;GO:0046872;GO:0003676;GO:0008270","N/A","N/A"
"TGME49_224700","TGME49_224700.R1125","N/A","N/A","N/A","N/A","N/A","N/A"
"TGME49_224710","TGME49_224710.R1126","N/A","N/A","N/A","N/A","N/A","N/A"
"TGME49_224760","TGME49_224760-t26_1","GO:0016020","membrane","N/A","N/A","N/A","N/A"
"TGME49_224880","TGME49_224880.R1135","N/A","N/A","ATP binding;microtubule binding;microtubule motor activity","GO:0005524;GO:0008017;GO:0003777","GO:0007018","microtubule-based movement"
"TGME49_224950","TGME49_224950-t26_1","N/A","N/A","ATP binding;calcium ion binding;calmodulin-dependent protein kinase activity;protein kinase activity","GO:0005524;GO:0005509;GO:0004683;GO:0004672","GO:0006468","protein phosphorylation"
"TGME49_224990","TGME49_224990.R1139","N/A","N/A","N/A","N/A","N/A","N/A"
"TGME49_225020","TGME49_225020.R1142","N/A","N/A","N/A","N/A","N/A","N/A"
"TGME49_225050","TGME49_225050.R1144","N/A","N/A","adenosylhomocysteinase activity;obsolete cofactor binding;oxidoreductase activity, acting on the CH-OH group of donors, NAD or NADP as acceptor","GO:0004013;GO:0048037;GO:0016616","GO:0055114;GO:0006730","obsolete oxidation-reduction process;one-carbon metabolic process"
"TGME49_225080","TGME49_225080.R1147","GO:0005622;GO:1990904;GO:0005840","intracellular anatomical structure;ribonucleoprotein complex;ribosome","RNA binding;nucleic acid binding;structural constituent of ribosome","GO:0003723;GO:0003676;GO:0003735","GO:0006412","translation"
"TGME49_225110","TGME49_225110.R1151","GO:0005634","nucleus","DNA binding;DNA-binding transcription factor activity","GO:0003677;GO:0003700","GO:0006355","regulation of transcription, DNA-templated"
"TGME49_225200","TGME49_225200.R1157","N/A","N/A","N/A","N/A","N/A","N/A"
"TGME49_225240","TGME49_225240-t26_1","GO:1990904;GO:0005840","ribonucleoprotein complex;ribosome","structural constituent of ribosome","GO:0003735","GO:0006412","translation"
"TGME49_225250","TGME49_225250-t26_1","GO:1990904;GO:0005840","ribonucleoprotein complex;ribosome","structural constituent of ribosome","GO:0003735","GO:0006412","translation"
"TGME49_225340","TGME49_225340-t26_1","N/A","N/A","N/A","N/A","N/A","N/A"
"TGME49_225380","TGME49_225380-t26_1","N/A","N/A","N/A","N/A","N/A","N/A"
"TGME49_225410","TGME49_225410-t26_1","GO:0000786;GO:0005634","nucleosome;nucleus","DNA binding;protein heterodimerization activity;structural constituent of chromatin","GO:0003677;GO:0046982;GO:0030527","N/A","N/A"
"TGME49_225490","TGME49_225490.R1171","N/A","N/A","ATP binding;calcium ion binding;calmodulin-dependent protein kinase activity;carbohydrate binding;protein kinase activity;starch binding","GO:0005524;GO:0005509;GO:0004683;GO:0030246;GO:0004672;GO:2001070","GO:0006468","protein phosphorylation"
"TGME49_225555","TGME49_225555-t26_1","GO:0016020","membrane","N/A","N/A","N/A","N/A"
"TGME49_225560","TGME49_225560-t26_1","N/A","N/A","N/A","N/A","N/A","N/A"
"TGME49_225690","TGME49_225690.R1176","N/A","N/A","N/A","N/A","N/A","N/A"
"TGME49_225720","TGME49_225720-t26_1","N/A","N/A","N/A","N/A","N/A","N/A"
"TGME49_225730","TGME49_225730.R1177","N/A","N/A","N/A","N/A","N/A","N/A"
"TGME49_225770","TGME49_225770.R1179","N/A","N/A","ATP binding;MAP kinase kinase kinase activity;protein kinase activity","GO:0005524;GO:0004709;GO:0004672","GO:0006468","protein phosphorylation"
"TGME49_225790","TGME49_225790.R1181","N/A","N/A","N/A","N/A","N/A","N/A"
"TGME49_225810","TGME49_225810-t26_1","N/A","N/A","N/A","N/A","N/A","N/A"
"TGME49_225990","TGME49_225990-t26_1","N/A","N/A","[acyl-carrier-protein] S-malonyltransferase activity;transferase activity","GO:0004314;GO:0016740","N/A","N/A"
"TGME49_226000","TGME49_226000-t26_1","GO:0045261","proton-transporting ATP synthase complex, catalytic core F(1)","proton-transporting ATP synthase activity, rotational mechanism;proton-transporting ATPase activity, rotational mechanism","GO:0046933;GO:0046961","GO:0015986","ATP synthesis coupled proton transport"
"TGME49_226030","TGME49_226030.R1193","N/A","N/A","AMP-activated protein kinase activity;ATP binding;cAMP-dependent protein kinase activity;protein kinase activity;protein serine/threonine kinase activity","GO:0004679;GO:0005524;GO:0004691;GO:0004672;GO:0004674","GO:0006468","protein phosphorylation"
"TGME49_226040","TGME49_226040.R1194","N/A","N/A","calcium ion binding","GO:0005509","N/A","N/A"
"TGME49_226220","TGME49_226220-t26_1","N/A","N/A","N/A","N/A","N/A","N/A"
"TGME49_226280","TGME49_226280.R1200","GO:0005622;GO:1990904;GO:0005840","intracellular anatomical structure;ribonucleoprotein complex;ribosome","structural constituent of ribosome","GO:0003735","GO:0006412","translation"
"TGME49_226380","TGME49_226380.R1204","GO:0016020","membrane","N/A","N/A","N/A","N/A"
"TGME49_226400","TGME49_226400-t26_1","GO:0020011","apicoplast","4 iron, 4 sulfur cluster binding;catalytic activity;iron-sulfur cluster binding;lipoate synthase activity;metal ion binding","GO:0051539;GO:0003824;GO:0051536;GO:0016992;GO:0046872","GO:0009107;GO:0009249","lipoate biosynthetic process;protein lipoylation"
"TGME49_226410","TGME49_226410.R1206","GO:0005853","eukaryotic translation elongation factor 1 complex","translation elongation factor activity","GO:0003746","GO:0006414","translational elongation"
"TGME49_226600","TGME49_226600-t26_1","GO:0016020","membrane","SNAP receptor activity;protein binding","GO:0005484;GO:0005515","GO:0006886;GO:0016192","intracellular protein transport;vesicle-mediated transport"
"TGME49_226620","TGME49_226620.R1218","N/A","N/A","N/A","N/A","N/A","N/A"
"TGME49_226660","TGME49_226660.R1220","N/A","N/A","N/A","N/A","N/A","N/A"
"TGME49_226730","TGME49_226730-t26_1","N/A","N/A","aconitate hydratase activity;citrate dehydratase activity;iron-sulfur cluster binding;isocitrate hydro-lyase (cis-aconitate-forming) activity;metal ion binding","GO:0003994;GO:0047780;GO:0051536;GO:0052633;GO:0046872","GO:0008152","metabolic process"
"TGME49_226870","TGME49_226870.R1227","GO:0000930;GO:0005874;GO:0032991","gamma-tubulin complex;microtubule;protein-containing complex","GTP binding;GTPase activity","GO:0005525;GO:0003924","GO:0031122;GO:0007020;GO:0007017;GO:0006184;GO:0051258","cytoplasmic microtubule organization;microtubule nucleation;microtubule-based process;obsolete GTP catabolic process;protein polymerization"
"TGME49_226910","TGME49_226910.R1230","N/A","N/A","4-alpha-glucanotransferase activity;amylo-alpha-1,6-glucosidase activity;beta-maltose 4-alpha-glucanotransferase activity","GO:0004134;GO:0004135;GO:0102500","GO:0005975;GO:0005978;GO:0005980","carbohydrate metabolic process;glycogen biosynthetic process;glycogen catabolic process"
"TGME49_226920","TGME49_226920.R1231","GO:0005777","peroxisome","serine-type endopeptidase activity","GO:0004252","GO:0016485","protein processing"
"TGME49_226940","TGME49_226940-t26_1","N/A","N/A","obsolete ubiquitin thiolesterase activity;thiol-dependent deubiquitinase","GO:0004221;GO:0004843","GO:0016579;GO:0006511","protein deubiquitination;ubiquitin-dependent protein catabolic process"
"TGME49_226970","TGME49_226970.R1232","GO:0005622;GO:1990904;GO:0005840","intracellular anatomical structure;ribonucleoprotein complex;ribosome","structural constituent of ribosome","GO:0003735","GO:0006412","translation"
"TGME49_226990","TGME49_226990.R1234","N/A","N/A","N/A","N/A","N/A","N/A"
"TGME49_227000","TGME49_227000.R1235","N/A","N/A","N/A","N/A","N/A","N/A"
"TGME49_227010","TGME49_227010.R1236","N/A","N/A","ATP binding;protein kinase activity","GO:0005524;GO:0004672","GO:0006468","protein phosphorylation"
"TGME49_227020","TGME49_227020.R1237","N/A","N/A","NAD(P)+-protein-arginine ADP-ribosyltransferase activity;NAD+ binding;zinc ion binding","GO:0003956;GO:0070403;GO:0008270","GO:0006476","protein deacetylation"
"TGME49_227280","TGME49_227280-t26_1","GO:0016020","membrane","N/A","N/A","N/A","N/A"
"TGME49_227290","TGME49_227290-t26_1","GO:0005634","nucleus","NAD-dependent histone deacetylase activity (H3-K14 specific);NAD-dependent histone deacetylase activity (H3-K9 specific);NAD-dependent histone deacetylase activity (H4-K16 specific);histone deacetylase activity;histone deacetylase activity (H3-K14 specific);histone deacetylase activity (H3-K9 specif","GO:0032041;GO:0046969;GO:0046970;GO:0004407;GO:0031078;GO:0032129;GO:0034739;GO:0046872","GO:0016575","histone deacetylation"
"TGME49_227310","TGME49_227310.R1243","N/A","N/A","N/A","N/A","N/A","N/A"
"TGME49_227360","TGME49_227360-t26_1","GO:0005622;GO:1990904;GO:0005840","intracellular anatomical structure;ribonucleoprotein complex;ribosome","structural constituent of ribosome","GO:0003735","GO:0006412","translation"
"TGME49_227600","TGME49_227600.R1253","GO:0005622;GO:1990904;GO:0005840","intracellular anatomical structure;ribonucleoprotein complex;ribosome","structural constituent of ribosome","GO:0003735","GO:0006412","translation"
"TGME49_227620","TGME49_227620-t26_1","N/A","N/A","N/A","N/A","N/A","N/A"
"TGME49_227650","TGME49_227650.R1256","GO:0005737;GO:0005874","cytoplasm;microtubule","microtubule binding;protein binding","GO:0008017;GO:0005515","GO:0007049;GO:0051301","cell cycle;cell division"
"TGME49_227800","TGME49_227800.R1260","N/A","N/A","calcium ion binding;protein binding","GO:0005509;GO:0005515","N/A","N/A"
"TGME49_227810","TGME49_227810-t26_1","N/A","N/A","ATP binding;protein kinase activity","GO:0005524;GO:0004672","GO:0006468","protein phosphorylation"
"TGME49_227860","TGME49_227860-t26_1","N/A","N/A","N/A","N/A","N/A","N/A"
"TGME49_227900","TGME49_227900.R1265","N/A","N/A","N/A","N/A","N/A","N/A"
"TGME49_227948","TGME49_227948.R1267","N/A","N/A","metal ion binding;metalloendopeptidase activity;metallopeptidase activity;zinc ion binding","GO:0046872;GO:0004222;GO:0008237;GO:0008270","GO:0006508","proteolysis"
"TGME49_227952","TGME49_227952.R1268","N/A","N/A","N/A","N/A","N/A","N/A"
"TGME49_227990","TGME49_227990.R1271","N/A","N/A","N/A","N/A","N/A","N/A"
"TGME49_228120","TGME49_228120-t26_1","GO:0005634","nucleus","N/A","N/A","N/A","N/A"
"TGME49_228170","TGME49_228170.R1279","GO:0016020","membrane","acid phosphatase activity;hydrolase activity","GO:0003993;GO:0016787","N/A","N/A"
"TGME49_228190","TGME49_228190.R1281","GO:0005852","eukaryotic translation initiation factor 3 complex","metallopeptidase activity;peptidase activity;protein binding;translation initiation factor activity;translation initiation factor binding","GO:0008237;GO:0008233;GO:0005515;GO:0003743;GO:0031369","GO:0006413","translational initiation"
"TGME49_228290","TGME49_228290.R1288","N/A","N/A","carboxylic ester hydrolase activity;hydrolase activity;methyl indole-3-acetate esterase activity;methyl jasmonate esterase activity;methyl salicylate esterase activity;retinyl-palmitate esterase activity","GO:0052689;GO:0016787;GO:0080030;GO:0080032;GO:0080031;GO:0050253","N/A","N/A"
"TGME49_228420","TGME49_228420.R1295","N/A","N/A","AMP-activated protein kinase activity;ATP binding;cAMP-dependent protein kinase activity;protein kinase activity","GO:0004679;GO:0005524;GO:0004691;GO:0004672","GO:0006468","protein phosphorylation"
"TGME49_228470","TGME49_228470-t26_1","GO:1990904;GO:0005840","ribonucleoprotein complex;ribosome","structural constituent of ribosome","GO:0003735","GO:0006412","translation"
"TGME49_228690","TGME49_228690.R1301","N/A","N/A","1-phosphatidylinositol 4-kinase activity;kinase activity","GO:0004430;GO:0016301","GO:0046854;GO:0048015;GO:0016310","phosphatidylinositol phosphate biosynthetic process;phosphatidylinositol-mediated signaling;phosphorylation"
"TGME49_228750","TGME49_228750.R1305","N/A","N/A","ATP binding;calcium ion binding;myosin light chain kinase activity;protein kinase activity","GO:0005524;GO:0005509;GO:0004687;GO:0004672","GO:0006468","protein phosphorylation"
"TGME49_228770","TGME49_228770.R1306","N/A","N/A","N/A","N/A","N/A","N/A"
"TGME49_228780","TGME49_228780-t26_1","GO:0016020","membrane","N/A","N/A","N/A","N/A"
"TGME49_229010","TGME49_229010-t26_1","N/A","N/A","N/A","N/A","N/A","N/A"
"TGME49_229020","TGME49_229020.R1308","N/A","N/A","ATP binding;RNA polymerase II CTD heptapeptide repeat kinase activity;protein kinase activity","GO:0005524;GO:0008353;GO:0004672","GO:0006468","protein phosphorylation"
"TGME49_229160","TGME49_229160.R1312","GO:0016020","membrane","palmitoyltransferase activity;protein-cysteine S-palmitoyltransferase activity;zinc ion binding","GO:0016409;GO:0019706;GO:0008270","N/A","N/A"
"TGME49_229250","TGME49_229250-t26_1","GO:1990904;GO:0005840","ribonucleoprotein complex;ribosome","structural constituent of ribosome","GO:0003735","GO:0006412","translation"
"TGME49_229260","TGME49_229260.R1316","N/A","N/A","N/A","N/A","N/A","N/A"
"TGME49_229350","TGME49_229350.R1318","N/A","N/A","N/A","N/A","N/A","N/A"
"TGME49_229370","TGME49_229370.R1320","N/A","N/A","N/A","N/A","N/A","N/A"
"TGME49_229620","TGME49_229620.R1328","N/A","N/A","N/A","N/A","N/A","N/A"
"TGME49_229630","TGME49_229630.R1329","GO:0016020","membrane","ATP binding;non-membrane spanning protein tyrosine kinase activity;protein kinase activity","GO:0005524;GO:0004715;GO:0004672","GO:0006468","protein phosphorylation"
"TGME49_229640","TGME49_229640.R1330","N/A","N/A","N/A","N/A","N/A","N/A"
"TGME49_229670","TGME49_229670.R1332","GO:0005622;GO:0005840;GO:0015935","intracellular anatomical structure;ribosome;small ribosomal subunit","structural constituent of ribosome","GO:0003735","GO:0006412","translation"
"TGME49_229690","TGME49_229690.R1334","N/A","N/A","catalytic activity;ubiquitin-like modifier activating enzyme activity","GO:0003824;GO:0008641","N/A","N/A"
"TGME49_229740","TGME49_229740.R1337","N/A","N/A","N/A","N/A","N/A","N/A"
"TGME49_229900","TGME49_229900.R1342","N/A","N/A","N/A","N/A","N/A","N/A"
"TGME49_229920","TGME49_229920.R1344","GO:0016020","membrane","N/A","N/A","N/A","N/A"
"TGME49_230020","TGME49_230020.R1347","N/A","N/A","ATP binding;microtubule binding;microtubule motor activity","GO:0005524;GO:0008017;GO:0003777","GO:0007018","microtubule-based movement"
"TGME49_230050","TGME49_230050.R1349","GO:0005622;GO:1990904;GO:0005840","intracellular anatomical structure;ribonucleoprotein complex;ribosome","structural constituent of ribosome","GO:0003735","GO:0006412","translation"
"TGME49_230080","TGME49_230080.R1350","N/A","N/A","ATP binding;helicase activity;nucleic acid binding","GO:0005524;GO:0004386;GO:0003676","N/A","N/A"
"TGME49_230160","TGME49_230160-t26_1","N/A","N/A","nucleic acid binding","GO:0003676","N/A","N/A"
"TGME49_230180","TGME49_230180.R1359","N/A","N/A","N/A","N/A","N/A","N/A"
"TGME49_230180","TGME49_230180.R1360","N/A","N/A","N/A","N/A","N/A","N/A"
"TGME49_230210","TGME49_230210-t26_1","N/A","N/A","N/A","N/A","N/A","N/A"
"TGME49_230230","TGME49_230230.R1363","GO:0005634","nucleus","N/A","N/A","N/A","N/A"
"TGME49_230340","TGME49_230340.R1364","N/A","N/A","N/A","N/A","N/A","N/A"
"TGME49_230350","TGME49_230350.R1365","GO:0016020","membrane","calcium ion binding","GO:0005509","N/A","N/A"
"TGME49_230430","TGME49_230430.R1368","GO:0016021;GO:0016020","integral component of membrane;membrane","N/A","N/A","GO:0016192","vesicle-mediated transport"
"TGME49_230470","TGME49_230470.R1370","N/A","N/A","ATP binding;protein kinase activity","GO:0005524;GO:0004672","GO:0006468","protein phosphorylation"
"TGME49_230555","TGME49_230555.R1376","N/A","N/A","phosphorus-oxygen lyase activity","GO:0016849","GO:0009190;GO:0035556","cyclic nucleotide biosynthetic process;intracellular signal transduction"
"TGME49_230705","TGME49_230705.R1383","N/A","N/A","N/A","N/A","N/A","N/A"
"TGME49_230850","TGME49_230850.R1387","N/A","N/A","N/A","N/A","N/A","N/A"
"TGME49_230920","TGME49_230920.R1390","GO:0030131;GO:0005905","clathrin adaptor complex;clathrin-coated pit","protein binding","GO:0005515","GO:0006897;GO:0006886;GO:0016192","endocytosis;intracellular protein transport;vesicle-mediated transport"
"TGME49_230960","TGME49_230960.R1392","GO:0005634","nucleus","nucleic acid binding;protein binding","GO:0003676;GO:0005515","N/A","N/A"
"TGME49_230980","TGME49_230980.R1394","GO:0016459","myosin complex","ATP binding;actin binding;cytoskeletal motor activity;protein binding","GO:0005524;GO:0003779;GO:0003774;GO:0005515","N/A","N/A"
"TGME49_231060","TGME49_231060.R1400","N/A","N/A","serine-type endopeptidase activity;serine-type peptidase activity","GO:0004252;GO:0008236","GO:0006508","proteolysis"
"TGME49_231070","TGME49_231070.R1401","N/A","N/A","ATP binding;protein kinase activity;protein serine/threonine kinase activity","GO:0005524;GO:0004672;GO:0004674","GO:0006468","protein phosphorylation"
"TGME49_231080","TGME49_231080-t26_1","GO:0005622;GO:1990904;GO:0005840","intracellular anatomical structure;ribonucleoprotein complex;ribosome","structural constituent of ribosome","GO:0003735","GO:0006412","translation"
"TGME49_231120","TGME49_231120-t26_1","GO:0009507;GO:1990904;GO:0005840","chloroplast;ribonucleoprotein complex;ribosome","structural constituent of ribosome","GO:0003735","GO:0006412","translation"
"TGME49_231140","TGME49_231140.R1405","N/A","N/A","N/A","N/A","N/A","N/A"
"TGME49_231170","TGME49_231170.R1407","GO:0005694;GO:0005634","chromosome;nucleus","ATP binding;ATP hydrolysis activity;protein binding","GO:0005524;GO:0016887;GO:0005515","GO:0051276","chromosome organization"
"TGME49_231370","TGME49_231370.R1414","N/A","N/A","lysophospholipase activity;phospholipase activity","GO:0004622;GO:0004620","GO:0006629","lipid metabolic process"
"TGME49_231400","TGME49_231400.R1416","GO:0005874;GO:0032991","microtubule;protein-containing complex","GTP binding;GTPase activity;hydrolase activity;structural constituent of cytoskeleton","GO:0005525;GO:0003924;GO:0016787;GO:0005200","GO:0007017;GO:0006184;GO:0051258","microtubule-based process;obsolete GTP catabolic process;protein polymerization"
"TGME49_231410","TGME49_231410.R1417","N/A","N/A","N/A","N/A","N/A","N/A"
"TGME49_231480","TGME49_231480.R1420","N/A","N/A","protein binding","GO:0005515","N/A","N/A"
"TGME49_231630","TGME49_231630-t26_1","N/A","N/A","N/A","N/A","N/A","N/A"
"TGME49_231640","TGME49_231640-t26_1","N/A","N/A","N/A","N/A","N/A","N/A"
"TGME49_231750","TGME49_231750.R1422","N/A","N/A","N/A","N/A","N/A","N/A"
"TGME49_231770","TGME49_231770-t26_1","GO:0005874;GO:0032991","microtubule;protein-containing complex","GTP binding;GTPase activity;hydrolase activity;structural constituent of cytoskeleton","GO:0005525;GO:0003924;GO:0016787;GO:0005200","GO:0007017;GO:0006184;GO:0051258","microtubule-based process;obsolete GTP catabolic process;protein polymerization"
"TGME49_231790","TGME49_231790.R1423","N/A","N/A","N/A","N/A","N/A","N/A"
"TGME49_231840","TGME49_231840.R1426","N/A","N/A","N/A","N/A","N/A","N/A"
"TGME49_231850","TGME49_231850-t26_1","N/A","N/A","catalytic activity;myosin phosphatase activity;phosphoprotein phosphatase activity;protein serine/threonine phosphatase activity","GO:0003824;GO:0017018;GO:0004721;GO:0004722","GO:0006470","protein dephosphorylation"
"TGME49_231870","TGME49_231870.R1427","N/A","N/A","protein binding","GO:0005515","N/A","N/A"
"TGME49_231910","TGME49_231910.R1430","GO:0045261","proton-transporting ATP synthase complex, catalytic core F(1)","proton-transporting ATP synthase activity, rotational mechanism;proton-transporting ATPase activity, rotational mechanism","GO:0046933;GO:0046961","GO:0015986","ATP synthesis coupled proton transport"
"TGME49_231940","TGME49_231940.R1432","N/A","N/A","catalytic activity;ubiquitin-like modifier activating enzyme activity","GO:0003824;GO:0008641","N/A","N/A"
"TGME49_231960","TGME49_231960.R1433","N/A","N/A","N/A","N/A","N/A","N/A"
"TGME49_231970","TGME49_231970.R1434","GO:0005681","spliceosomal complex","RNA binding;U5 snRNA binding;U6 snRNA binding;metallopeptidase activity;peptidase activity;protein binding","GO:0003723;GO:0030623;GO:0017070;GO:0008237;GO:0008233;GO:0005515","GO:0000398","mRNA splicing, via spliceosome"
"TGME49_232000","TGME49_232000.R1437","GO:0016020","membrane","N/A","N/A","N/A","N/A"
"TGME49_232010","TGME49_232010.R1438","GO:0016020","membrane","catalytic activity;cation binding;metal ion binding;myosin phosphatase activity;phosphoprotein phosphatase activity;protein serine/threonine phosphatase activity","GO:0003824;GO:0043169;GO:0046872;GO:0017018;GO:0004721;GO:0004722","GO:0006470","protein dephosphorylation"
"TGME49_232020","TGME49_232020.R1439","GO:0016020","membrane","N/A","N/A","N/A","N/A"
"TGME49_232030","TGME49_232030.R1440","N/A","N/A","N/A","N/A","N/A","N/A"
"TGME49_232130","TGME49_232130.R1446","N/A","N/A","protein binding","GO:0005515","N/A","N/A"
"TGME49_232150","TGME49_232150.R1448","N/A","N/A","N/A","N/A","N/A","N/A"
"TGME49_232230","TGME49_232230-t26_1","GO:0022625","cytosolic large ribosomal subunit","RNA binding;structural constituent of ribosome","GO:0003723;GO:0003735","N/A","N/A"
"TGME49_232260","TGME49_232260.R1454","GO:0016020","membrane","N/A","N/A","N/A","N/A"
"TGME49_232300","TGME49_232300.R1456","GO:0005622;GO:0005840;GO:0015935","intracellular anatomical structure;ribosome;small ribosomal subunit","RNA binding;structural constituent of ribosome","GO:0003723;GO:0003735","GO:0006412","translation"
"TGME49_232340","TGME49_232340.R1459","GO:0016020","membrane","catalytic activity;cation binding;metal ion binding;myosin phosphatase activity;phosphoprotein phosphatase activity;protein serine/threonine phosphatase activity","GO:0003824;GO:0043169;GO:0046872;GO:0017018;GO:0004721;GO:0004722","GO:0006470","protein dephosphorylation"
"TGME49_232350","TGME49_232350-t26_1","N/A","N/A","L-lactate dehydrogenase activity;catalytic activity;oxidoreductase activity;oxidoreductase activity, acting on the CH-OH group of donors, NAD or NADP as acceptor","GO:0004459;GO:0003824;GO:0016491;GO:0016616","GO:0019752;GO:0055114","carboxylic acid metabolic process;obsolete oxidation-reduction process"
"TGME49_232410","TGME49_232410.R1465","N/A","N/A","protein-disulfide reductase (NAD(P)) activity","GO:0047134","N/A","N/A"
"TGME49_232430","TGME49_232430.R1466","N/A","N/A","N/A","N/A","N/A","N/A"
"TGME49_232440","TGME49_232440-t26_1","N/A","N/A","N/A","N/A","N/A","N/A"
"TGME49_232560","TGME49_232560-t26_1","N/A","N/A","N/A","N/A","N/A","N/A"
"TGME49_232600","TGME49_232600.R1474","N/A","N/A","N/A","N/A","GO:0006629","lipid metabolic process"
"TGME49_232660","TGME49_232660-t26_1","N/A","N/A","protein binding;protein dimerization activity","GO:0005515;GO:0046983","N/A","N/A"
"TGME49_232680","TGME49_232680.R1480","N/A","N/A","N/A","N/A","N/A","N/A"
"TGME49_232710","TGME49_232710-t26_1","GO:0022627;GO:0005622;GO:0005840","cytosolic small ribosomal subunit;intracellular anatomical structure;ribosome","structural constituent of ribosome","GO:0003735","GO:0006412","translation"
"TGME49_232780","TGME49_232780.R1482","N/A","N/A","N/A","N/A","N/A","N/A"
"TGME49_232830","TGME49_232830.R1484","GO:0033179;GO:0033177;GO:0000220","proton-transporting V-type ATPase, V0 domain;proton-transporting two-sector ATPase complex, proton-transporting domain;vacuolar proton-transporting V-type ATPase, V0 domain","proton transmembrane transporter activity;proton-transporting ATPase activity, rotational mechanism","GO:0015078;GO:0046961","GO:1902600","proton transmembrane transport"
"TGME49_232940","TGME49_232940-t26_1","N/A","N/A","N/A","N/A","N/A","N/A"
"TGME49_232960","TGME49_232960.R1485","N/A","N/A","2-oxoglutarate-dependent dioxygenase activity;L-ascorbic acid binding;dioxygenase activity;iron ion binding;oxidoreductase activity;oxidoreductase activity, acting on paired donors, with incorporation or reduction of molecular oxygen","GO:0016706;GO:0031418;GO:0051213;GO:0005506;GO:0016491;GO:0016705","GO:0008152;GO:0055114","metabolic process;obsolete oxidation-reduction process"
"TGME49_233010","TGME49_233010.R1489","N/A","N/A","ATP binding;MAP kinase activity;protein kinase activity","GO:0005524;GO:0004707;GO:0004672","GO:0006468","protein phosphorylation"
"TGME49_233030","TGME49_233030.R1490","N/A","N/A","N/A","N/A","N/A","N/A"
"TGME49_233110","TGME49_233110-t26_1","GO:0005737","cytoplasm","IMP dehydrogenase activity;catalytic activity;metal ion binding;nitronate monooxygenase activity;nucleotide binding;oxidoreductase activity;protein binding","GO:0003938;GO:0003824;GO:0046872;GO:0018580;GO:0000166;GO:0016491;GO:0005515","GO:0006177;GO:0055114;GO:0006164;GO:0009228","GMP biosynthetic process;obsolete oxidation-reduction process;purine nucleotide biosynthetic process;thiamine biosynthetic process"
"TGME49_233120","TGME49_233120.R1494","GO:0005634","nucleus","DNA binding;DNA-binding transcription factor activity","GO:0003677;GO:0003700","GO:0006355","regulation of transcription, DNA-templated"
"TGME49_233130","TGME49_233130-t26_1","GO:0016021;GO:0016020","integral component of membrane;membrane","nucleoside transmembrane transporter activity","GO:0005337","GO:1901642;GO:0006810","nucleoside transmembrane transport;transport"
"TGME49_233160","TGME49_233160.R1495","N/A","N/A","N/A","N/A","N/A","N/A"
"TGME49_233170","TGME49_233170.R1496","N/A","N/A","N/A","N/A","N/A","N/A"
"TGME49_233220","TGME49_233220.R1501","GO:0016020","membrane","N/A","N/A","N/A","N/A"
"TGME49_233340","TGME49_233340.R1505","GO:0005634","nucleus","N/A","N/A","N/A","N/A"
"TGME49_233450","TGME49_233450-t26_1","GO:0016020","membrane","N/A","N/A","N/A","N/A"
"TGME49_233460","TGME49_233460.R1508","GO:0016020","membrane","N/A","N/A","N/A","N/A"
"TGME49_233480","TGME49_233480-t26_1","GO:0016020","membrane","N/A","N/A","N/A","N/A"
"TGME49_233905","TGME49_233905.R1523","N/A","N/A","ATP binding;myosin light chain kinase activity;protein kinase activity","GO:0005524;GO:0004687;GO:0004672","GO:0006468","protein phosphorylation"
"TGME49_234250","TGME49_234250.R1529","N/A","N/A","N/A","N/A","N/A","N/A"
"TGME49_234270","TGME49_234270.R1530","N/A","N/A","N/A","N/A","N/A","N/A"
"TGME49_234380","TGME49_234380.R1533","N/A","N/A","N/A","N/A","N/A","N/A"
"TGME49_234450","TGME49_234450.R1535","GO:0005622;GO:0005840","intracellular anatomical structure;ribosome","structural constituent of ribosome","GO:0003735","GO:0006412","translation"
"TGME49_234450","TGME49_234450.R1536","GO:0005840","ribosome","structural constituent of ribosome","GO:0003735","GO:0006412","translation"
"TGME49_234550","TGME49_234550-t26_1","GO:0005622;GO:1990904;GO:0005840","intracellular anatomical structure;ribonucleoprotein complex;ribosome","structural constituent of ribosome","GO:0003735","GO:0006412","translation"
"TGME49_234950","TGME49_234950.R1545","N/A","N/A","ATP binding;protein kinase activity","GO:0005524;GO:0004672","GO:0006468","protein phosphorylation"
"TGME49_235130","TGME49_235130-t26_1","N/A","N/A","N/A","N/A","N/A","N/A"
"TGME49_235140","TGME49_235140.R1549","N/A","N/A","N/A","N/A","N/A","N/A"
"TGME49_235340","TGME49_235340.R1553","N/A","N/A","N/A","N/A","N/A","N/A"
"TGME49_235380","TGME49_235380.R1556","N/A","N/A","N/A","N/A","N/A","N/A"
"TGME49_235398","TGME49_235398-t26_1","N/A","N/A","N/A","N/A","N/A","N/A"
"TGME49_235540","TGME49_235540-t26_1","N/A","N/A","translation initiation factor activity","GO:0003743","GO:0006413","translational initiation"
"TGME49_235680","TGME49_235680-t26_1","GO:0016020","membrane","metal ion binding;metalloendopeptidase activity;zinc ion binding","GO:0046872;GO:0004222;GO:0008270","GO:0006508","proteolysis"
"TGME49_235690","TGME49_235690.R1571","N/A","N/A","N/A","N/A","N/A","N/A"
"TGME49_235700","TGME49_235700-t26_1","N/A","N/A","phosphatase activity;phosphoric ester hydrolase activity;sedoheptulose-bisphosphatase activity","GO:0016791;GO:0042578;GO:0050278","GO:0005975","carbohydrate metabolic process"
"TGME49_235860","TGME49_235860.R1576","N/A","N/A","calcium ion binding;serine-type endopeptidase activity;serine-type peptidase activity","GO:0005509;GO:0004252;GO:0008236","GO:0006508","proteolysis"
"TGME49_235880","TGME49_235880.R1577","GO:0005743","mitochondrial inner membrane","N/A","N/A","GO:0006850","mitochondrial pyruvate transmembrane transport"
"TGME49_235950","TGME49_235950.R1580","N/A","N/A","serine-type endopeptidase activity;serine-type peptidase activity","GO:0004252;GO:0008236","GO:0006508","proteolysis"
"TGME49_235970","TGME49_235970-t26_1","N/A","N/A","GTP binding;GTPase activity;nucleotidyltransferase activity;sulfate adenylyltransferase (ATP) activity;tRNA binding;translation initiation factor activity","GO:0005525;GO:0003924;GO:0016779;GO:0004781;GO:0000049;GO:0003743","N/A","N/A"
"TGME49_236040","TGME49_236040.R1585","N/A","N/A","fructose-bisphosphate aldolase activity","GO:0004332","GO:0006096","glycolytic process"
"TGME49_236110","TGME49_236110-t26_1","GO:0005737","cytoplasm","Atg8 ligase activity;ubiquitin-like protein transferase activity","GO:0019776;GO:0019787","GO:0006914","autophagy"
"TGME49_236210","TGME49_236210-t26_1","N/A","N/A","metal ion binding;metalloendopeptidase activity;zinc ion binding","GO:0046872;GO:0004222;GO:0008270","GO:0006508","proteolysis"
"TGME49_236250","TGME49_236250-t26_1","N/A","N/A","N/A","N/A","N/A","N/A"
"TGME49_236260","TGME49_236260-t26_1","N/A","N/A","catalytic activity;myosin phosphatase activity;phosphoprotein phosphatase activity;protein serine/threonine phosphatase activity","GO:0003824;GO:0017018;GO:0004721;GO:0004722","GO:0006470","protein dephosphorylation"
"TGME49_236280","TGME49_236280-t26_1","N/A","N/A","N/A","N/A","N/A","N/A"
"TGME49_236520","TGME49_236520.R1593","N/A","N/A","N/A","N/A","N/A","N/A"
"TGME49_236580","TGME49_236580.R1597","GO:0005730;GO:1990904","nucleolus;ribonucleoprotein complex","RNA binding","GO:0003723","GO:0042254","ribosome biogenesis"
"TGME49_236670","TGME49_236670-t26_1","GO:0016020","membrane","N/A","N/A","N/A","N/A"
"TGME49_236820","TGME49_236820-t26_1","N/A","N/A","N/A","N/A","N/A","N/A"
"TGME49_236870","TGME49_236870.R1604","GO:0016020","membrane","N/A","N/A","N/A","N/A"
"TGME49_236890","TGME49_236890.R1605","N/A","N/A","N/A","N/A","N/A","N/A"
"TGME49_236960","TGME49_236960.R1610","GO:0016021","integral component of membrane","transmembrane transporter activity","GO:0022857","GO:0055085","transmembrane transport"
"TGME49_237010","TGME49_237010.R1613","N/A","N/A","N/A","N/A","N/A","N/A"
"TGME49_237090","TGME49_237090.R1616","N/A","N/A","N/A","N/A","N/A","N/A"
"TGME49_237150","TGME49_237150-t26_1","GO:0016021;GO:0016020","integral component of membrane;membrane","aspartic endopeptidase activity, intramembrane cleaving;aspartic-type endopeptidase activity","GO:0042500;GO:0004190","N/A","N/A"
"TGME49_237170","TGME49_237170.R1618","N/A","N/A","N/A","N/A","N/A","N/A"
"TGME49_237210","TGME49_237210.R1622","N/A","N/A","ATP binding;protein kinase activity;protein serine/threonine kinase activity;transmembrane receptor protein tyrosine kinase activity","GO:0005524;GO:0004672;GO:0004674;GO:0004714","GO:0006468","protein phosphorylation"
"TGME49_237230","TGME49_237230.R1623","N/A","N/A","N/A","N/A","N/A","N/A"
"TGME49_237410","TGME49_237410.R1627","N/A","N/A","catalytic activity;phosphoprotein phosphatase activity;protein serine/threonine phosphatase activity","GO:0003824;GO:0004721;GO:0004722","GO:0006470","protein dephosphorylation"
"TGME49_237460","TGME49_237460-t26_1","GO:0005789","endoplasmic reticulum membrane","N/A","N/A","GO:0006950","response to stress"
"TGME49_237500","TGME49_237500.R1631","GO:0016020","membrane","catalytic activity;cation binding;metal ion binding;myosin phosphatase activity;phosphoprotein phosphatase activity;protein serine/threonine phosphatase activity","GO:0003824;GO:0043169;GO:0046872;GO:0017018;GO:0004721;GO:0004722","GO:0006470","protein dephosphorylation"
"TGME49_237560","TGME49_237560.R1633","N/A","N/A","iron ion binding;iron-sulfur cluster binding","GO:0005506;GO:0051536","GO:0016226","iron-sulfur cluster assembly"
"TGME49_237700","TGME49_237700-t26_1","GO:0005743","mitochondrial inner membrane","ATP:ADP antiporter activity","GO:0005471","GO:0140021;GO:1990544","mitochondrial ADP transmembrane transport;mitochondrial ATP transmembrane transport"
"TGME49_237800","TGME49_237800.R1634","GO:0016020","membrane","N/A","N/A","N/A","N/A"
"TGME49_237860","TGME49_237860.R1636","N/A","N/A","ATP binding;calcium ion binding;myosin light chain kinase activity;protein kinase activity","GO:0005524;GO:0005509;GO:0004687;GO:0004672","GO:0006468","protein phosphorylation"
"TGME49_237880","TGME49_237880.R1637","N/A","N/A","N/A","N/A","N/A","N/A"
"TGME49_237890","TGME49_237890-t26_1","N/A","N/A","ATP binding;calcium ion binding;myosin light chain kinase activity;protein kinase activity","GO:0005524;GO:0005509;GO:0004687;GO:0004672","GO:0006468","protein phosphorylation"
"TGME49_237894","TGME49_237894-t26_1","N/A","N/A","peptidase activity","GO:0008233","GO:0006508","proteolysis"
"TGME49_237900","TGME49_237900-t26_1","N/A","N/A","peptidase activity","GO:0008233","GO:0006508","proteolysis"
"TGME49_238000","TGME49_238000-t26_1","N/A","N/A","peptidyl-prolyl cis-trans isomerase activity","GO:0003755","GO:0006457;GO:0000413","protein folding;protein peptidyl-prolyl isomerization"
"TGME49_238010","TGME49_238010.R1638","GO:1990904;GO:0005840","ribonucleoprotein complex;ribosome","rRNA binding;structural constituent of ribosome","GO:0019843;GO:0003735","GO:0006412","translation"
"TGME49_238020","TGME49_238020.R1639","N/A","N/A","N/A","N/A","N/A","N/A"
"TGME49_238110","TGME49_238110-t26_1","GO:0031981;GO:0005634","nuclear lumen;nucleus","DNA binding","GO:0003677","GO:0006310;GO:0006281;GO:0006260","DNA recombination;DNA repair;DNA replication"
"TGME49_238170","TGME49_238170.R1644","N/A","N/A","N/A","N/A","N/A","N/A"
"TGME49_238250","TGME49_238250.R1646","GO:0005622;GO:1990904;GO:0005840","intracellular anatomical structure;ribonucleoprotein complex;ribosome","structural constituent of ribosome","GO:0003735","GO:0006412","translation"
"TGME49_238895","TGME49_238895-t26_1","N/A","N/A","N/A","N/A","N/A","N/A"
"TGME49_239010","TGME49_239010.R1662","N/A","N/A","N/A","N/A","N/A","N/A"
"TGME49_239087","TGME49_239087-t26_1","N/A","N/A","N/A","N/A","N/A","N/A"
"TGME49_239100","TGME49_239100-t26_1","GO:0005622;GO:1990904;GO:0005840","intracellular anatomical structure;ribonucleoprotein complex;ribosome","structural constituent of ribosome","GO:0003735","GO:0006412","translation"
"TGME49_239130","TGME49_239130.R1665","N/A","N/A","ATP binding;MAP kinase kinase kinase activity;protein binding;protein kinase activity","GO:0005524;GO:0004709;GO:0005515;GO:0004672","GO:0006468","protein phosphorylation"
"TGME49_239250","TGME49_239250.R1666","GO:0016020","membrane","ATP binding;diacylglycerol kinase activity;kinase activity","GO:0005524;GO:0004143;GO:0016301","GO:0035556;GO:0046834;GO:0007205;GO:0007165","intracellular signal transduction;lipid phosphorylation;protein kinase C-activating G protein-coupled receptor signaling pathway;signal transduction"
"TGME49_239300","TGME49_239300.R1669","N/A","N/A","N/A","N/A","N/A","N/A"
"TGME49_239320","TGME49_239320.R1670","GO:0016020","membrane","N/A","N/A","N/A","N/A"
"TGME49_239330","TGME49_239330-t26_1","GO:0005622;GO:1990904;GO:0005840","intracellular anatomical structure;ribonucleoprotein complex;ribosome","metal ion binding;rRNA binding;structural constituent of ribosome","GO:0046872;GO:0019843;GO:0003735","GO:0006412","translation"
"TGME49_239400","TGME49_239400.R1673","N/A","N/A","N/A","N/A","N/A","N/A"
"TGME49_239440","TGME49_239440-t26_1","N/A","N/A","ATP binding;cyclin-dependent protein serine/threonine kinase activity;protein kinase activity","GO:0005524;GO:0004693;GO:0004672","GO:0006468","protein phosphorylation"
"TGME49_239500","TGME49_239500-t26_1","GO:0005737;GO:0005634;GO:0005839;GO:0019773","cytoplasm;nucleus;proteasome core complex;proteasome core complex, alpha-subunit complex","endopeptidase activity;hydrolase activity;threonine-type endopeptidase activity","GO:0004175;GO:0016787;GO:0004298","GO:0051603;GO:0006511","proteolysis involved in cellular protein catabolic process;ubiquitin-dependent protein catabolic process"
"TGME49_239560","TGME49_239560-t26_1","GO:0016459","myosin complex","ATP binding;actin binding;cytoskeletal motor activity","GO:0005524;GO:0003779;GO:0003774","N/A","N/A"
"TGME49_239600","TGME49_239600.R1680","N/A","N/A","ATP binding;protein kinase activity","GO:0005524;GO:0004672","GO:0006468","protein phosphorylation"
"TGME49_239610","TGME49_239610-t26_1","GO:0016020","membrane","N/A","N/A","N/A","N/A"
"TGME49_239680","TGME49_239680-t26_1","N/A","N/A","N/A","N/A","N/A","N/A"
"TGME49_239720","TGME49_239720.R1682","GO:1990904;GO:0005840","ribonucleoprotein complex;ribosome","RNA binding;structural constituent of ribosome","GO:0003723;GO:0003735","GO:0006412","translation"
"TGME49_239740","TGME49_239740-t26_1","N/A","N/A","N/A","N/A","N/A","N/A"
"TGME49_239760","TGME49_239760.R1684","GO:0005622;GO:1990904;GO:0005840","intracellular anatomical structure;ribonucleoprotein complex;ribosome","structural constituent of ribosome","GO:0003735","GO:0006412","translation"
"TGME49_239770","TGME49_239770.R1685","N/A","N/A","N/A","N/A","N/A","N/A"
"TGME49_239800","TGME49_239800.R1687","N/A","N/A","N/A","N/A","N/A","N/A"
"TGME49_240060","TGME49_240060.R1692","N/A","N/A","N/A","N/A","N/A","N/A"
"TGME49_240090","TGME49_240090.R1695","GO:0016020","membrane","ATP binding;G protein-coupled receptor kinase activity;protein kinase activity","GO:0005524;GO:0004703;GO:0004672","GO:0006468","protein phosphorylation"
"TGME49_240240","TGME49_240240-t26_1","N/A","N/A","serine-type endopeptidase activity;serine-type peptidase activity","GO:0004252;GO:0008236","GO:0006508","proteolysis"
"TGME49_240270","TGME49_240270.R1699","N/A","N/A","N/A","N/A","N/A","N/A"
"TGME49_240280","TGME49_240280-t26_1","GO:0016020","membrane","endonuclease activity;hydrolase activity, acting on ester bonds;metal ion binding;nucleic acid binding","GO:0004519;GO:0016788;GO:0046872;GO:0003676","GO:0006308","DNA catabolic process"
"TGME49_240380","TGME49_240380.R1700","N/A","N/A","protein binding","GO:0005515","N/A","N/A"
"TGME49_240390","TGME49_240390.R1701","N/A","N/A","ATP binding;calcium ion binding;myosin light chain kinase activity;protein kinase activity","GO:0005524;GO:0005509;GO:0004687;GO:0004672","GO:0006468","protein phosphorylation"
"TGME49_240460","TGME49_240460.R1703","N/A","N/A","DNA-binding transcription factor activity","GO:0003700","GO:0006355","regulation of transcription, DNA-templated"
"TGME49_240510","TGME49_240510.R1706","N/A","N/A","N/A","N/A","N/A","N/A"
"TGME49_240570","TGME49_240570.R1708","N/A","N/A","N/A","N/A","N/A","N/A"
"TGME49_240600","TGME49_240600-t26_1","GO:0016020","membrane","ATP binding;ATP-dependent protein folding chaperone","GO:0005524;GO:0140662","GO:0044267;GO:0042026","cellular protein metabolic process;protein refolding"
"TGME49_240610","TGME49_240610-t26_1","N/A","N/A","N/A","N/A","N/A","N/A"
"TGME49_240630","TGME49_240630.R1710","GO:0016020","membrane","ATP binding;calmodulin-dependent protein kinase activity;phosphotransferase activity, alcohol group as acceptor;protein kinase activity","GO:0005524;GO:0004683;GO:0016773;GO:0004672","GO:0009103;GO:0006468","lipopolysaccharide biosynthetic process;protein phosphorylation"
"TGME49_240640","TGME49_240640-t26_1","N/A","N/A","ATP binding;protein kinase activity;protein serine/threonine kinase activity","GO:0005524;GO:0004672;GO:0004674","GO:0006468","protein phosphorylation"
"TGME49_240870","TGME49_240870-t26_1","GO:0030131;GO:0030117","clathrin adaptor complex;membrane coat","clathrin binding;protein binding","GO:0030276;GO:0005515","GO:0006886;GO:0015031;GO:0016192","intracellular protein transport;protein transport;vesicle-mediated transport"
"TGME49_240900","TGME49_240900-t26_1","N/A","N/A","N/A","N/A","N/A","N/A"
"TGME49_240910","TGME49_240910.R1720","N/A","N/A","N/A","N/A","N/A","N/A"
"TGME49_241000","TGME49_241000.R1722","GO:0016020","membrane","N/A","N/A","N/A","N/A"
"TGME49_241240","TGME49_241240.R1725","N/A","N/A","N/A","N/A","N/A","N/A"
"TGME49_241300","TGME49_241300-t26_1","N/A","N/A","N/A","N/A","N/A","N/A"
"TGME49_241305","TGME49_241305.R1726","N/A","N/A","N/A","N/A","N/A","N/A"
"TGME49_241310","TGME49_241310-t26_1","N/A","N/A","N/A","N/A","N/A","N/A"
"TGME49_241610","TGME49_241610-t26_1","N/A","N/A","N/A","N/A","N/A","N/A"
"TGME49_241710","TGME49_241710-t26_1","N/A","N/A","N/A","N/A","N/A","N/A"
"TGME49_241850","TGME49_241850.R1728","N/A","N/A","N/A","N/A","N/A","N/A"
"TGME49_241860","TGME49_241860-t26_1","GO:0000506","glycosylphosphatidylinositol-N-acetylglucosaminyltransferase (GPI-GnT) complex","glycosyltransferase activity;phosphatidylinositol N-acetylglucosaminyltransferase activity","GO:0016757;GO:0017176","GO:0006506;GO:0009058","GPI anchor biosynthetic process;biosynthetic process"
"TGME49_241870","TGME49_241870-t26_1","GO:0005737","cytoplasm","ATP binding;aminoacyl-tRNA ligase activity;glutamate-tRNA ligase activity;nucleotide binding","GO:0005524;GO:0004812;GO:0004818;GO:0000166","GO:0043039;GO:0006418","tRNA aminoacylation;tRNA aminoacylation for protein translation"
"TGME49_242010","TGME49_242010-t26_1","N/A","N/A","flavin adenine dinucleotide binding","GO:0050660","GO:0008033","tRNA processing"
"TGME49_242070","TGME49_242070.R1730","GO:0005952","cAMP-dependent protein kinase complex","cAMP binding;cAMP-dependent protein kinase regulator activity;cGMP-dependent protein kinase activity;metal ion binding","GO:0030552;GO:0008603;GO:0004692;GO:0046872","GO:0016310;GO:0001932","phosphorylation;regulation of protein phosphorylation"
"TGME49_242080","TGME49_242080.R1731","N/A","N/A","N/A","N/A","N/A","N/A"
"TGME49_242100","TGME49_242100-t26_1","N/A","N/A","ATP binding;protein kinase activity","GO:0005524;GO:0004672","GO:0006468","protein phosphorylation"
"TGME49_242110","TGME49_242110-t26_1","N/A","N/A","ATP binding;myosin light chain kinase activity;protein kinase activity","GO:0005524;GO:0004687;GO:0004672","GO:0006468","protein phosphorylation"
"TGME49_242118","TGME49_242118-t26_1","GO:0016020","membrane","ATP binding;myosin light chain kinase activity;protein kinase activity","GO:0005524;GO:0004687;GO:0004672","GO:0006468","protein phosphorylation"
"TGME49_242230","TGME49_242230-t26_1","GO:0016020","membrane","ATP binding;myosin light chain kinase activity;protein kinase activity","GO:0005524;GO:0004687;GO:0004672","GO:0006468","protein phosphorylation"
"TGME49_242240","TGME49_242240-t26_1","N/A","N/A","ATP binding;protein kinase activity","GO:0005524;GO:0004672","GO:0006468","protein phosphorylation"
"TGME49_242250","TGME49_242250-t26_1","N/A","N/A","ATP binding;protein kinase activity","GO:0005524;GO:0004672","GO:0006468","protein phosphorylation"
"TGME49_242290","TGME49_242290-t26_1","GO:0005737;GO:0005634;GO:0005839;GO:0019773","cytoplasm;nucleus;proteasome core complex;proteasome core complex, alpha-subunit complex","endopeptidase activity;hydrolase activity;threonine-type endopeptidase activity","GO:0004175;GO:0016787;GO:0004298","GO:0051603;GO:0006511","proteolysis involved in cellular protein catabolic process;ubiquitin-dependent protein catabolic process"
"TGME49_242320","TGME49_242320.R1734","GO:0005737;GO:0005622","cytoplasm;intracellular anatomical structure","zinc ion binding","GO:0008270","N/A","N/A"
"TGME49_242330","TGME49_242330.R1735","GO:0015935","small ribosomal subunit","RNA binding;structural constituent of ribosome","GO:0003723;GO:0003735","GO:0006412","translation"
"TGME49_242340","TGME49_242340.R1736","GO:0005840","ribosome","structural constituent of ribosome;zinc ion binding","GO:0003735;GO:0008270","GO:0006412","translation"
"TGME49_242400","TGME49_242400.R1738","N/A","N/A","ATP binding;calcium ion binding;calmodulin-dependent protein kinase activity;protein kinase activity","GO:0005524;GO:0005509;GO:0004683;GO:0004672","GO:0006468","protein phosphorylation"
"TGME49_242415","TGME49_242415-t26_1","N/A","N/A","N(1),N(12)-diacetylspermine:oxygen oxidoreductase (3-acetamidopropanal-forming) activity;N1-acetylspermidine:oxygen oxidoreductase (3-acetamidopropanal-forming) activity;N1-acetylspermine:oxygen oxidoreductase (3-acetamidopropanal-forming) activity;electron transfer activity;methyltransferase activi","GO:0052899;GO:0052904;GO:0052903;GO:0009055;GO:0008168;GO:0097621;GO:0016491;GO:0046592;GO:0052902;GO:0052901","GO:0032259;GO:0055114","methylation;obsolete oxidation-reduction process"
"TGME49_242570","TGME49_242570-t26_1","N/A","N/A","N/A","N/A","N/A","N/A"
"TGME49_242720","TGME49_242720.R1743","GO:0016020","membrane","aspartic-type endopeptidase activity","GO:0004190","GO:0006508","proteolysis"
"TGME49_242790","TGME49_242790.R1747","N/A","N/A","N/A","N/A","N/A","N/A"
"TGME49_242820","TGME49_242820.R1749","N/A","N/A","N/A","N/A","N/A","N/A"
"TGME49_242840","TGME49_242840.R1750","GO:0016020","membrane","N/A","N/A","N/A","N/A"
"TGME49_243200","TGME49_243200.R1755","N/A","N/A","N/A","N/A","N/A","N/A"
"TGME49_243250","TGME49_243250-t26_1","GO:0016459","myosin complex","ATP binding;actin binding;cytoskeletal motor activity;protein binding","GO:0005524;GO:0003779;GO:0003774;GO:0005515","N/A","N/A"
"TGME49_243265","TGME49_243265-t26_1","GO:0110165","cellular anatomical entity","N/A","N/A","GO:0006281;GO:0000724","DNA repair;double-strand break repair via homologous recombination"
"TGME49_243280","TGME49_243280-t26_1","GO:0005759;GO:0005634","mitochondrial matrix;nucleus","RNA binding;S-adenosylmethionine-dependent methyltransferase activity;tRNA (guanine(37)-N(1))-methyltransferase activity;tRNA (guanine-N1-)-methyltransferase activity;tRNA (guanine-N2-)-methyltransferase activity;transferase activity","GO:0003723;GO:0008757;GO:0052906;GO:0009019;GO:0004809;GO:0016740","GO:0030488;GO:0008033","tRNA methylation;tRNA processing"
"TGME49_243298","TGME49_243298.R1756","N/A","N/A","cysteine-type endopeptidase activity","GO:0004197","GO:0006508","proteolysis"
"TGME49_243400","TGME49_243400.R1759","N/A","N/A","phosphatidylinositol binding;protein binding","GO:0035091;GO:0005515","N/A","N/A"
"TGME49_243440","TGME49_243440-t26_1","N/A","N/A","N-acetyltransferase activity;acyltransferase activity, transferring groups other than amino-acyl groups;histone acetyltransferase activity;protein binding","GO:0008080;GO:0016747;GO:0004402;GO:0005515","N/A","N/A"
"TGME49_243545","TGME49_243545.R1763","N/A","N/A","N/A","N/A","N/A","N/A"
"TGME49_243550","TGME49_243550.R1764","N/A","N/A","N/A","N/A","N/A","N/A"
"TGME49_243570","TGME49_243570-t26_1","GO:0005622;GO:1990904;GO:0005840","intracellular anatomical structure;ribonucleoprotein complex;ribosome","structural constituent of ribosome","GO:0003735","GO:0006412","translation"
"TGME49_243730","TGME49_243730.R1772","N/A","N/A","N/A","N/A","N/A","N/A"
"TGME49_243790","TGME49_243790-t26_1","GO:0016020","membrane","N/A","N/A","N/A","N/A"
"TGME49_243930","TGME49_243930.R1774","N/A","N/A","N/A","N/A","N/A","N/A"
"TGME49_243940","TGME49_243940.R1775","N/A","N/A","N/A","N/A","N/A","N/A"
"TGME49_244030","TGME49_244030-t26_1","GO:0016020","membrane","N/A","N/A","N/A","N/A"
"TGME49_244040","TGME49_244040.R1779","GO:0070772","PAS complex","protein binding","GO:0005515","GO:0006661","phosphatidylinositol biosynthetic process"
"TGME49_244180","TGME49_244180.R1783","N/A","N/A","calcium ion binding","GO:0005509","N/A","N/A"
"TGME49_244260","TGME49_244260-t26_1","N/A","N/A","N/A","N/A","N/A","N/A"
"TGME49_244290","TGME49_244290-t26_1","GO:0030117","membrane coat","N/A","N/A","GO:0006886;GO:0016192","intracellular protein transport;vesicle-mediated transport"
"TGME49_244320","TGME49_244320.R1786","N/A","N/A","N/A","N/A","N/A","N/A"
"TGME49_244380","TGME49_244380-t26_1","N/A","N/A","protein binding","GO:0005515","N/A","N/A"
"TGME49_244440","TGME49_244440-t26_1","GO:0016021;GO:0016020","integral component of membrane;membrane","nucleoside transmembrane transporter activity","GO:0005337","GO:1901642;GO:0006810","nucleoside transmembrane transport;transport"
"TGME49_244450","TGME49_244450-t26_1","N/A","N/A","catalytic activity;myosin phosphatase activity;phosphoprotein phosphatase activity;protein serine/threonine phosphatase activity","GO:0003824;GO:0017018;GO:0004721;GO:0004722","GO:0006470","protein dephosphorylation"
"TGME49_244470","TGME49_244470.R1790","N/A","N/A","N/A","N/A","N/A","N/A"
"TGME49_244510","TGME49_244510.R1791","N/A","N/A","N/A","N/A","N/A","N/A"
"TGME49_244530","TGME49_244530-t26_1","N/A","N/A","N/A","N/A","N/A","N/A"
"TGME49_244650","TGME49_244650.R1800","N/A","N/A","GTP binding;binding;protein binding;translation initiation factor activity","GO:0005525;GO:0005488;GO:0005515;GO:0003743","GO:0006413","translational initiation"
"TGME49_244920","TGME49_244920-t26_1","N/A","N/A","N/A","N/A","N/A","N/A"
"TGME49_244930","TGME49_244930-t26_1","N/A","N/A","N/A","N/A","N/A","N/A"
"TGME49_244940","TGME49_244940-t26_1","N/A","N/A","N/A","N/A","N/A","N/A"
"TGME49_244950","TGME49_244950-t26_1","N/A","N/A","N/A","N/A","N/A","N/A"
"TGME49_245432","TGME49_245432-t26_1","N/A","N/A","N/A","N/A","N/A","N/A"
"TGME49_245450","TGME49_245450.R1805","N/A","N/A","N/A","N/A","N/A","N/A"
"TGME49_245460","TGME49_245460-t26_1","GO:1990904;GO:0005840","ribonucleoprotein complex;ribosome","structural constituent of ribosome","GO:0003735","GO:0006412","translation"
"TGME49_245490","TGME49_245490.R1807","GO:0016020","membrane","calcium ion binding","GO:0005509","N/A","N/A"
"TGME49_245590","TGME49_245590-t26_1","GO:0016021;GO:0016020","integral component of membrane;membrane","serine-type endopeptidase activity","GO:0004252","GO:0006508","proteolysis"
"TGME49_245600","TGME49_245600.R1812","N/A","N/A","N/A","N/A","N/A","N/A"
"TGME49_245620","TGME49_245620.R1813","GO:0005622;GO:1990904;GO:0005840","intracellular anatomical structure;ribonucleoprotein complex;ribosome","protein binding;structural constituent of ribosome","GO:0005515;GO:0003735","GO:0006412","translation"
"TGME49_245640","TGME49_245640.R1814","N/A","N/A","N/A","N/A","N/A","N/A"
"TGME49_245670","TGME49_245670-t26_1","GO:0043231","intracellular membrane-bounded organelle","catalytic activity;oxidoreductase activity, acting on the aldehyde or oxo group of donors, disulfide as acceptor;pyruvate dehydrogenase (acetyl-transferring) activity;thiamine pyrophosphate binding","GO:0003824;GO:0016624;GO:0004739;GO:0030976","GO:0006086;GO:0008152","acetyl-CoA biosynthetic process from pyruvate;metabolic process"
"TGME49_245680","TGME49_245680-t26_1","GO:0005622;GO:1990904;GO:0005840","intracellular anatomical structure;ribonucleoprotein complex;ribosome","structural constituent of ribosome","GO:0003735","GO:0006412","translation"
"TGME49_245710","TGME49_245710.R1816","N/A","N/A","histone-lysine N-methyltransferase activity;kinase activity;methyltransferase activity","GO:0018024;GO:0016301;GO:0008168","GO:0032259;GO:0016310","methylation;phosphorylation"
"TGME49_246000","TGME49_246000.R1818","GO:0005622;GO:0005739;GO:1990904;GO:0005840","intracellular anatomical structure;mitochondrion;ribonucleoprotein complex;ribosome","structural constituent of ribosome","GO:0003735","GO:0006412","translation"
"TGME49_246110","TGME49_246110-t26_1","N/A","N/A","N/A","N/A","N/A","N/A"
"TGME49_246190","TGME49_246190.R1828","N/A","N/A","protein binding","GO:0005515","N/A","N/A"
"TGME49_246475","TGME49_246475-t26_1","GO:0016020","membrane","N/A","N/A","N/A","N/A"
"TGME49_246550","TGME49_246550-t26_1","N/A","N/A","aspartic-type endopeptidase activity","GO:0004190","GO:0006508","proteolysis"
"TGME49_246560","TGME49_246560.R1836","GO:0016471","vacuolar proton-transporting V-type ATPase complex","ATPase-coupled transmembrane transporter activity;proton-transporting ATPase activity, rotational mechanism","GO:0042626;GO:0046961","GO:1902600","proton transmembrane transport"
"TGME49_246650","TGME49_246650.R1838","N/A","N/A","palmitoyltransferase activity;zinc ion binding","GO:0016409;GO:0008270","N/A","N/A"
"TGME49_246660","TGME49_246660-t26_1","N/A","N/A","N/A","N/A","N/A","N/A"
"TGME49_246720","TGME49_246720-t26_1","N/A","N/A","N/A","N/A","N/A","N/A"
"TGME49_246770","TGME49_246770.R1841","N/A","N/A","N/A","N/A","N/A","N/A"
"TGME49_246930","TGME49_246930-t26_1","N/A","N/A","calcium ion binding","GO:0005509","N/A","N/A"
"TGME49_246940","TGME49_246940.R1842","N/A","N/A","N/A","N/A","N/A","N/A"
"TGME49_246950","TGME49_246950.R1843","N/A","N/A","N/A","N/A","N/A","N/A"
"TGME49_247000","TGME49_247000-t26_1","N/A","N/A","protein binding","GO:0005515","N/A","N/A"
"TGME49_247195","TGME49_247195.R1845","GO:0016020","membrane","N/A","N/A","N/A","N/A"
"TGME49_247230","TGME49_247230.R1846","GO:0005815","microtubule organizing center","NAD(P)H oxidase H2O2-forming activity;calcium ion binding","GO:0016174;GO:0005509","N/A","N/A"
"TGME49_247240","TGME49_247240-t26_1","GO:0005622","intracellular anatomical structure","obsolete ubiquitin thiolesterase activity;thiol-dependent deubiquitinase","GO:0004221;GO:0004843","GO:0006511","ubiquitin-dependent protein catabolic process"
"TGME49_247330","TGME49_247330-t26_1","N/A","N/A","N/A","N/A","N/A","N/A"
"TGME49_247410","TGME49_247410.R1854","GO:0016020","membrane","N/A","N/A","N/A","N/A"
"TGME49_247440","TGME49_247440.R1855","GO:0016020","membrane","N/A","N/A","N/A","N/A"
"TGME49_247450","TGME49_247450-t26_1","N/A","N/A","metal ion binding;nucleic acid binding","GO:0046872;GO:0003676","N/A","N/A"
"TGME49_247510","TGME49_247510.R1856","N/A","N/A","fructose 1,6-bisphosphate 1-phosphatase activity;phosphatase activity;phosphoric ester hydrolase activity","GO:0042132;GO:0016791;GO:0042578","GO:0005975","carbohydrate metabolic process"
"TGME49_247520","TGME49_247520.R1857","N/A","N/A","N/A","N/A","N/A","N/A"
"TGME49_247600","TGME49_247600-t26_1","GO:0005737;GO:0005868;GO:0005874","cytoplasm;cytoplasmic dynein complex;microtubule","ATP binding","GO:0005524","GO:0007018","microtubule-based movement"
"TGME49_247640","TGME49_247640-t26_1","N/A","N/A","N/A","N/A","N/A","N/A"
"TGME49_247680","TGME49_247680-t26_1","N/A","N/A","N/A","N/A","N/A","N/A"
"TGME49_247700","TGME49_247700-t26_1","GO:0005634","nucleus","DNA binding;DNA-binding transcription factor activity","GO:0003677;GO:0003700","GO:0006355","regulation of transcription, DNA-templated"
"TGME49_247710","TGME49_247710-t26_1","N/A","N/A","ATP binding;protein kinase activity;protein serine/threonine kinase activity","GO:0005524;GO:0004672;GO:0004674","GO:0006468","protein phosphorylation"
"TGME49_247730","TGME49_247730-t26_1","GO:0005634","nucleus","DNA binding;DNA-binding transcription factor activity","GO:0003677;GO:0003700","GO:0006355","regulation of transcription, DNA-templated"
"TGME49_247770","TGME49_247770.R1866","GO:0016020","membrane","N/A","N/A","N/A","N/A"
"TGME49_247930","TGME49_247930.R1869","GO:0016020","membrane","SNAP receptor activity;protein binding","GO:0005484;GO:0005515","GO:0006886;GO:0016192","intracellular protein transport;vesicle-mediated transport"
"TGME49_248100","TGME49_248100.R1872","GO:0016021;GO:0016020","integral component of membrane;membrane","N/A","N/A","GO:0016192","vesicle-mediated transport"
"TGME49_248150","TGME49_248150-t26_1","GO:0044599","AP-5 adaptor complex","N/A","N/A","N/A","N/A"
"TGME49_248160","TGME49_248160.R1876","N/A","N/A","DNA binding;DNA helicase activity","GO:0003677;GO:0003678","GO:0006303","double-strand break repair via nonhomologous end joining"
"TGME49_248170","TGME49_248170.R1877","GO:0005778","peroxisomal membrane","protein binding","GO:0005515","GO:0016560","protein import into peroxisome matrix, docking"
"TGME49_248200","TGME49_248200-t26_1","N/A","N/A","RNA binding;S-adenosylmethionine-dependent methyltransferase activity;methyltransferase activity;rRNA (adenine-N6,N6-)-dimethyltransferase activity;rRNA methyltransferase activity","GO:0003723;GO:0008757;GO:0008168;GO:0000179;GO:0008649","GO:0000154;GO:0006364","rRNA modification;rRNA processing"
"TGME49_248300","TGME49_248300.R1881","GO:0016020","membrane","N/A","N/A","N/A","N/A"
"TGME49_248310","TGME49_248310-t26_1","N/A","N/A","N/A","N/A","GO:0015031;GO:0007034","protein transport;vacuolar transport"
"TGME49_248390","TGME49_248390.R1886","GO:0015934","large ribosomal subunit","RNA binding;structural constituent of ribosome","GO:0003723;GO:0003735","GO:0006412","translation"
"TGME49_248470","TGME49_248470.R1891","N/A","N/A","serine-type endopeptidase activity;serine-type peptidase activity","GO:0004252;GO:0008236","GO:0006508","proteolysis"
"TGME49_248480","TGME49_248480-t26_1","GO:0005622;GO:0015935","intracellular anatomical structure;small ribosomal subunit","RNA binding;rRNA binding;structural constituent of ribosome","GO:0003723;GO:0019843;GO:0003735","GO:0006412","translation"
"TGME49_248490","TGME49_248490-t26_1","N/A","N/A","N/A","N/A","N/A","N/A"
"TGME49_248500","TGME49_248500-t26_1","GO:0005643","nuclear pore","N/A","N/A","N/A","N/A"
"TGME49_248570","TGME49_248570.R1894","N/A","N/A","N/A","N/A","N/A","N/A"
"TGME49_248640","TGME49_248640.R1899","N/A","N/A","N/A","N/A","N/A","N/A"
"TGME49_248670","TGME49_248670-t26_1","GO:0016020","membrane","inorganic diphosphatase activity;pyrophosphate hydrolysis-driven proton transmembrane transporter activity","GO:0004427;GO:0009678","GO:1902600","proton transmembrane transport"
"TGME49_248700","TGME49_248700.R1902","N/A","N/A","N/A","N/A","N/A","N/A"
"TGME49_248740","TGME49_248740.R1903","N/A","N/A","N/A","N/A","N/A","N/A"
"TGME49_248760","TGME49_248760-t26_1","N/A","N/A","serine-type endopeptidase activity;serine-type peptidase activity","GO:0004252;GO:0008236","GO:0006508","proteolysis"
"TGME49_248790","TGME49_248790-t26_1","N/A","N/A","N/A","N/A","N/A","N/A"
"TGME49_248810","TGME49_248810.R1906","GO:0110165","cellular anatomical entity","N/A","N/A","N/A","N/A"
"TGME49_248840","TGME49_248840.R1908","GO:0016021;GO:0016020","integral component of membrane;membrane","transmembrane transporter activity","GO:0022857","GO:0055085","transmembrane transport"
"TGME49_248915","TGME49_248915-t26_1","N/A","N/A","N/A","N/A","N/A","N/A"
"TGME49_248925","TGME49_248925-t26_1","N/A","N/A","N/A","N/A","N/A","N/A"
"TGME49_249020","TGME49_249020.R1916","N/A","N/A","ATP binding;microtubule binding;microtubule motor activity","GO:0005524;GO:0008017;GO:0003777","GO:0007018","microtubule-based movement"
"TGME49_249190","TGME49_249190-t26_1","N/A","N/A","N/A","N/A","N/A","N/A"
"TGME49_249200","TGME49_249200.R1920","GO:0016021;GO:0016020","integral component of membrane;membrane","copper ion transmembrane transporter activity","GO:0005375","GO:0006878;GO:0035434","cellular copper ion homeostasis;copper ion transmembrane transport"
"TGME49_249240","TGME49_249240.R1922","N/A","N/A","1-acylglycerophosphocholine O-acyltransferase activity;acyltransferase activity;calcium ion binding","GO:0047184;GO:0016746;GO:0005509","N/A","N/A"
"TGME49_249250","TGME49_249250-t26_1","GO:0005622;GO:0005840","intracellular anatomical structure;ribosome","structural constituent of ribosome","GO:0003735","GO:0006412","translation"
"TGME49_249260","TGME49_249260.R1923","N/A","N/A","ATP binding;MAP kinase activity;cyclin-dependent protein serine/threonine kinase activity;protein kinase activity","GO:0005524;GO:0004707;GO:0004693;GO:0004672","GO:0006468","protein phosphorylation"
"TGME49_249300","TGME49_249300.R1925","GO:0016020","membrane","N/A","N/A","N/A","N/A"
"TGME49_249380","TGME49_249380.R1930","GO:0016020","membrane","palmitoyltransferase activity;protein-cysteine S-palmitoyltransferase activity;zinc ion binding","GO:0016409;GO:0019706;GO:0008270","N/A","N/A"
"TGME49_249440","TGME49_249440.R1932","N/A","N/A","N/A","N/A","N/A","N/A"
"TGME49_249470","TGME49_249470-t26_1","N/A","N/A","ATP binding;protein kinase activity","GO:0005524;GO:0004672","GO:0006468","protein phosphorylation"
"TGME49_249480","TGME49_249480.R1933","N/A","N/A","protein binding","GO:0005515","N/A","N/A"
"TGME49_249530","TGME49_249530.R1935","GO:0005634","nucleus","nuclear export signal receptor activity;obsolete protein transporter activity;small GTPase binding","GO:0005049;GO:0008565;GO:0031267","GO:0006886;GO:0006611","intracellular protein transport;protein export from nucleus"
"TGME49_249590","TGME49_249590-t26_1","GO:0005737;GO:0005634;GO:0005839;GO:0019773","cytoplasm;nucleus;proteasome core complex;proteasome core complex, alpha-subunit complex","endopeptidase activity;hydrolase activity;threonine-type endopeptidase activity","GO:0004175;GO:0016787;GO:0004298","GO:0043161;GO:0051603;GO:0006511","proteasome-mediated ubiquitin-dependent protein catabolic process;proteolysis involved in cellular protein catabolic process;ubiquitin-dependent protein catabolic process"
"TGME49_249670","TGME49_249670-t26_1","N/A","N/A","cysteine-type endopeptidase activity;cysteine-type peptidase activity","GO:0004197;GO:0008234","GO:0006508","proteolysis"
"TGME49_249690","TGME49_249690-t26_1","N/A","N/A","N/A","N/A","N/A","N/A"
"TGME49_249720","TGME49_249720-t26_1","GO:0045263;GO:0033177","proton-transporting ATP synthase complex, coupling factor F(o);proton-transporting two-sector ATPase complex, proton-transporting domain","lipid binding;proton transmembrane transporter activity","GO:0008289;GO:0015078","GO:0015986;GO:1902600","ATP synthesis coupled proton transport;proton transmembrane transport"
"TGME49_249730","TGME49_249730.R1941","N/A","N/A","N/A","N/A","N/A","N/A"
"TGME49_249790","TGME49_249790-t26_1","N/A","N/A","N/A","N/A","N/A","N/A"
"TGME49_249820","TGME49_249820-t26_1","GO:0016021;GO:0016020","integral component of membrane;membrane","ABC-type beta-glucan transporter activity;ABC-type transporter activity;ABC-type xenobiotic transporter activity;ATP binding;ATP hydrolysis activity;ATPase-coupled transmembrane transporter activity","GO:0015441;GO:0140359;GO:0008559;GO:0005524;GO:0016887;GO:0042626","GO:0055085;GO:0006810","transmembrane transport;transport"
"TGME49_249850","TGME49_249850-t26_1","GO:0016020","membrane","N/A","N/A","N/A","N/A"
"TGME49_249870","TGME49_249870-t26_1","N/A","N/A","N/A","N/A","N/A","N/A"
"TGME49_249910","TGME49_249910-t26_1","GO:0005744","TIM23 mitochondrial import inner membrane translocase complex","N/A","N/A","GO:0030150","protein import into mitochondrial matrix"
"TGME49_249970","TGME49_249970.R1953","N/A","N/A","N/A","N/A","N/A","N/A"
"TGME49_249990","TGME49_249990.R1955","N/A","N/A","N/A","N/A","N/A","N/A"
"TGME49_250220","TGME49_250220-t26_1","N/A","N/A","N/A","N/A","N/A","N/A"
"TGME49_250340","TGME49_250340.R1958","GO:0005737;GO:0005815","cytoplasm;microtubule organizing center","calcium ion binding","GO:0005509","N/A","N/A"
"TGME49_250680","TGME49_250680.R1960","GO:0005622","intracellular anatomical structure","ATP binding;GTPase activator activity;protein kinase activity","GO:0005524;GO:0005096;GO:0004672","GO:0006468;GO:0043087","protein phosphorylation;regulation of GTPase activity"
"TGME49_250710","TGME49_250710.R1961","GO:0016020","membrane","N/A","N/A","N/A","N/A"
"TGME49_250770","TGME49_250770.R1963","N/A","N/A","ATP binding;RNA helicase activity;helicase activity;hydrolase activity;nucleic acid binding;translation initiation factor activity","GO:0005524;GO:0003724;GO:0004386;GO:0016787;GO:0003676;GO:0003743","N/A","N/A"
"TGME49_250800","TGME49_250800-t26_1","N/A","N/A","N/A","N/A","N/A","N/A"
"TGME49_250810","TGME49_250810.R1964","GO:0022625;GO:0005622;GO:0005840","cytosolic large ribosomal subunit;intracellular anatomical structure;ribosome","structural constituent of ribosome","GO:0003735","GO:0000463;GO:0006412","maturation of LSU-rRNA from tricistronic rRNA transcript (SSU-rRNA, 5.8S rRNA, LSU-rRNA);translation"
"TGME49_250820","TGME49_250820.R1965","N/A","N/A","N/A","N/A","N/A","N/A"
"TGME49_250840","TGME49_250840-t26_1","N/A","N/A","N/A","N/A","N/A","N/A"
"TGME49_250850","TGME49_250850.R1966","N/A","N/A","ATP binding;MAP kinase activity;protein kinase activity;protein serine/threonine/tyrosine kinase activity","GO:0005524;GO:0004707;GO:0004672;GO:0004712","GO:0006468","protein phosphorylation"
"TGME49_250870","TGME49_250870.R1967","GO:0016020","membrane","palmitoyltransferase activity;protein-cysteine S-palmitoyltransferase activity;zinc ion binding","GO:0016409;GO:0019706;GO:0008270","N/A","N/A"
"TGME49_250880","TGME49_250880.R1968","N/A","N/A","adenosine kinase activity;kinase activity","GO:0004001;GO:0016301","GO:0006166","purine ribonucleoside salvage"
"TGME49_251410","TGME49_251410-t26_1","GO:0005737","cytoplasm","protein binding","GO:0005515","GO:0006996","organelle organization"
"TGME49_251500","TGME49_251500.R1976","GO:0005737;GO:0005852","cytoplasm;eukaryotic translation initiation factor 3 complex","metallopeptidase activity;peptidase activity;protein binding;translation initiation factor activity","GO:0008237;GO:0008233;GO:0005515;GO:0003743","N/A","N/A"
"TGME49_251510","TGME49_251510-t26_1","N/A","N/A","cysteine-type peptidase activity","GO:0008234","GO:0006508","proteolysis"
"TGME49_251540","TGME49_251540-t26_1","N/A","N/A","N/A","N/A","N/A","N/A"
"TGME49_251570","TGME49_251570-t26_1","GO:0016020","membrane","metalloendopeptidase activity","GO:0004222","GO:0071586","CAAX-box protein processing"
"TGME49_251630","TGME49_251630.R1980","GO:0016021;GO:0016020","integral component of membrane;membrane","cation transmembrane transporter activity","GO:0008324","GO:0006812;GO:0055085","cation transport;transmembrane transport"
"TGME49_251710","TGME49_251710-t26_1","GO:0000139;GO:0005801;GO:0016020","Golgi membrane;cis-Golgi network;membrane","N/A","N/A","GO:0006888;GO:0015031","endoplasmic reticulum to Golgi vesicle-mediated transport;protein transport"
"TGME49_251740","TGME49_251740-t26_1","GO:0005634","nucleus","DNA binding;DNA-binding transcription factor activity","GO:0003677;GO:0003700","GO:0006355","regulation of transcription, DNA-templated"
"TGME49_251850","TGME49_251850.R1983","N/A","N/A","calcium ion binding;hydrolase activity;myosin phosphatase activity;phosphoprotein phosphatase activity;protein binding","GO:0005509;GO:0016787;GO:0017018;GO:0004721;GO:0005515","N/A","N/A"
"TGME49_251870","TGME49_251870-t26_1","GO:0000786;GO:0005634","nucleosome;nucleus","DNA binding;protein heterodimerization activity;structural constituent of chromatin","GO:0003677;GO:0046982;GO:0030527","N/A","N/A"
"TGME49_251885","TGME49_251885-t26_1","N/A","N/A","N/A","N/A","N/A","N/A"
"TGME49_251930","TGME49_251930-t26_1","N/A","N/A","enoyl-[acyl-carrier-protein] reductase (NADH) activity","GO:0004318","GO:0006633","fatty acid biosynthetic process"
"TGME49_251950","TGME49_251950-t26_1","GO:0005622;GO:1990904;GO:0005840","intracellular anatomical structure;ribonucleoprotein complex;ribosome","structural constituent of ribosome","GO:0003735","GO:0006412","translation"
"TGME49_252065","TGME49_252065-t26_1","N/A","N/A","N/A","N/A","N/A","N/A"
"TGME49_252190","TGME49_252190-t26_1","N/A","N/A","N/A","N/A","N/A","N/A"
"TGME49_252200","TGME49_252200.R1987","GO:0016020","membrane","palmitoyltransferase activity;protein-cysteine S-palmitoyltransferase activity;zinc ion binding","GO:0016409;GO:0019706;GO:0008270","N/A","N/A"
"TGME49_252270","TGME49_252270-t26_1","GO:0015934;GO:0005840","large ribosomal subunit;ribosome","RNA binding;structural constituent of ribosome","GO:0003723;GO:0003735","GO:0006412","translation"
"TGME49_252290","TGME49_252290.R1990","GO:0005737;GO:0005634","cytoplasm;nucleus","nuclear import signal receptor activity;obsolete protein transporter activity;protein binding","GO:0061608;GO:0008565;GO:0005515","GO:0006606","protein import into nucleus"
"TGME49_252360","TGME49_252360-t26_1","N/A","N/A","ATP binding;calmodulin-dependent protein kinase activity;protein kinase activity","GO:0005524;GO:0004683;GO:0004672","GO:0006468","protein phosphorylation"
"TGME49_252370","TGME49_252370.R1994","N/A","N/A","N/A","N/A","N/A","N/A"
"TGME49_252500","TGME49_252500.R2000","N/A","N/A","ATP binding;protein kinase activity","GO:0005524;GO:0004672","GO:0006468","protein phosphorylation"
"TGME49_252640","TGME49_252640-t26_1","GO:0016020;GO:0005886","membrane;plasma membrane","ATP binding;ATP hydrolysis activity;P-type proton-exporting transporter activity;catalytic activity;metal ion binding;nucleotide binding;transporter activity","GO:0005524;GO:0016887;GO:0008553;GO:0003824;GO:0046872;GO:0000166;GO:0005215","GO:0008152;GO:0120029","metabolic process;proton export across plasma membrane"
"TGME49_252880","TGME49_252880-t26_1","N/A","N/A","N/A","N/A","GO:0007186","G protein-coupled receptor signaling pathway"
"TGME49_253040","TGME49_253040.R2007","N/A","N/A","N/A","N/A","N/A","N/A"
"TGME49_253110","TGME49_253110.R2011","N/A","N/A","ATP binding;microtubule binding;microtubule motor activity","GO:0005524;GO:0008017;GO:0003777","GO:0007018","microtubule-based movement"
"TGME49_253170","TGME49_253170.R2014","GO:0016020","membrane","metallocarboxypeptidase activity;zinc ion binding","GO:0004181;GO:0008270","GO:0006508","proteolysis"
"TGME49_253330","TGME49_253330.R2017","N/A","N/A","ATP binding;protein kinase activity","GO:0005524;GO:0004672","GO:0006468","protein phosphorylation"
"TGME49_253360","TGME49_253360.R2018","GO:0016020","membrane","N/A","N/A","N/A","N/A"
"TGME49_253370","TGME49_253370.R2019","N/A","N/A","N/A","N/A","N/A","N/A"
"TGME49_253380","TGME49_253380-t26_1","GO:0005634","nucleus","DNA binding;DNA-binding transcription factor activity","GO:0003677;GO:0003700","GO:0006355","regulation of transcription, DNA-templated"
"TGME49_253440","TGME49_253440.R2023","N/A","N/A","ATP binding;protein kinase activity;protein serine/threonine/tyrosine kinase activity","GO:0005524;GO:0004672;GO:0004712","GO:0006468","protein phosphorylation"
"TGME49_253470","TGME49_253470-t26_1","N/A","N/A","N/A","N/A","N/A","N/A"
"TGME49_253600","TGME49_253600.R2030","N/A","N/A","N/A","N/A","N/A","N/A"
"TGME49_253730","TGME49_253730-t26_1","N/A","N/A","obsolete protein transporter activity;protein binding;small GTPase binding","GO:0008565;GO:0005515;GO:0031267","GO:0006886","intracellular protein transport"
"TGME49_253750","TGME49_253750.R2034","N/A","N/A","2-oxoglutarate-dependent dioxygenase activity","GO:0016706","GO:0055114","obsolete oxidation-reduction process"
"TGME49_253800","TGME49_253800-t26_1","GO:0015934","large ribosomal subunit","structural constituent of ribosome","GO:0003735","GO:0006412","translation"
"TGME49_253830","TGME49_253830-t26_1","N/A","N/A","N/A","N/A","N/A","N/A"
"TGME49_254000","TGME49_254000.R2041","N/A","N/A","N/A","N/A","N/A","N/A"
"TGME49_254030","TGME49_254030.R2044","GO:0005737;GO:0043231","cytoplasm;intracellular membrane-bounded organelle","2 iron, 2 sulfur cluster binding;metal ion binding","GO:0051537;GO:0046872","N/A","N/A"
"TGME49_254120","TGME49_254120-t26_1","GO:0005737;GO:0016020","cytoplasm;membrane","N/A","N/A","GO:0000045;GO:0006914","autophagosome assembly;autophagy"
"TGME49_254190","TGME49_254190.R2050","GO:0016020","membrane","ATP binding;catalytic activity;myosin light chain kinase activity;phosphotransferase activity, alcohol group as acceptor;protein kinase activity","GO:0005524;GO:0003824;GO:0004687;GO:0016773;GO:0004672","GO:0009103;GO:0006468","lipopolysaccharide biosynthetic process;protein phosphorylation"
"TGME49_254230","TGME49_254230-t26_1","N/A","N/A","N/A","N/A","N/A","N/A"
"TGME49_254250","TGME49_254250.R2052","GO:0005758","mitochondrial intermembrane space","N/A","N/A","N/A","N/A"
"TGME49_254370","TGME49_254370-t26_1","GO:0016020","membrane","ATP binding;ATP hydrolysis activity;ATPase-coupled intramembrane lipid transporter activity;catalytic activity;guanylate cyclase activity;lyase activity;metal ion binding;nucleotide binding;phosphorus-oxygen lyase activity;transporter activity","GO:0005524;GO:0016887;GO:0140326;GO:0003824;GO:0004383;GO:0016829;GO:0046872;GO:0000166;GO:0016849;GO:0005215","GO:0009190;GO:0035556;GO:0008152","cyclic nucleotide biosynthetic process;intracellular signal transduction;metabolic process"
"TGME49_254380","TGME49_254380-t26_1","GO:1990904;GO:0005840","ribonucleoprotein complex;ribosome","structural constituent of ribosome","GO:0003735","GO:0006412","translation"
"TGME49_254400","TGME49_254400.R2055","GO:0005622;GO:0015934;GO:0005840","intracellular anatomical structure;large ribosomal subunit;ribosome","RNA binding;structural constituent of ribosome;transferase activity","GO:0003723;GO:0003735;GO:0016740","GO:0006412","translation"
"TGME49_254410","TGME49_254410.R2056","N/A","N/A","catalytic activity;metal ion binding;myosin phosphatase activity;phosphoprotein phosphatase activity","GO:0003824;GO:0046872;GO:0017018;GO:0004721","N/A","N/A"
"TGME49_254440","TGME49_254440-t26_1","GO:1990904;GO:0005840","ribonucleoprotein complex;ribosome","structural constituent of ribosome","GO:0003735","GO:0006412","translation"
"TGME49_254470","TGME49_254470.R2059","N/A","N/A","N/A","N/A","N/A","N/A"
"TGME49_254555","TGME49_254555.R2060","N/A","N/A","N-acetyltransferase activity;acyltransferase activity, transferring groups other than amino-acyl groups;histone acetyltransferase activity;protein binding","GO:0008080;GO:0016747;GO:0004402;GO:0005515","N/A","N/A"
"TGME49_254620","TGME49_254620.R2062","GO:0005622;GO:0005840","intracellular anatomical structure;ribosome","structural constituent of ribosome","GO:0003735","GO:0006412","translation"
"TGME49_254630","TGME49_254630.R2064","N/A","N/A","ATP binding;RNA polymerase II CTD heptapeptide repeat kinase activity;protein kinase activity","GO:0005524;GO:0008353;GO:0004672","GO:0006468","protein phosphorylation"
"TGME49_254720","TGME49_254720.R2070","N/A","N/A","N/A","N/A","N/A","N/A"
"TGME49_254770","TGME49_254770.R2073","N/A","N/A","hydrolase activity","GO:0016787","N/A","N/A"
"TGME49_254780","TGME49_254780.R2074","N/A","N/A","N/A","N/A","N/A","N/A"
"TGME49_254870","TGME49_254870.R2078","N/A","N/A","N/A","N/A","N/A","N/A"
"TGME49_254900","TGME49_254900.R2079","GO:0005737;GO:0005634;GO:0005839","cytoplasm;nucleus;proteasome core complex","hydrolase activity;threonine-type endopeptidase activity","GO:0016787;GO:0004298","GO:0010498;GO:0051603","proteasomal protein catabolic process;proteolysis involved in cellular protein catabolic process"
"TGME49_255060","TGME49_255060-t26_1","GO:0016021;GO:0016020;GO:0005743;GO:0070469","integral component of membrane;membrane;mitochondrial inner membrane;respirasome","cytochrome-c oxidase activity;electron transfer activity;heme binding;iron ion binding;metal ion binding;oxidoreductase activity","GO:0004129;GO:0009055;GO:0020037;GO:0005506;GO:0046872;GO:0016491","GO:0009060;GO:0055114;GO:0022904","aerobic respiration;obsolete oxidation-reduction process;respiratory electron transport chain"
"TGME49_255190","TGME49_255190.R2086","GO:0030286;GO:0016459","dynein complex;myosin complex","ATP binding;actin binding;cytoskeletal motor activity","GO:0005524;GO:0003779;GO:0003774","GO:0007017","microtubule-based process"
"TGME49_255190","TGME49_255190.R2087","GO:0030286;GO:0016459","dynein complex;myosin complex","ATP binding;cytoskeletal motor activity","GO:0005524;GO:0003774","GO:0007017","microtubule-based process"
"TGME49_255220","TGME49_255220.R2090","GO:0005634","nucleus","DNA binding;DNA-binding transcription factor activity","GO:0003677;GO:0003700","GO:0006355","regulation of transcription, DNA-templated"
"TGME49_255260","TGME49_255260-t26_1","GO:0016020","membrane","N/A","N/A","GO:0009405","obsolete pathogenesis"
"TGME49_255370","TGME49_255370-t26_1","GO:0016020","membrane","N/A","N/A","N/A","N/A"
"TGME49_255420","TGME49_255420.R2099","N/A","N/A","N/A","N/A","N/A","N/A"
"TGME49_255450","TGME49_255450.R2102","N/A","N/A","N/A","N/A","N/A","N/A"
"TGME49_255460","TGME49_255460.R2103","N/A","N/A","calcium ion binding","GO:0005509","N/A","N/A"
"TGME49_255635","TGME49_255635.R2109","GO:0005634;GO:0000127","nucleus;transcription factor TFIIIC complex","DNA binding","GO:0003677","GO:0006384","transcription initiation from RNA polymerase III promoter"
"TGME49_255650","TGME49_255650.R2110","GO:0016020","membrane","palmitoyltransferase activity;protein-cysteine S-palmitoyltransferase activity;zinc ion binding","GO:0016409;GO:0019706;GO:0008270","N/A","N/A"
"TGME49_255895","TGME49_255895.R2121","N/A","N/A","N/A","N/A","N/A","N/A"
"TGME49_256030","TGME49_256030.R2130","N/A","N/A","tubulin binding","GO:0015631","GO:0035556;GO:0046785","intracellular signal transduction;microtubule polymerization"
"TGME49_256080","TGME49_256080.R2132","N/A","N/A","polypeptide N-acetylgalactosaminyltransferase activity","GO:0004653","N/A","N/A"
"TGME49_256910","TGME49_256910.R2147","N/A","N/A","protein binding","GO:0005515","N/A","N/A"
"TGME49_257010","TGME49_257010-t26_1","N/A","N/A","metal ion binding;metalloendopeptidase activity;zinc ion binding","GO:0046872;GO:0004222;GO:0008270","GO:0006508","proteolysis"
"TGME49_257050","TGME49_257050.R2151","N/A","N/A","2-dehydropantoate 2-reductase activity;3-methyl-2-oxobutanoate hydroxymethyltransferase activity;NADP binding;catalytic activity;methyltransferase activity;oxidoreductase activity","GO:0008677;GO:0003864;GO:0050661;GO:0003824;GO:0008168;GO:0016491","GO:0032259;GO:0055114;GO:0015940","methylation;obsolete oxidation-reduction process;pantothenate biosynthetic process"
"TGME49_257070","TGME49_257070.R2153","N/A","N/A","N/A","N/A","N/A","N/A"
"TGME49_257120","TGME49_257120.R2158","GO:0016021;GO:0016020","integral component of membrane;membrane","transmembrane transporter activity","GO:0022857","GO:0008643;GO:0055085","carbohydrate transport;transmembrane transport"
"TGME49_257140","TGME49_257140-t26_1","N/A","N/A","N/A","N/A","N/A","N/A"
"TGME49_257180","TGME49_257180.R2162","N/A","N/A","ATP hydrolysis activity","GO:0016887","GO:0006302","double-strand break repair"
"TGME49_257300","TGME49_257300.R2164","N/A","N/A","N/A","N/A","N/A","N/A"
"TGME49_257370","TGME49_257370.R2169","N/A","N/A","N/A","N/A","N/A","N/A"
"TGME49_257470","TGME49_257470.R2175","GO:0016459","myosin complex","ATP binding;cytoskeletal motor activity","GO:0005524;GO:0003774","N/A","N/A"
"TGME49_257520","TGME49_257520-t26_1","GO:0016021;GO:0016020","integral component of membrane;membrane","N/A","N/A","GO:0016192","vesicle-mediated transport"
"TGME49_257530","TGME49_257530-t26_1","GO:0016021;GO:0016020","integral component of membrane;membrane","transmembrane transporter activity","GO:0022857","GO:0055085","transmembrane transport"
"TGME49_257650","TGME49_257650.R2181","N/A","N/A","N/A","N/A","N/A","N/A"
"TGME49_257680","TGME49_257680.R2182","N/A","N/A","calcium ion binding","GO:0005509","N/A","N/A"
"TGME49_257970","TGME49_257970-t26_1","N/A","N/A","N/A","N/A","N/A","N/A"
"TGME49_258010","TGME49_258010.R2198","N/A","N/A","ATP binding;myosin light chain kinase activity;protein kinase activity","GO:0005524;GO:0004687;GO:0004672","GO:0006468","protein phosphorylation"
"TGME49_258060","TGME49_258060.R2202","N/A","N/A","N/A","N/A","N/A","N/A"
"TGME49_258090","TGME49_258090.R2205","N/A","N/A","N/A","N/A","N/A","N/A"
"TGME49_258150","TGME49_258150-t26_1","GO:0005737;GO:0005634;GO:0005839;GO:0019773","cytoplasm;nucleus;proteasome core complex;proteasome core complex, alpha-subunit complex","endopeptidase activity;hydrolase activity;threonine-type endopeptidase activity","GO:0004175;GO:0016787;GO:0004298","GO:0051603;GO:0006511","proteolysis involved in cellular protein catabolic process;ubiquitin-dependent protein catabolic process"
"TGME49_258230","TGME49_258230-t26_1","N/A","N/A","ATP binding;protein kinase activity","GO:0005524;GO:0004672","GO:0006468","protein phosphorylation"
"TGME49_258370","TGME49_258370.R2217","N/A","N/A","ATP binding;protein kinase activity","GO:0005524;GO:0004672","GO:0006468","protein phosphorylation"
"TGME49_258380","TGME49_258380.R2218","GO:0005737;GO:1990904;GO:0005840","cytoplasm;ribonucleoprotein complex;ribosome","translation elongation factor activity","GO:0003746","GO:0043043;GO:0006414","peptide biosynthetic process;translational elongation"
"TGME49_258400","TGME49_258400-t26_1","N/A","N/A","N/A","N/A","GO:0007155","cell adhesion"
"TGME49_258410","TGME49_258410-t26_1","N/A","N/A","N/A","N/A","N/A","N/A"
"TGME49_258450","TGME49_258450.R2221","N/A","N/A","N/A","N/A","N/A","N/A"
"TGME49_258470","TGME49_258470.R2222","N/A","N/A","N/A","N/A","N/A","N/A"
"TGME49_258480","TGME49_258480-t26_1","N/A","N/A","N/A","N/A","N/A","N/A"
"TGME49_258550","TGME49_258550-t26_1","GO:0016020","membrane","N/A","N/A","N/A","N/A"
"TGME49_258580","TGME49_258580-t26_1","N/A","N/A","ATP binding;protein kinase activity","GO:0005524;GO:0004672","GO:0006468","protein phosphorylation"
"TGME49_258660","TGME49_258660-t26_1","GO:0016020","membrane","N/A","N/A","N/A","N/A"
"TGME49_258740","TGME49_258740.R2238","N/A","N/A","protein binding;translation initiation factor activity","GO:0005515;GO:0003743","GO:0006413","translational initiation"
"TGME49_258770","TGME49_258770.R2239","GO:0005794;GO:0016020","Golgi apparatus;membrane","carbohydrate binding;glycosyltransferase activity;polypeptide N-acetylgalactosaminyltransferase activity","GO:0030246;GO:0016757;GO:0004653","GO:0005975","carbohydrate metabolic process"
"TGME49_258800","TGME49_258800.R2241","N/A","N/A","ATP binding;calmodulin-dependent protein kinase activity;protein kinase activity","GO:0005524;GO:0004683;GO:0004672","GO:0006468","protein phosphorylation"
"TGME49_258870","TGME49_258870.R2246","N/A","N/A","N/A","N/A","N/A","N/A"
"TGME49_259020","TGME49_259020-t26_1","N/A","N/A","N/A","N/A","N/A","N/A"
"TGME49_259230","TGME49_259230.R2274","GO:0016020","membrane","DNA binding;nucleic acid binding","GO:0003677;GO:0003676","GO:0015074;GO:0006310","DNA integration;DNA recombination"
"TGME49_259240","TGME49_259240-t26_1","GO:0005622;GO:1990904;GO:0005840","intracellular anatomical structure;ribonucleoprotein complex;ribosome","structural constituent of ribosome","GO:0003735","GO:0006412","translation"
"TGME49_259260","TGME49_259260-t26_1","GO:0016020","membrane","ATP binding;ATP hydrolysis activity;ATP-dependent peptidase activity;metalloendopeptidase activity;microtubule-severing ATPase activity","GO:0005524;GO:0016887;GO:0004176;GO:0004222;GO:0008568","GO:0006508","proteolysis"
"TGME49_259520","TGME49_259520.R2276","GO:0005737;GO:0000940;GO:0005876","cytoplasm;outer kinetochore;spindle microtubule","microtubule binding","GO:0008017","GO:0051301;GO:0007059","cell division;chromosome segregation"
"TGME49_259530","TGME49_259530.R2277","GO:0005794;GO:0016020","Golgi apparatus;membrane","carbohydrate binding;polypeptide N-acetylgalactosaminyltransferase activity","GO:0030246;GO:0004653","N/A","N/A"
"TGME49_259550","TGME49_259550.R2278","N/A","N/A","2-amino-4-hydroxy-6-hydroxymethyldihydropteridine diphosphokinase activity;dihydropteroate synthase activity","GO:0003848;GO:0004156","GO:0044237;GO:0009396;GO:0042558","cellular metabolic process;folic acid-containing compound biosynthetic process;pteridine-containing compound metabolic process"
"TGME49_259630","TGME49_259630.R2283","N/A","N/A","N/A","N/A","N/A","N/A"
"TGME49_259640","TGME49_259640.R2284","GO:0005643","nuclear pore","structural constituent of nuclear pore","GO:0017056","GO:0051028;GO:0006913;GO:0015031;GO:0006810","mRNA transport;nucleocytoplasmic transport;protein transport;transport"
"TGME49_259690","TGME49_259690.R2287","N/A","N/A","glycosyltransferase activity;orotidine-5'-phosphate decarboxylase activity","GO:0016757;GO:0004590","GO:0044205;GO:0006207;GO:0006221","'de novo' UMP biosynthetic process;'de novo' pyrimidine nucleobase biosynthetic process;pyrimidine nucleotide biosynthetic process"
"TGME49_259710","TGME49_259710-t26_1","N/A","N/A","calcium ion binding;kinase activity","GO:0005509;GO:0016301","GO:0016310","phosphorylation"
"TGME49_259720","TGME49_259720.R2288","N/A","N/A","N/A","N/A","N/A","N/A"
"TGME49_259850","TGME49_259850.R2291","N/A","N/A","RNA binding;nucleic acid binding","GO:0003723;GO:0003676","N/A","N/A"
"TGME49_259920","TGME49_259920.R2296","N/A","N/A","GTP binding;nitric-oxide synthase activity","GO:0005525;GO:0004517","N/A","N/A"
"TGME49_260170","TGME49_260170.R2308","GO:0005739","mitochondrion","GTP binding;GTPase activity;translation elongation factor activity","GO:0005525;GO:0003924;GO:0003746","GO:0070125;GO:0006414","mitochondrial translational elongation;translational elongation"
"TGME49_260180","TGME49_260180-t26_1","N/A","N/A","N/A","N/A","N/A","N/A"
"TGME49_260190","TGME49_260190-t26_1","N/A","N/A","N/A","N/A","N/A","N/A"
"TGME49_260260","TGME49_260260.R2313","GO:0005622;GO:0005840","intracellular anatomical structure;ribosome","structural constituent of ribosome","GO:0003735","GO:0006414","translational elongation"
"TGME49_260420","TGME49_260420.R2321","GO:0031262;GO:0005634","Ndc80 complex;nucleus","N/A","N/A","GO:0051315;GO:0051301","attachment of mitotic spindle microtubules to kinetochore;cell division"
"TGME49_260470","TGME49_260470.R2324","GO:0016020","membrane","protein binding","GO:0005515","N/A","N/A"
"TGME49_260520","TGME49_260520.R2328","N/A","N/A","N/A","N/A","N/A","N/A"
"TGME49_260540","TGME49_260540-t26_1","N/A","N/A","N/A","N/A","N/A","N/A"
"TGME49_260600","TGME49_260600.R2332","N/A","N/A","RNA binding","GO:0003723","N/A","N/A"
"TGME49_260640","TGME49_260640.R2335","GO:0034045","phagophore assembly site membrane","N/A","N/A","GO:0006914;GO:0006869","autophagy;lipid transport"
"TGME49_260660","TGME49_260660.R2337","GO:1990904;GO:0005840","ribonucleoprotein complex;ribosome","structural constituent of ribosome","GO:0003735","GO:0006412","translation"
"TGME49_260790","TGME49_260790.R2340","N/A","N/A","N/A","N/A","N/A","N/A"
"TGME49_260820","TGME49_260820-t26_1","N/A","N/A","N/A","N/A","N/A","N/A"
"TGME49_261070","TGME49_261070.R2352","GO:0016020","membrane","N/A","N/A","GO:0055085","transmembrane transport"
"TGME49_261080","TGME49_261080.R2353","GO:0016020","membrane","serine-type endopeptidase activity","GO:0004252","N/A","N/A"
"TGME49_261250","TGME49_261250.R2358","GO:0005622;GO:0000786","intracellular anatomical structure;nucleosome","DNA binding;protein heterodimerization activity;sequence-specific DNA binding;structural constituent of chromatin","GO:0003677;GO:0046982;GO:0043565;GO:0030527","N/A","N/A"
"TGME49_261380","TGME49_261380-t26_1","GO:0005622;GO:1990904;GO:0005840","intracellular anatomical structure;ribonucleoprotein complex;ribosome","structural constituent of ribosome","GO:0003735","GO:0006412","translation"
"TGME49_261440","TGME49_261440.R2362","N/A","N/A","protein binding","GO:0005515","N/A","N/A"
"TGME49_261475","TGME49_261475.R2365","N/A","N/A","N/A","N/A","N/A","N/A"
"TGME49_261510","TGME49_261510.R2369","GO:0005840","ribosome","structural constituent of ribosome","GO:0003735","GO:0006412","translation"
"TGME49_261530","TGME49_261530-t26_1","GO:0016020","membrane","aspartic-type endopeptidase activity","GO:0004190","GO:0006508","proteolysis"
"TGME49_261570","TGME49_261570-t26_1","GO:0022625;GO:1990904","cytosolic large ribosomal subunit;ribonucleoprotein complex","RNA binding","GO:0003723","GO:0042254","ribosome biogenesis"
"TGME49_261600","TGME49_261600.R2372","GO:0110165","cellular anatomical entity","hydrolase activity;metal ion binding;metalloaminopeptidase activity","GO:0016787;GO:0046872;GO:0070006","GO:0009987","cellular process"
"TGME49_261610","TGME49_261610.R2373","GO:0048476;GO:0005634","Holliday junction resolvase complex;nucleus","DNA binding;crossover junction endodeoxyribonuclease activity;metal ion binding;nuclease activity","GO:0003677;GO:0008821;GO:0046872;GO:0004518","GO:0006308;GO:0006302;GO:0000727","DNA catabolic process;double-strand break repair;double-strand break repair via break-induced replication"
"TGME49_261680","TGME49_261680.R2376","N/A","N/A","ATP hydrolysis activity","GO:0016887","N/A","N/A"
"TGME49_261710","TGME49_261710-t26_1","N/A","N/A","protein binding","GO:0005515","N/A","N/A"
"TGME49_261740","TGME49_261740.R2380","N/A","N/A","N/A","N/A","N/A","N/A"
"TGME49_261750","TGME49_261750.R2381","N/A","N/A","N/A","N/A","N/A","N/A"
"TGME49_261780","TGME49_261780-t26_1","GO:0016020","membrane","calcium ion binding","GO:0005509","N/A","N/A"
"TGME49_261850","TGME49_261850.R2384","GO:0005622;GO:0016020","intracellular anatomical structure;membrane","3'-5' exonuclease activity;5'-3' DNA helicase activity;ATP binding;DNA binding;DNA helicase activity;DNA-directed DNA polymerase activity;nucleic acid binding;single-stranded DNA binding","GO:0008408;GO:0043139;GO:0005524;GO:0003677;GO:0003678;GO:0003887;GO:0003676;GO:0003697","GO:0006260;GO:0006261;GO:0006139","DNA replication;DNA-dependent DNA replication;nucleobase-containing compound metabolic process"
"TGME49_261950","TGME49_261950-t26_1","GO:0009507;GO:0045261;GO:0016469;GO:0033178;GO:0009579","chloroplast;proton-transporting ATP synthase complex, catalytic core F(1);proton-transporting two-sector ATPase complex;proton-transporting two-sector ATPase complex, catalytic domain;thylakoid","ATP binding;ATP hydrolysis activity;ATPase-coupled transmembrane transporter activity;hydrolase activity;proton-transporting ATP synthase activity, rotational mechanism;proton-transporting ATPase activity, rotational mechanism","GO:0005524;GO:0016887;GO:0042626;GO:0016787;GO:0046933;GO:0046961","GO:0046034;GO:0015986;GO:1902600","ATP metabolic process;ATP synthesis coupled proton transport;proton transmembrane transport"
"TGME49_262000","TGME49_262000.R2390","N/A","N/A","DNA-binding transcription factor activity","GO:0003700","GO:0006355","regulation of transcription, DNA-templated"
"TGME49_262010","TGME49_262010-t26_1","N/A","N/A","calcium ion binding","GO:0005509","N/A","N/A"
"TGME49_262050","TGME49_262050-t26_1","GO:0016020","membrane","ATP binding;myosin light chain kinase activity;phosphotransferase activity, alcohol group as acceptor;protein kinase activity","GO:0005524;GO:0004687;GO:0016773;GO:0004672","GO:0009103;GO:0006468","lipopolysaccharide biosynthetic process;protein phosphorylation"
"TGME49_262100","TGME49_262100-t26_1","GO:0005634","nucleus","protein binding","GO:0005515","N/A","N/A"
"TGME49_262150","TGME49_262150.R2397","GO:0016020;GO:0008076","membrane;voltage-gated potassium channel complex","protein binding;voltage-gated potassium channel activity","GO:0005515;GO:0005249","GO:0006813;GO:0051260","potassium ion transport;protein homooligomerization"
"TGME49_262400","TGME49_262400.R2401","N/A","N/A","triglyceride lipase activity","GO:0004806","GO:0006629","lipid metabolic process"
"TGME49_262420","TGME49_262420.R2402","N/A","N/A","DNA binding;zinc ion binding","GO:0003677;GO:0008270","N/A","N/A"
"TGME49_262460","TGME49_262460.R2406","N/A","N/A","phosphatidylinositol binding","GO:0035091","N/A","N/A"
"TGME49_262620","TGME49_262620-t26_1","N/A","N/A","RNA binding;nucleic acid binding","GO:0003723;GO:0003676","N/A","N/A"
"TGME49_262640","TGME49_262640.R2416","GO:0016020","membrane","N/A","N/A","N/A","N/A"
"TGME49_262670","TGME49_262670.R2419","GO:1990904;GO:0005840","ribonucleoprotein complex;ribosome","structural constituent of ribosome","GO:0003735","GO:0006412","translation"
"TGME49_262690","TGME49_262690.R2421","GO:0005622;GO:1990904;GO:0005840","intracellular anatomical structure;ribonucleoprotein complex;ribosome","structural constituent of ribosome","GO:0003735","GO:0006412","translation"
"TGME49_262690","TGME49_262690.R2422","GO:1990904;GO:0005840","ribonucleoprotein complex;ribosome","structural constituent of ribosome","GO:0003735","GO:0006412","translation"
"TGME49_262710","TGME49_262710-t26_1","GO:0016021;GO:0016020","integral component of membrane;membrane","copper ion transmembrane transporter activity","GO:0005375","GO:0006878;GO:0035434","cellular copper ion homeostasis;copper ion transmembrane transport"
"TGME49_262720","TGME49_262720-t26_1","GO:0110165","cellular anatomical entity","RNA binding;translation initiation factor activity","GO:0003723;GO:0003743","GO:0006413","translational initiation"
"TGME49_262730","TGME49_262730.R2424","N/A","N/A","ATP binding;protein kinase activity","GO:0005524;GO:0004672","GO:0006468","protein phosphorylation"
"TGME49_262920","TGME49_262920.R2432","N/A","N/A","protein binding;serine-type endopeptidase activity","GO:0005515;GO:0004252","GO:0006508","proteolysis"
"TGME49_262940","TGME49_262940-t26_1","N/A","N/A","aspartic-type endopeptidase activity","GO:0004190","GO:0006508","proteolysis"
"TGME49_263040","TGME49_263040.R2439","GO:0005622;GO:0005840","intracellular anatomical structure;ribosome","structural constituent of ribosome","GO:0003735","GO:0006412","translation"
"TGME49_263050","TGME49_263050.R2440","GO:0005622;GO:0005840","intracellular anatomical structure;ribosome","structural constituent of ribosome","GO:0003735","GO:0006412","translation"
"TGME49_263070","TGME49_263070-t26_1","N/A","N/A","ATP binding;RNA polymerase II CTD heptapeptide repeat kinase activity;protein kinase activity;protein serine/threonine kinase activity","GO:0005524;GO:0008353;GO:0004672;GO:0004674","GO:0006468","protein phosphorylation"
"TGME49_263080","TGME49_263080.R2442","N/A","N/A","N/A","N/A","N/A","N/A"
"TGME49_263090","TGME49_263090.R2444","N/A","N/A","N/A","N/A","N/A","N/A"
"TGME49_263110","TGME49_263110.R2446","N/A","N/A","N/A","N/A","N/A","N/A"
"TGME49_263180","TGME49_263180.R2451","GO:0016459","myosin complex","ATP binding;actin binding;cytoskeletal motor activity","GO:0005524;GO:0003779;GO:0003774","N/A","N/A"
"TGME49_263220","TGME49_263220.R2455","N/A","N/A","ATP binding;calmodulin-dependent protein kinase activity;protein kinase activity","GO:0005524;GO:0004683;GO:0004672","GO:0006468","protein phosphorylation"
"TGME49_263240","TGME49_263240-t26_1","GO:0016020","membrane","mercury ion transmembrane transporter activity","GO:0015097","GO:0015694","mercury ion transport"
"TGME49_263290","TGME49_263290-t26_1","GO:0016021;GO:0016020","integral component of membrane;membrane","serine-type endopeptidase activity","GO:0004252","GO:0006508","proteolysis"
"TGME49_263300","TGME49_263300.R2459","GO:0005741","mitochondrial outer membrane","voltage-gated anion channel activity","GO:0008308","GO:0098656;GO:0006820;GO:0044070;GO:0055085","anion transmembrane transport;anion transport;regulation of anion transport;transmembrane transport"
"TGME49_263420","TGME49_263420.R2467","N/A","N/A","obsolete ubiquitin thiolesterase activity;thiol-dependent deubiquitinase","GO:0004221;GO:0004843","GO:0016579;GO:0006511","protein deubiquitination;ubiquitin-dependent protein catabolic process"
"TGME49_263470","TGME49_263470-t26_1","GO:0005622","intracellular anatomical structure","obsolete ubiquitin thiolesterase activity;thiol-dependent deubiquitinase","GO:0004221;GO:0004843","GO:0006511","ubiquitin-dependent protein catabolic process"
"TGME49_263480","TGME49_263480.R2471","GO:0016021;GO:0016020","integral component of membrane;membrane","antiporter activity;sodium:proton antiporter activity;solute:proton antiporter activity","GO:0015297;GO:0015385;GO:0015299","GO:0006812;GO:1902600;GO:0006885;GO:0006814;GO:0055085","cation transport;proton transmembrane transport;regulation of pH;sodium ion transport;transmembrane transport"
"TGME49_263510","TGME49_263510.R2473","GO:0005815;GO:0000922","microtubule organizing center;spindle pole","gamma-tubulin binding","GO:0043015","GO:0000226;GO:0007020","microtubule cytoskeleton organization;microtubule nucleation"
"TGME49_263520","TGME49_263520-t26_1","N/A","N/A","microtubule binding","GO:0008017","N/A","N/A"
"TGME49_263550","TGME49_263550-t26_1","GO:0005761;GO:1990904","mitochondrial ribosome;ribonucleoprotein complex","structural constituent of ribosome","GO:0003735","GO:0006412","translation"
"TGME49_263680","TGME49_263680.R2487","N/A","N/A","N/A","N/A","N/A","N/A"
"TGME49_263700","TGME49_263700-t26_1","GO:0009507;GO:0005622;GO:1990904;GO:0005840","chloroplast;intracellular anatomical structure;ribonucleoprotein complex;ribosome","structural constituent of ribosome","GO:0003735","GO:0006412","translation"
"TGME49_263840","TGME49_263840.R2496","N/A","N/A","N/A","N/A","N/A","N/A"
"TGME49_263990","TGME49_263990.R2500","N/A","N/A","N/A","N/A","N/A","N/A"
"TGME49_264040","TGME49_264040.R2503","N/A","N/A","N/A","N/A","N/A","N/A"
"TGME49_264050","TGME49_264050.R2504","N/A","N/A","acid-amino acid ligase activity;ligase activity;ubiquitin-protein transferase activity","GO:0016881;GO:0016874;GO:0004842","N/A","N/A"
"TGME49_264080","TGME49_264080-t26_1","N/A","N/A","obsolete cofactor binding","GO:0048037","GO:0006633","fatty acid biosynthetic process"
"TGME49_264210","TGME49_264210.R2513","N/A","N/A","N/A","N/A","N/A","N/A"
"TGME49_264220","TGME49_264220.R2514","N/A","N/A","N/A","N/A","N/A","N/A"
"TGME49_264225","TGME49_264225-t26_1","GO:0016020","membrane","N/A","N/A","N/A","N/A"
"TGME49_264230","TGME49_264230-t26_1","N/A","N/A","N/A","N/A","N/A","N/A"
"TGME49_264240","TGME49_264240-t26_1","N/A","N/A","N/A","N/A","N/A","N/A"
"TGME49_264250","TGME49_264250-t26_1","N/A","N/A","N/A","N/A","N/A","N/A"
"TGME49_264260","TGME49_264260-t26_1","N/A","N/A","N/A","N/A","N/A","N/A"
"TGME49_264485","TGME49_264485-t26_1","GO:0005634","nucleus","DNA binding;DNA-binding transcription factor activity","GO:0003677;GO:0003700","GO:0006355","regulation of transcription, DNA-templated"
"TGME49_264660","TGME49_264660-t26_1","GO:0016020","membrane","hydrolase activity","GO:0016787","N/A","N/A"
"TGME49_264730","TGME49_264730-t26_1","N/A","N/A","N/A","N/A","N/A","N/A"
"TGME49_264760","TGME49_264760-t26_1","N/A","N/A","lipid binding;phospholipid binding;protein binding","GO:0008289;GO:0005543;GO:0005515","GO:0006869","lipid transport"
"TGME49_264960","TGME49_264960.R2528","N/A","N/A","N/A","N/A","N/A","N/A"
"TGME49_264990","TGME49_264990.R2529","N/A","N/A","N/A","N/A","N/A","N/A"
"TGME49_265150","TGME49_265150-t26_1","N/A","N/A","protein binding","GO:0005515","N/A","N/A"
"TGME49_265180","TGME49_265180.R2534","N/A","N/A","N/A","N/A","N/A","N/A"
"TGME49_265240","TGME49_265240-t26_1","N/A","N/A","N/A","N/A","N/A","N/A"
"TGME49_265330","TGME49_265330-t26_1","N/A","N/A","ATP binding;protein kinase activity;protein serine/threonine kinase activity;tau-protein kinase activity","GO:0005524;GO:0004672;GO:0004674;GO:0050321","GO:0006468","protein phosphorylation"
"TGME49_265370","TGME49_265370.R2537","N/A","N/A","N/A","N/A","N/A","N/A"
"TGME49_265450","TGME49_265450-t26_1","N/A","N/A","ATP binding;glucose binding;hexokinase activity;phosphotransferase activity, alcohol group as acceptor","GO:0005524;GO:0005536;GO:0004396;GO:0016773","GO:0005975;GO:0001678;GO:0006096","carbohydrate metabolic process;cellular glucose homeostasis;glycolytic process"
"TGME49_265470","TGME49_265470.R2539","N/A","N/A","N/A","N/A","N/A","N/A"
"TGME49_265542","TGME49_265542-t26_1","GO:0016020","membrane","catalytic activity;cation binding;metal ion binding;myosin phosphatase activity;phosphoprotein phosphatase activity;protein serine/threonine phosphatase activity","GO:0003824;GO:0043169;GO:0046872;GO:0017018;GO:0004721;GO:0004722","GO:0006470","protein dephosphorylation"
"TGME49_265650","TGME49_265650-t26_1","GO:0016020","membrane","catalytic activity;cation binding;metal ion binding;phosphoprotein phosphatase activity;protein serine/threonine phosphatase activity","GO:0003824;GO:0043169;GO:0046872;GO:0004721;GO:0004722","GO:0006470","protein dephosphorylation"
"TGME49_265770","TGME49_265770.R2543","N/A","N/A","N/A","N/A","N/A","N/A"
"TGME49_265840","TGME49_265840.R2549","N/A","N/A","N/A","N/A","N/A","N/A"
"TGME49_265850","TGME49_265850.R2550","N/A","N/A","protein binding","GO:0005515","N/A","N/A"
"TGME49_266060","TGME49_266060-t26_1","GO:0022627;GO:0005622;GO:0005840;GO:0015935","cytosolic small ribosomal subunit;intracellular anatomical structure;ribosome;small ribosomal subunit","structural constituent of ribosome","GO:0003735","GO:0000028;GO:0006412","ribosomal small subunit assembly;translation"
"TGME49_266070","TGME49_266070.R2556","GO:0005622;GO:1990904;GO:0005840","intracellular anatomical structure;ribonucleoprotein complex;ribosome","structural constituent of ribosome","GO:0003735","GO:0006412","translation"
"TGME49_266080","TGME49_266080.R2557","N/A","N/A","N/A","N/A","N/A","N/A"
"TGME49_266100","TGME49_266100.R2559","N/A","N/A","ATP binding;protein kinase activity;protein serine/threonine kinase activity","GO:0005524;GO:0004672;GO:0004674","GO:0006468","protein phosphorylation"
"TGME49_266120","TGME49_266120-t26_1","N/A","N/A","glutathione peroxidase activity;peroxiredoxin activity","GO:0004602;GO:0051920","GO:0055114;GO:0006979","obsolete oxidation-reduction process;response to oxidative stress"
"TGME49_266130","TGME49_266130-t26_1","N/A","N/A","glutathione peroxidase activity;peroxiredoxin activity","GO:0004602;GO:0051920","GO:0055114;GO:0006979","obsolete oxidation-reduction process;response to oxidative stress"
"TGME49_266260","TGME49_266260-t26_1","N/A","N/A","N/A","N/A","N/A","N/A"
"TGME49_266280","TGME49_266280-t26_1","GO:0030131;GO:0030117","clathrin adaptor complex;membrane coat","N/A","N/A","GO:0006886;GO:0016192","intracellular protein transport;vesicle-mediated transport"
"TGME49_266320","TGME49_266320.R2562","N/A","N/A","N/A","N/A","N/A","N/A"
"TGME49_266630","TGME49_266630.R2573","N/A","N/A","N/A","N/A","N/A","N/A"
"TGME49_266710","TGME49_266710.R2578","N/A","N/A","ATP binding;protein kinase activity","GO:0005524;GO:0004672","GO:0006468","protein phosphorylation"
"TGME49_266740","TGME49_266740.R2579","N/A","N/A","RNA binding;nucleic acid binding","GO:0003723;GO:0003676","N/A","N/A"
"TGME49_266760","TGME49_266760.R2580","N/A","N/A","NAD binding;isocitrate dehydrogenase (NADP+) activity;magnesium ion binding;oxidoreductase activity, acting on the CH-OH group of donors, NAD or NADP as acceptor","GO:0051287;GO:0004450;GO:0000287;GO:0016616","GO:0006102;GO:0006099","isocitrate metabolic process;tricarboxylic acid cycle"
"TGME49_266760","TGME49_266760.R2581","N/A","N/A","NAD binding;isocitrate dehydrogenase (NADP+) activity;magnesium ion binding;oxidoreductase activity, acting on the CH-OH group of donors, NAD or NADP as acceptor","GO:0051287;GO:0004450;GO:0000287;GO:0016616","GO:0006102;GO:0055114","isocitrate metabolic process;obsolete oxidation-reduction process"
"TGME49_266800","TGME49_266800.R2582","GO:0016020","membrane","manganese ion transmembrane transporter activity","GO:0005384","GO:0030026","cellular manganese ion homeostasis"
"TGME49_266840","TGME49_266840-t26_1","N/A","N/A","N/A","N/A","N/A","N/A"
"TGME49_266910","TGME49_266910-t26_1","N/A","N/A","ATP binding;RNA polymerase II CTD heptapeptide repeat kinase activity;protein kinase activity","GO:0005524;GO:0008353;GO:0004672","GO:0006468","protein phosphorylation"
"TGME49_266940","TGME49_266940.R2588","GO:0016020","membrane","palmitoyltransferase activity;protein-cysteine S-palmitoyltransferase activity;zinc ion binding","GO:0016409;GO:0019706;GO:0008270","N/A","N/A"
"TGME49_266960","TGME49_266960.R2590","GO:0005874;GO:0032991","microtubule;protein-containing complex","GTP binding;GTPase activity;structural constituent of cytoskeleton","GO:0005525;GO:0003924;GO:0005200","GO:0007017;GO:0006184;GO:0051258","microtubule-based process;obsolete GTP catabolic process;protein polymerization"
"TGME49_267030","TGME49_267030.R2593","N/A","N/A","ATP binding;DNA binding;RNA binding;helicase activity;hydrolase activity;nucleic acid binding;ribonuclease III activity","GO:0005524;GO:0003677;GO:0003723;GO:0004386;GO:0016787;GO:0003676;GO:0004525","GO:0006396","RNA processing"
"TGME49_267040","TGME49_267040-t26_1","N/A","N/A","N/A","N/A","N/A","N/A"
"TGME49_267050","TGME49_267050-t26_1","N/A","N/A","hydrolase activity;serine-type peptidase activity","GO:0016787;GO:0008236","GO:0006508","proteolysis"
"TGME49_267060","TGME49_267060.R2595","GO:0005622;GO:0005840","intracellular anatomical structure;ribosome","RNA binding;structural constituent of ribosome","GO:0003723;GO:0003735","GO:0006412","translation"
"TGME49_267070","TGME49_267070-t26_1","GO:0016020","membrane","channel activity;transporter activity","GO:0015267;GO:0005215","GO:0055085;GO:0006810","transmembrane transport;transport"
"TGME49_267100","TGME49_267100.R2596","GO:0016020","membrane","catalytic activity;cation binding;metal ion binding;myosin phosphatase activity;phosphoprotein phosphatase activity;protein serine/threonine phosphatase activity","GO:0003824;GO:0043169;GO:0046872;GO:0017018;GO:0004721;GO:0004722","GO:0006470","protein dephosphorylation"
"TGME49_267300","TGME49_267300-t26_1","GO:0016020","membrane","N/A","N/A","N/A","N/A"
"TGME49_267340","TGME49_267340-t26_1","N/A","N/A","N/A","N/A","N/A","N/A"
"TGME49_267370","TGME49_267370.R2599","N/A","N/A","ATP binding;microtubule binding;microtubule motor activity","GO:0005524;GO:0008017;GO:0003777","GO:0007018","microtubule-based movement"
"TGME49_267380","TGME49_267380.R2600","GO:0000139;GO:0016021;GO:0016020","Golgi membrane;integral component of membrane;membrane","carbohydrate:proton symporter activity;pyrimidine nucleotide-sugar transmembrane transporter activity","GO:0005351;GO:0015165","GO:0008643;GO:0090481;GO:0055085","carbohydrate transport;pyrimidine nucleotide-sugar transmembrane transport;transmembrane transport"
"TGME49_267400","TGME49_267400-t26_1","GO:0005622;GO:1990904;GO:0005840","intracellular anatomical structure;ribonucleoprotein complex;ribosome","structural constituent of ribosome","GO:0003735","GO:0006412","translation"
"TGME49_267460","TGME49_267460.R2601","GO:0005634","nucleus","DNA binding;DNA-binding transcription factor activity","GO:0003677;GO:0003700","GO:0006355","regulation of transcription, DNA-templated"
"TGME49_267490","TGME49_267490-t26_1","N/A","N/A","cysteine-type peptidase activity;dipeptidyl-peptidase activity","GO:0008234;GO:0008239","GO:0006508","proteolysis"
"TGME49_267500","TGME49_267500.R2603","N/A","N/A","N/A","N/A","N/A","N/A"
"TGME49_267550","TGME49_267550-t26_1","N/A","N/A","adenylate cyclase activity;protein binding","GO:0004016;GO:0005515","N/A","N/A"
"TGME49_267620","TGME49_267620.R2609","GO:0016020","membrane","N/A","N/A","N/A","N/A"
"TGME49_267680","TGME49_267680-t26_1","N/A","N/A","calcium ion binding;protein binding","GO:0005509;GO:0005515","N/A","N/A"
"TGME49_267700","TGME49_267700.R2611","N/A","N/A","N/A","N/A","N/A","N/A"
"TGME49_267740","TGME49_267740.R2614","GO:0016020","membrane","N/A","N/A","N/A","N/A"
"TGME49_267775","TGME49_267775-t26_1","N/A","N/A","N/A","N/A","N/A","N/A"
"TGME49_267800","TGME49_267800-t26_1","N/A","N/A","GTP binding;GTPase activity","GO:0005525;GO:0003924","N/A","N/A"
"TGME49_268010","TGME49_268010.R2621","N/A","N/A","N/A","N/A","N/A","N/A"
"TGME49_268210","TGME49_268210.R2626","N/A","N/A","AMP-activated protein kinase activity;ATP binding;cAMP-dependent protein kinase activity;protein kinase activity","GO:0004679;GO:0005524;GO:0004691;GO:0004672","GO:0006468","protein phosphorylation"
"TGME49_268260","TGME49_268260.R2628","N/A","N/A","N/A","N/A","N/A","N/A"
"TGME49_268590","TGME49_268590.R2641","GO:0016021;GO:0016020","integral component of membrane;membrane","serine-type endopeptidase activity","GO:0004252","GO:0006508","proteolysis"
"TGME49_268650","TGME49_268650.R2642","N/A","N/A","ATP binding;ATP hydrolysis activity","GO:0005524;GO:0016887","GO:0019538","protein metabolic process"
"TGME49_268790","TGME49_268790.R2648","N/A","N/A","N/A","N/A","N/A","N/A"
"TGME49_268810","TGME49_268810.R2649","GO:0005956","protein kinase CK2 complex","protein kinase regulator activity","GO:0019887","N/A","N/A"
"TGME49_268830","TGME49_268830.R2651","GO:0000276","mitochondrial proton-transporting ATP synthase complex, coupling factor F(o)","proton transmembrane transporter activity","GO:0015078","GO:0015986","ATP synthesis coupled proton transport"
"TGME49_268840","TGME49_268840.R2652","GO:0005634","nucleus","S-adenosylmethionine-dependent methyltransferase activity;mRNA (2'-O-methyladenosine-N6-)-methyltransferase activity;methyltransferase activity;nucleic acid binding","GO:0008757;GO:0016422;GO:0008168;GO:0003676","GO:0032259;GO:0006139","methylation;nucleobase-containing compound metabolic process"
"TGME49_268850","TGME49_268850.R2653","GO:0000015","phosphopyruvate hydratase complex","magnesium ion binding;phosphopyruvate hydratase activity","GO:0000287;GO:0004634","GO:0006096","glycolytic process"
"TGME49_268860","TGME49_268860.R2654","GO:0000015","phosphopyruvate hydratase complex","magnesium ion binding;phosphopyruvate hydratase activity","GO:0000287;GO:0004634","GO:0006096","glycolytic process"
"TGME49_268900","TGME49_268900.R2657","N/A","N/A","zinc ion binding","GO:0008270","N/A","N/A"
"TGME49_268910","TGME49_268910.R2658","GO:0016020","membrane","serine-type endopeptidase activity;serine-type peptidase activity","GO:0004252;GO:0008236","GO:0006508;GO:0006465","proteolysis;signal peptide processing"
"TGME49_269010","TGME49_269010-t26_1","GO:0005634","nucleus","DNA binding;DNA-binding transcription factor activity","GO:0003677;GO:0003700","GO:0006355","regulation of transcription, DNA-templated"
"TGME49_269150","TGME49_269150.R2667","GO:0016020","membrane","palmitoyltransferase activity;protein-cysteine S-palmitoyltransferase activity;zinc ion binding","GO:0016409;GO:0019706;GO:0008270","N/A","N/A"
"TGME49_269290","TGME49_269290.R2677","N/A","N/A","N/A","N/A","N/A","N/A"
"TGME49_269330","TGME49_269330-t26_1","N/A","N/A","N/A","N/A","N/A","N/A"
"TGME49_269442","TGME49_269442.R2683","N/A","N/A","calcium ion binding","GO:0005509","N/A","N/A"
"TGME49_269460","TGME49_269460.R2685","N/A","N/A","calcium ion binding;hydrolase activity;phosphoprotein phosphatase activity","GO:0005509;GO:0016787;GO:0004721","N/A","N/A"
"TGME49_269480","TGME49_269480.R2686","GO:0030131","clathrin adaptor complex","protein binding","GO:0005515","GO:0006886;GO:0016192","intracellular protein transport;vesicle-mediated transport"
"TGME49_269690","TGME49_269690.R2695","N/A","N/A","N/A","N/A","N/A","N/A"
"TGME49_269730","TGME49_269730.R2699","N/A","N/A","ATP binding;myosin light chain kinase activity;protein kinase activity","GO:0005524;GO:0004687;GO:0004672","GO:0006468","protein phosphorylation"
"TGME49_269740","TGME49_269740.R2700","N/A","N/A","ATP hydrolysis activity;helicase activity;nucleic acid binding;zinc ion binding","GO:0016887;GO:0004386;GO:0003676;GO:0008270","N/A","N/A"
"TGME49_269820","TGME49_269820-t26_1","N/A","N/A","N/A","N/A","N/A","N/A"
"TGME49_269885","TGME49_269885.R2707","N/A","N/A","metal ion binding;metalloendopeptidase activity;zinc ion binding","GO:0046872;GO:0004222;GO:0008270","GO:0006508","proteolysis"
"TGME49_269960","TGME49_269960.R2711","N/A","N/A","N/A","N/A","N/A","N/A"
"TGME49_269980","TGME49_269980-t26_1","GO:0016020","membrane","protein-transporting ATPase activity","GO:0015450","GO:0015031","protein transport"
"TGME49_270140","TGME49_270140.R2721","GO:0046540;GO:0005682;GO:0005681","U4/U6 x U5 tri-snRNP complex;U5 snRNP;spliceosomal complex","N/A","N/A","GO:0000398;GO:0000278","mRNA splicing, via spliceosome;mitotic cell cycle"
"TGME49_270190","TGME49_270190.R2724","N/A","N/A","catalytic activity;phosphoprotein phosphatase activity;protein serine/threonine phosphatase activity","GO:0003824;GO:0004721;GO:0004722","GO:0006470","protein dephosphorylation"
"TGME49_270240","TGME49_270240-t26_1","N/A","N/A","N/A","N/A","N/A","N/A"
"TGME49_270250","TGME49_270250-t26_1","N/A","N/A","N/A","N/A","N/A","N/A"
"TGME49_270320","TGME49_270320.R2732","N/A","N/A","catalytic activity;myosin phosphatase activity;phosphoprotein phosphatase activity;protein serine/threonine phosphatase activity","GO:0003824;GO:0017018;GO:0004721;GO:0004722","GO:0006470","protein dephosphorylation"
"TGME49_270330","TGME49_270330.R2733","N/A","N/A","ATP binding;RNA polymerase II CTD heptapeptide repeat kinase activity;protein kinase activity;protein tyrosine kinase activity","GO:0005524;GO:0008353;GO:0004672;GO:0004713","GO:0006468","protein phosphorylation"
"TGME49_270360","TGME49_270360.R2735","N/A","N/A","N/A","N/A","N/A","N/A"
"TGME49_270370","TGME49_270370.R2736","GO:0030121","AP-1 adaptor complex","clathrin adaptor activity","GO:0035615","GO:0006886;GO:0015031;GO:0016192","intracellular protein transport;protein transport;vesicle-mediated transport"
"TGME49_270380","TGME49_270380-t26_1","GO:0005622;GO:1990904;GO:0005840","intracellular anatomical structure;ribonucleoprotein complex;ribosome","structural constituent of ribosome","GO:0003735","GO:0006412","translation"
"TGME49_270510","TGME49_270510-t26_1","GO:0110165;GO:0005737","cellular anatomical entity;cytoplasm","ATP binding;aminoacyl-tRNA ligase activity;asparagine-tRNA ligase activity;nucleic acid binding;nucleotide binding","GO:0005524;GO:0004812;GO:0004816;GO:0003676;GO:0000166","GO:0006421;GO:0006418","asparaginyl-tRNA aminoacylation;tRNA aminoacylation for protein translation"
"TGME49_270630","TGME49_270630.R2775","N/A","N/A","N/A","N/A","N/A","N/A"
"TGME49_270690","TGME49_270690.R2777","N/A","N/A","GTP binding;GTPase activity;aminoacyl-tRNA ligase activity","GO:0005525;GO:0003924;GO:0004812","N/A","N/A"
"TGME49_270700","TGME49_270700.R2778","GO:0016020","membrane","N/A","N/A","N/A","N/A"
"TGME49_270865","TGME49_270865.R2787","N/A","N/A","adenylate cyclase activity;phosphorus-oxygen lyase activity","GO:0004016;GO:0016849","GO:0009190;GO:0035556","cyclic nucleotide biosynthetic process;intracellular signal transduction"
"TGME49_270910","TGME49_270910.R2789","N/A","N/A","acyltransferase activity;glycerol-3-phosphate O-acyltransferase activity;sn-1-glycerol-3-phosphate C16:0-DCA-CoA acyl transferase activity","GO:0016746;GO:0004366;GO:0102420","GO:0006650;GO:0008152","glycerophospholipid metabolic process;metabolic process"
"TGME49_270920","TGME49_270920.R2790","N/A","N/A","ATP binding;protein kinase activity","GO:0005524;GO:0004672","GO:0006468","protein phosphorylation"
"TGME49_271030","TGME49_271030.R2797","GO:0005634","nucleus","DNA binding;DNA-binding transcription factor activity","GO:0003677;GO:0003700","GO:0006355","regulation of transcription, DNA-templated"
"TGME49_271050","TGME49_271050-t26_1","GO:0016020","membrane","N/A","N/A","N/A","N/A"
"TGME49_271060","TGME49_271060.R2798","N/A","N/A","N/A","N/A","GO:0006904;GO:0016192","vesicle docking involved in exocytosis;vesicle-mediated transport"
"TGME49_271070","TGME49_271070-t26_1","N/A","N/A","N/A","N/A","N/A","N/A"
"TGME49_271145","TGME49_271145.R2803","N/A","N/A","N/A","N/A","N/A","N/A"
"TGME49_271200","TGME49_271200-t26_1","N/A","N/A","N/A","N/A","N/A","N/A"
"TGME49_271420","TGME49_271420-t26_1","GO:0016020","membrane","hydroxymethylbilane synthase activity","GO:0004418","GO:0018160;GO:0006782;GO:0033014","peptidyl-pyrromethane cofactor linkage;protoporphyrinogen IX biosynthetic process;tetrapyrrole biosynthetic process"
"TGME49_271580","TGME49_271580-t26_1","N/A","N/A","N/A","N/A","N/A","N/A"
"TGME49_271780","TGME49_271780.R2823","N/A","N/A","N/A","N/A","N/A","N/A"
"TGME49_271880","TGME49_271880.R2826","GO:0005622","intracellular anatomical structure","zinc ion binding","GO:0008270","N/A","N/A"
"TGME49_271930","TGME49_271930.R2831","N/A","N/A","N/A","N/A","N/A","N/A"
"TGME49_271960","TGME49_271960-t26_1","N/A","N/A","N/A","N/A","N/A","N/A"
"TGME49_272200","TGME49_272200.R2842","N/A","N/A","ATP binding;cAMP-dependent protein kinase activity;protein kinase C activity;protein kinase activity","GO:0005524;GO:0004691;GO:0004697;GO:0004672","GO:0006468","protein phosphorylation"
"TGME49_272280","TGME49_272280.R2848","N/A","N/A","catalytic activity;cation binding;phosphoprotein phosphatase activity;protein serine/threonine phosphatase activity","GO:0003824;GO:0043169;GO:0004721;GO:0004722","GO:0006470","protein dephosphorylation"
"TGME49_272290","TGME49_272290.R2850","N/A","N/A","catalytic activity;pyruvate dehydrogenase (acetyl-transferring) activity","GO:0003824;GO:0004739","GO:0006086;GO:0008152","acetyl-CoA biosynthetic process from pyruvate;metabolic process"
"TGME49_272320","TGME49_272320.R2851","GO:0016020","membrane","palmitoyltransferase activity;protein binding;zinc ion binding","GO:0016409;GO:0005515;GO:0008270","N/A","N/A"
"TGME49_272380","TGME49_272380.R2856","N/A","N/A","N/A","N/A","N/A","N/A"
"TGME49_272420","TGME49_272420.R2862","N/A","N/A","O-acyltransferase activity;phosphatidylcholine-sterol O-acyltransferase activity","GO:0008374;GO:0004607","GO:0006629","lipid metabolic process"
"TGME49_272430","TGME49_272430.R2863","N/A","N/A","N/A","N/A","N/A","N/A"
"TGME49_272460","TGME49_272460.R2865","GO:0016020","membrane","N/A","N/A","N/A","N/A"
"TGME49_272500","TGME49_272500.R2868","GO:0016021;GO:0016020","integral component of membrane;membrane","transmembrane transporter activity","GO:0022857","GO:0008643;GO:0055085","carbohydrate transport;transmembrane transport"
"TGME49_272510","TGME49_272510-t26_1","N/A","N/A","aspartic-type endopeptidase activity","GO:0004190","GO:0006508","proteolysis"
"TGME49_272520","TGME49_272520.R2869","N/A","N/A","N/A","N/A","N/A","N/A"
"TGME49_272540","TGME49_272540.R2870","N/A","N/A","ATP binding;cAMP-dependent protein kinase activity;protein kinase activity;protein serine/threonine kinase activity","GO:0005524;GO:0004691;GO:0004672;GO:0004674","GO:0006468","protein phosphorylation"
"TGME49_272600","TGME49_272600-t26_1","GO:0030131;GO:0030117","clathrin adaptor complex;membrane coat","N/A","N/A","GO:0006886;GO:0016192","intracellular protein transport;vesicle-mediated transport"
"TGME49_272640","TGME49_272640.R2876","N/A","N/A","translation initiation factor activity","GO:0003743","N/A","N/A"
"TGME49_272660","TGME49_272660.R2878","N/A","N/A","N/A","N/A","N/A","N/A"
"TGME49_272670","TGME49_272670.R2879","N/A","N/A","metal ion binding;metalloendopeptidase activity;metallopeptidase activity","GO:0046872;GO:0004222;GO:0008237","GO:0006508","proteolysis"
"TGME49_272710","TGME49_272710.R2881","GO:0005634","nucleus","DNA binding;DNA-binding transcription factor activity","GO:0003677;GO:0003700","GO:0006355","regulation of transcription, DNA-templated"
"TGME49_272900","TGME49_272900.R2887","GO:0005634","nucleus","ATP binding;ATP hydrolysis activity;ATP-dependent DNA damage sensor activity;ATP-dependent activity, acting on DNA;DNA binding;DNA strand exchange activity;double-stranded DNA binding;nucleotide binding;single-stranded DNA binding","GO:0005524;GO:0016887;GO:0140664;GO:0008094;GO:0003677;GO:0000150;GO:0003690;GO:0000166;GO:0003697","GO:0006259;GO:0006281;GO:0009432;GO:0000724;GO:1990426","DNA metabolic process;DNA repair;SOS response;double-strand break repair via homologous recombination;mitotic recombination-dependent replication fork processing"
"TGME49_273040","TGME49_273040-t26_1","N/A","N/A","N/A","N/A","N/A","N/A"
"TGME49_273050","TGME49_273050.R2890","N/A","N/A","N/A","N/A","N/A","N/A"
"TGME49_273060","TGME49_273060-t26_1","GO:0005622;GO:0005840","intracellular anatomical structure;ribosome","structural constituent of ribosome","GO:0003735","GO:0006412","translation"
"TGME49_273320","TGME49_273320-t26_1","GO:0016020","membrane","N/A","N/A","N/A","N/A"
"TGME49_273500","TGME49_273500.R2906","GO:0005634","nucleus","protein O-GlcNAc transferase activity;protein binding","GO:0097363;GO:0005515","GO:0009740;GO:0006486","gibberellic acid mediated signaling pathway;protein glycosylation"
"TGME49_273560","TGME49_273560.R2909","N/A","N/A","ATP binding;microtubule binding;microtubule motor activity","GO:0005524;GO:0008017;GO:0003777","GO:0007018","microtubule-based movement"
"TGME49_273610","TGME49_273610.R2912","N/A","N/A","N/A","N/A","N/A","N/A"
"TGME49_273660","TGME49_273660.R2914","GO:0005634","nucleus","DNA binding;DNA-binding transcription factor activity","GO:0003677;GO:0003700","GO:0006355","regulation of transcription, DNA-templated"
"TGME49_273740","TGME49_273740-t26_1","N/A","N/A","acetyl-CoA C-acyltransferase activity;acyltransferase activity;acyltransferase activity, transferring groups other than amino-acyl groups","GO:0003988;GO:0016746;GO:0016747","GO:0008152","metabolic process"
"TGME49_273830","TGME49_273830-t26_1","N/A","N/A","N/A","N/A","N/A","N/A"
"TGME49_273850","TGME49_273850.R2923","GO:0005643","nuclear pore","structural constituent of nuclear pore","GO:0017056","GO:0015031","protein transport"
"TGME49_273870","TGME49_273870.R2924","N/A","N/A","ATP binding;ATP-dependent chromatin remodeler activity;DNA binding;helicase activity;hydrolase activity;nucleic acid binding","GO:0005524;GO:0140658;GO:0003677;GO:0004386;GO:0016787;GO:0003676","N/A","N/A"
"TGME49_273905","TGME49_273905.R2925","N/A","N/A","N/A","N/A","N/A","N/A"
"TGME49_273980","TGME49_273980-t26_1","GO:0016020","membrane","N/A","N/A","N/A","N/A"
"TGME49_274000","TGME49_274000.R2931","N/A","N/A","N/A","N/A","N/A","N/A"
"TGME49_274120","TGME49_274120.R2940","N/A","N/A","N/A","N/A","N/A","N/A"
"TGME49_274160","TGME49_274160.R2944","N/A","N/A","N/A","N/A","N/A","N/A"
"TGME49_274170","TGME49_274170-t26_1","N/A","N/A","ATP binding;protein kinase activity","GO:0005524;GO:0004672","GO:0006468","protein phosphorylation"
"TGME49_274180","TGME49_274180.R2945","N/A","N/A","N/A","N/A","N/A","N/A"
"TGME49_274280","TGME49_274280-t26_1","N/A","N/A","N/A","N/A","N/A","N/A"
"TGME49_274290","TGME49_274290-t26_1","GO:0016020","membrane","N/A","N/A","N/A","N/A"
"TGME49_274700","TGME49_274700-t26_1","GO:0016020","membrane","N/A","N/A","N/A","N/A"
"TGME49_275360","TGME49_275360.R2950","GO:0016020","membrane","N/A","N/A","N/A","N/A"
"TGME49_275420","TGME49_275420-t26_1","N/A","N/A","flavin adenine dinucleotide binding;methyltransferase activity;oxidoreductase activity;polyamine oxidase activity","GO:0050660;GO:0008168;GO:0016491;GO:0046592","GO:0032259;GO:0055114;GO:0008033","methylation;obsolete oxidation-reduction process;tRNA processing"
"TGME49_275440","TGME49_275440-t26_1","GO:0016020","membrane","N/A","N/A","N/A","N/A"
"TGME49_275470","TGME49_275470-t26_1","GO:0016020","membrane","N/A","N/A","N/A","N/A"
"TGME49_275490","TGME49_275490-t26_1","GO:0005643","nuclear pore","structural constituent of nuclear pore","GO:0017056","GO:0051028;GO:0015031","mRNA transport;protein transport"
"TGME49_275600","TGME49_275600-t26_1","GO:0016020","membrane","O-acyltransferase activity;acyltransferase activity, transferring groups other than amino-acyl groups;diacylglycerol O-acyltransferase activity","GO:0008374;GO:0016747;GO:0004144","N/A","N/A"
"TGME49_275670","TGME49_275670.R2957","N/A","N/A","N/A","N/A","N/A","N/A"
"TGME49_275690","TGME49_275690.R2959","GO:0005737;GO:0005622","cytoplasm;intracellular anatomical structure","ATP binding;ATP hydrolysis activity;transcription factor binding","GO:0005524;GO:0016887;GO:0008134","GO:0019538;GO:0042026;GO:0006355;GO:0009408","protein metabolic process;protein refolding;regulation of transcription, DNA-templated;response to heat"
"TGME49_275810","TGME49_275810-t26_1","GO:0005840","ribosome","N/A","N/A","N/A","N/A"
"TGME49_275840","TGME49_275840-t26_1","N/A","N/A","catalytic activity;phosphoprotein phosphatase activity;protein serine/threonine phosphatase activity","GO:0003824;GO:0004721;GO:0004722","GO:0006470","protein dephosphorylation"
"TGME49_275850","TGME49_275850-t26_1","N/A","N/A","N/A","N/A","N/A","N/A"
"TGME49_275860","TGME49_275860-t26_1","N/A","N/A","N/A","N/A","N/A","N/A"
"TGME49_275990","TGME49_275990-t26_1","N/A","N/A","N/A","N/A","N/A","N/A"
"TGME49_276130","TGME49_276130.R2965","N/A","N/A","cysteine-type peptidase activity;dipeptidyl-peptidase activity","GO:0008234;GO:0008239","GO:0006508","proteolysis"
"TGME49_276180","TGME49_276180-t26_1","GO:0005669","transcription factor TFIID complex","RNA polymerase II general transcription initiation factor binding;TBP-class protein binding;histone acetyltransferase activity;protein binding;protein serine/threonine kinase activity","GO:0001091;GO:0017025;GO:0004402;GO:0005515;GO:0004674","GO:0006366","transcription by RNA polymerase II"
"TGME49_276220","TGME49_276220-t26_1","N/A","N/A","N/A","N/A","N/A","N/A"
"TGME49_276230","TGME49_276230-t26_1","GO:0016020","membrane","N/A","N/A","N/A","N/A"
"TGME49_276810","TGME49_276810-t26_1","GO:0016020","membrane","N/A","N/A","N/A","N/A"
"TGME49_276820","TGME49_276820-t26_1","N/A","N/A","N/A","N/A","N/A","N/A"
"TGME49_276850","TGME49_276850-t26_1","N/A","N/A","N/A","N/A","N/A","N/A"
"TGME49_276860","TGME49_276860.R2971","N/A","N/A","N/A","N/A","N/A","N/A"
"TGME49_276870","TGME49_276870-t26_1","N/A","N/A","N/A","N/A","N/A","N/A"
"TGME49_276880","TGME49_276880.R2972","N/A","N/A","N/A","N/A","N/A","N/A"
"TGME49_276890","TGME49_276890-t26_1","N/A","N/A","N/A","N/A","N/A","N/A"
"TGME49_276920","TGME49_276920.R2973","N/A","N/A","catalytic activity;myosin phosphatase activity;phosphoprotein phosphatase activity;protein serine/threonine phosphatase activity","GO:0003824;GO:0017018;GO:0004721;GO:0004722","GO:0006470","protein dephosphorylation"
"TGME49_277030","TGME49_277030-t26_1","GO:0005737","cytoplasm","ATP binding;aminoacyl-tRNA editing activity;aminoacyl-tRNA ligase activity;isoleucine-tRNA ligase activity;nucleotide binding;tRNA binding","GO:0005524;GO:0002161;GO:0004812;GO:0004822;GO:0000166;GO:0000049","GO:0006418","tRNA aminoacylation for protein translation"
"TGME49_277080","TGME49_277080-t26_1","N/A","N/A","N/A","N/A","N/A","N/A"
"TGME49_277230","TGME49_277230.R2979","N/A","N/A","N/A","N/A","N/A","N/A"
"TGME49_277240","TGME49_277240-t26_1","N/A","N/A","hydrolase activity;nucleoside-triphosphatase activity","GO:0016787;GO:0017111","N/A","N/A"
"TGME49_277260","TGME49_277260.R2980","N/A","N/A","N/A","N/A","N/A","N/A"
"TGME49_277270","TGME49_277270-t26_1","N/A","N/A","ATP binding;hydrolase activity;nucleoside-triphosphatase activity","GO:0005524;GO:0016787;GO:0017111","N/A","N/A"
"TGME49_277540","TGME49_277540-t26_1","GO:0033557;GO:0005634","Slx1-Slx4 complex;nucleus","N/A","N/A","GO:0006310;GO:0006281;GO:0006260;GO:0006996","DNA recombination;DNA repair;DNA replication;organelle organization"
"TGME49_277700","TGME49_277700.R2984","GO:0005840","ribosome","N/A","N/A","N/A","N/A"
"TGME49_277720","TGME49_277720-t26_1","N/A","N/A","ATP binding;hydrolase activity;nucleoside-triphosphatase activity","GO:0005524;GO:0016787;GO:0017111","N/A","N/A"
"TGME49_277840","TGME49_277840-t26_1","N/A","N/A","GTP binding;GTPase activity","GO:0005525;GO:0003924","GO:0007264","small GTPase mediated signal transduction"
"TGME49_277850","TGME49_277850-t26_1","N/A","N/A","protein binding;serine-type endopeptidase activity","GO:0005515;GO:0004252","GO:0006508","proteolysis"
"TGME49_277895","TGME49_277895.R2988","N/A","N/A","obsolete ubiquitin thiolesterase activity;thiol-dependent deubiquitinase","GO:0004221;GO:0004843","GO:0016579;GO:0006511","protein deubiquitination;ubiquitin-dependent protein catabolic process"
"TGME49_277940","TGME49_277940.R2991","N/A","N/A","N/A","N/A","N/A","N/A"
"TGME49_278050","TGME49_278050-t26_1","GO:0005839;GO:0019773","proteasome core complex;proteasome core complex, alpha-subunit complex","endopeptidase activity;hydrolase activity;threonine-type endopeptidase activity","GO:0004175;GO:0016787;GO:0004298","GO:0051603;GO:0006511","proteolysis involved in cellular protein catabolic process;ubiquitin-dependent protein catabolic process"
"TGME49_278080","TGME49_278080-t26_1","N/A","N/A","N/A","N/A","N/A","N/A"
"TGME49_278110","TGME49_278110-t26_1","GO:0000148;GO:0016020","1,3-beta-D-glucan synthase complex;membrane","1,3-beta-D-glucan synthase activity","GO:0003843","GO:0006075","(1->3)-beta-D-glucan biosynthetic process"
"TGME49_278130","TGME49_278130.R2995","N/A","N/A","N/A","N/A","N/A","N/A"
"TGME49_278160","TGME49_278160-t26_1","GO:0005737;GO:0016020","cytoplasm;membrane","N/A","N/A","GO:0006886","intracellular protein transport"
"TGME49_278220","TGME49_278220.R2997","N/A","N/A","structural constituent of ribosome","GO:0003735","N/A","N/A"
"TGME49_278430","TGME49_278430-t26_1","N/A","N/A","N/A","N/A","N/A","N/A"
"TGME49_278510","TGME49_278510.R3000","N/A","N/A","catalytic activity;myosin phosphatase activity;phosphoprotein phosphatase activity;protein serine/threonine phosphatase activity","GO:0003824;GO:0017018;GO:0004721;GO:0004722","GO:0006470","protein dephosphorylation"
"TGME49_278518","TGME49_278518.R3001","N/A","N/A","glycosyltransferase activity;polypeptide N-acetylgalactosaminyltransferase activity","GO:0016757;GO:0004653","GO:0005975","carbohydrate metabolic process"
"TGME49_278660","TGME49_278660.R3007","GO:0016020","membrane","ATP binding;ATP hydrolysis activity;P-type calcium transporter activity;catalytic activity;metal ion binding;nucleotide binding;transporter activity","GO:0005524;GO:0016887;GO:0005388;GO:0003824;GO:0046872;GO:0000166;GO:0005215","GO:0008152","metabolic process"
"TGME49_278710","TGME49_278710.R3010","GO:0005929","cilium","N/A","N/A","GO:0060271;GO:0003341","cilium assembly;cilium movement"
"TGME49_278780","TGME49_278780-t26_1","N/A","N/A","protein binding","GO:0005515","N/A","N/A"
"TGME49_278850","TGME49_278850.R3020","GO:0016020","membrane","palmitoyltransferase activity;protein-cysteine S-palmitoyltransferase activity;zinc ion binding","GO:0016409;GO:0019706;GO:0008270","N/A","N/A"
"TGME49_278860","TGME49_278860.R3021","N/A","N/A","N/A","N/A","N/A","N/A"
"TGME49_278870","TGME49_278870-t26_1","GO:0016459","myosin complex","ATP binding;actin binding;cytoskeletal motor activity;protein binding","GO:0005524;GO:0003779;GO:0003774;GO:0005515","N/A","N/A"
"TGME49_278975","TGME49_278975.R3026","N/A","N/A","cysteine-type endopeptidase activity","GO:0004197","GO:0006508","proteolysis"
"TGME49_279100","TGME49_279100.R3028","GO:0016020;GO:0020005","membrane;symbiont-containing vacuole membrane","N/A","N/A","N/A","N/A"
"TGME49_279420","TGME49_279420-t26_1","N/A","N/A","N/A","N/A","N/A","N/A"
"TGME49_279460","TGME49_279460-t26_1","N/A","N/A","N/A","N/A","N/A","N/A"
"TGME49_279540","TGME49_279540-t26_1","N/A","N/A","N/A","N/A","N/A","N/A"
"TGME49_279550","TGME49_279550-t26_1","GO:0016020","membrane","N/A","N/A","N/A","N/A"
"TGME49_280070","TGME49_280070-t26_1","N/A","N/A","N/A","N/A","N/A","N/A"
"TGME49_280390","TGME49_280390.R3033","GO:0043232;GO:0099080","intracellular non-membrane-bounded organelle;supramolecular complex","microtubule plus end polymerase;microtubule plus-end binding","GO:0061863;GO:0051010","GO:0030951;GO:0046785;GO:0007051","establishment or maintenance of microtubule cytoskeleton polarity;microtubule polymerization;spindle organization"
"TGME49_280400","TGME49_280400.R3034","GO:0016020","membrane","N/A","N/A","N/A","N/A"
"TGME49_280460","TGME49_280460-t26_1","GO:0005634","nucleus","DNA binding;DNA-binding transcription factor activity","GO:0003677;GO:0003700","GO:0006355","regulation of transcription, DNA-templated"
"TGME49_280470","TGME49_280470.R3040","N/A","N/A","DNA-binding transcription factor activity","GO:0003700","GO:0006355","regulation of transcription, DNA-templated"
"TGME49_280570","TGME49_280570-t26_1","GO:0016020","membrane","N/A","N/A","N/A","N/A"
"TGME49_280580","TGME49_280580.R3046","N/A","N/A","N/A","N/A","N/A","N/A"
"TGME49_280590","TGME49_280590-t26_1","N/A","N/A","N/A","N/A","N/A","N/A"
"TGME49_280700","TGME49_280700.R3050","GO:0005737","cytoplasm","arginine decarboxylase activity;carboxy-lyase activity;catalytic activity","GO:0008792;GO:0016831;GO:0003824","GO:0006520","cellular amino acid metabolic process"
"TGME49_280730","TGME49_280730-t26_1","GO:0005737;GO:0016020","cytoplasm;membrane","4 iron, 4 sulfur cluster binding;ATP binding;ATP-dependent FeS chaperone activity;iron-sulfur cluster binding;metal ion binding","GO:0051539;GO:0005524;GO:0140663;GO:0051536;GO:0046872","GO:0016226","iron-sulfur cluster assembly"
"TGME49_280740","TGME49_280740.R3053","GO:0016020;GO:0005787","membrane;signal peptidase complex","peptidase activity;serine-type endopeptidase activity","GO:0008233;GO:0004252","GO:0006465","signal peptide processing"
"TGME49_280800","TGME49_280800-t26_1","N/A","N/A","ATP binding;ATP-dependent chromatin remodeler activity;DNA binding;helicase activity;nucleic acid binding","GO:0005524;GO:0140658;GO:0003677;GO:0004386;GO:0003676","N/A","N/A"
"TGME49_280810","TGME49_280810-t26_1","N/A","N/A","N/A","N/A","N/A","N/A"
"TGME49_281030","TGME49_281030-t26_1","N/A","N/A","N/A","N/A","N/A","N/A"
"TGME49_281040","TGME49_281040-t26_1","N/A","N/A","N/A","N/A","N/A","N/A"
"TGME49_281450","TGME49_281450.R3061","N/A","N/A","ATP binding;RNA polymerase II CTD heptapeptide repeat kinase activity;protein kinase activity","GO:0005524;GO:0008353;GO:0004672","GO:0006468","protein phosphorylation"
"TGME49_281490","TGME49_281490-t26_1","N/A","N/A","catalytic activity;glutaminase activity;transferase activity","GO:0003824;GO:0004359;GO:0016740","GO:0009236;GO:0006541;GO:0042823;GO:0042819","cobalamin biosynthetic process;glutamine metabolic process;pyridoxal phosphate biosynthetic process;vitamin B6 biosynthetic process"
"TGME49_281570","TGME49_281570.R3067","N/A","N/A","N/A","N/A","N/A","N/A"
"TGME49_281580","TGME49_281580.R3068","GO:0016020","membrane","catalytic activity;cation binding;metal ion binding;myosin phosphatase activity;phosphoprotein phosphatase activity;protein serine/threonine phosphatase activity","GO:0003824;GO:0043169;GO:0046872;GO:0017018;GO:0004721;GO:0004722","GO:0006470","protein dephosphorylation"
"TGME49_281675","TGME49_281675.R3072","N/A","N/A","ATP binding;protein kinase activity","GO:0005524;GO:0004672","GO:0006468","protein phosphorylation"
"TGME49_282055","TGME49_282055-t26_1","N/A","N/A","catalytic activity;myosin phosphatase activity;phosphoprotein phosphatase activity;protein serine/threonine phosphatase activity","GO:0003824;GO:0017018;GO:0004721;GO:0004722","GO:0006470","protein dephosphorylation"
"TGME49_282070","TGME49_282070.R3079","N/A","N/A","N/A","N/A","N/A","N/A"
"TGME49_282150","TGME49_282150-t26_1","N/A","N/A","N/A","N/A","N/A","N/A"
"TGME49_282180","TGME49_282180-t26_1","N/A","N/A","N/A","N/A","N/A","N/A"
"TGME49_282200","TGME49_282200.R3081","GO:0005622","intracellular anatomical structure","ATP binding;ATP hydrolysis activity;transcription factor binding","GO:0005524;GO:0016887;GO:0008134","GO:0019538;GO:0006355","protein metabolic process;regulation of transcription, DNA-templated"
"TGME49_282210","TGME49_282210.R3082","N/A","N/A","DNA-binding transcription factor activity","GO:0003700","GO:0006355","regulation of transcription, DNA-templated"
"TGME49_282220","TGME49_282220-t26_1","GO:0005634","nucleus","DNA binding;DNA-binding transcription factor activity","GO:0003677;GO:0003700","GO:0006355","regulation of transcription, DNA-templated"
"TGME49_282230","TGME49_282230-t26_1","N/A","N/A","ATP binding;adenylylsulfate kinase activity;sulfate adenylyltransferase (ATP) activity","GO:0005524;GO:0004020;GO:0004781","GO:0016310;GO:0000103","phosphorylation;sulfate assimilation"
"TGME49_283450","TGME49_283450-t26_1","GO:0016020","membrane","N/A","N/A","N/A","N/A"
"TGME49_283480","TGME49_283480.R3084","N/A","N/A","ATP binding;protein kinase activity","GO:0005524;GO:0004672","GO:0006468","protein phosphorylation"
"TGME49_283510","TGME49_283510.R3088","N/A","N/A","N/A","N/A","N/A","N/A"
"TGME49_283540","TGME49_283540.R3091","N/A","N/A","N/A","N/A","N/A","N/A"
"TGME49_283550","TGME49_283550.R3092","N/A","N/A","N/A","N/A","N/A","N/A"
"TGME49_283780","TGME49_283780.R3101","N/A","N/A","carbohydrate derivative binding;glucose-6-phosphate isomerase activity","GO:0097367;GO:0004347","GO:1901135;GO:0006094;GO:0006096","carbohydrate derivative metabolic process;gluconeogenesis;glycolytic process"
"TGME49_283830","TGME49_283830-t26_1","GO:0005737","cytoplasm","inorganic diphosphatase activity;magnesium ion binding","GO:0004427;GO:0000287","GO:0006796","phosphate-containing compound metabolic process"
"TGME49_284170","TGME49_284170.R3106","GO:0016020","membrane","palmitoyltransferase activity","GO:0016409","N/A","N/A"
"TGME49_284540","TGME49_284540-t26_1","GO:0016020","membrane","proton-transporting ATP synthase activity, rotational mechanism","GO:0046933","GO:0015986","ATP synthesis coupled proton transport"
"TGME49_284550","TGME49_284550.R3108","N/A","N/A","calcium ion binding","GO:0005509","N/A","N/A"
"TGME49_284560","TGME49_284560-t26_1","GO:1990904;GO:0005840","ribonucleoprotein complex;ribosome","rRNA binding;structural constituent of ribosome","GO:0019843;GO:0003735","GO:0006412","translation"
"TGME49_284620","TGME49_284620.R3111","N/A","N/A","N/A","N/A","N/A","N/A"
"TGME49_284660","TGME49_284660.R3114","GO:0005840","ribosome","rRNA binding;structural constituent of ribosome","GO:0019843;GO:0003735","GO:0006412","translation"
"TGME49_285160","TGME49_285160.R3117","N/A","N/A","ATP binding;protein kinase activity","GO:0005524;GO:0004672","GO:0006468","protein phosphorylation"
"TGME49_285272","TGME49_285272-t26_1","N/A","N/A","N/A","N/A","N/A","N/A"
"TGME49_285510","TGME49_285510-t26_1","N/A","N/A","N/A","N/A","N/A","N/A"
"TGME49_285700","TGME49_285700-t26_1","N/A","N/A","N/A","N/A","GO:0050896;GO:0006511","response to stimulus;ubiquitin-dependent protein catabolic process"
"TGME49_285780","TGME49_285780-t26_1","GO:0005737;GO:0005815;GO:0000922","cytoplasm;microtubule organizing center;spindle pole","gamma-tubulin binding","GO:0043015","GO:0000226;GO:0007020","microtubule cytoskeleton organization;microtubule nucleation"
"TGME49_285895","TGME49_285895.R3139","N/A","N/A","DNA-binding transcription factor activity;heme binding;peroxidase activity","GO:0003700;GO:0020037;GO:0004601","GO:0006355;GO:0006979","regulation of transcription, DNA-templated;response to oxidative stress"
"TGME49_285940","TGME49_285940.R3142","N/A","N/A","N/A","N/A","N/A","N/A"
"TGME49_285970","TGME49_285970-t26_1","GO:0005622;GO:1990904;GO:0005840","intracellular anatomical structure;ribonucleoprotein complex;ribosome","RNA binding;structural constituent of ribosome","GO:0003723;GO:0003735","GO:0006412","translation"
"TGME49_285980","TGME49_285980.R3143","N/A","N/A","intramolecular transferase activity, phosphotransferases;magnesium ion binding;phosphoglucomutase activity","GO:0016868;GO:0000287;GO:0004614","GO:0005975;GO:0071704","carbohydrate metabolic process;organic substance metabolic process"
"TGME49_285990","TGME49_285990-t26_1","N/A","N/A","protein binding","GO:0005515","N/A","N/A"
"TGME49_286030","TGME49_286030.R3144","N/A","N/A","N/A","N/A","N/A","N/A"
"TGME49_286150","TGME49_286150.R3149","GO:0005576","extracellular region","protein binding","GO:0005515","GO:0006508","proteolysis"
"TGME49_286420","TGME49_286420-t26_1","N/A","N/A","GTP binding;GTPase activity;nucleotidyltransferase activity;sulfate adenylyltransferase (ATP) activity;translation elongation factor activity","GO:0005525;GO:0003924;GO:0016779;GO:0004781;GO:0003746","GO:0006414","translational elongation"
"TGME49_286450","TGME49_286450-t26_1","GO:0016020","membrane","N/A","N/A","N/A","N/A"
"TGME49_286470","TGME49_286470-t26_1","N/A","N/A","AMP-activated protein kinase activity;ATP binding;cAMP-dependent protein kinase activity;protein kinase activity;protein serine/threonine kinase activity","GO:0004679;GO:0005524;GO:0004691;GO:0004672;GO:0004674","GO:0006468","protein phosphorylation"
"TGME49_286500","TGME49_286500-t26_1","GO:0016020","membrane","N/A","N/A","N/A","N/A"
"TGME49_286530","TGME49_286530.R3155","GO:0016020","membrane","N/A","N/A","N/A","N/A"
"TGME49_286580","TGME49_286580.R3157","N/A","N/A","N/A","N/A","N/A","N/A"
"TGME49_286590","TGME49_286590-t26_1","N/A","N/A","N/A","N/A","N/A","N/A"
"TGME49_286610","TGME49_286610-t26_1","GO:0005622;GO:1990904;GO:0005840","intracellular anatomical structure;ribonucleoprotein complex;ribosome","structural constituent of ribosome","GO:0003735","GO:0006412","translation"
"TGME49_286660","TGME49_286660.R3160","N/A","N/A","ATP binding;microtubule binding;microtubule motor activity","GO:0005524;GO:0008017;GO:0003777","GO:0007018","microtubule-based movement"
"TGME49_286710","TGME49_286710.R3161","N/A","N/A","N/A","N/A","N/A","N/A"
"TGME49_286740","TGME49_286740-t26_1","N/A","N/A","calcium ion binding","GO:0005509","N/A","N/A"
"TGME49_286920","TGME49_286920-t26_1","N/A","N/A","DNA binding;protein binding","GO:0003677;GO:0005515","N/A","N/A"
"TGME49_287040","TGME49_287040-t26_1","N/A","N/A","N/A","N/A","N/A","N/A"
"TGME49_287160","TGME49_287160.R3166","N/A","N/A","ATP binding;microtubule binding;microtubule motor activity","GO:0005524;GO:0008017;GO:0003777","GO:0007018","microtubule-based movement"
"TGME49_287210","TGME49_287210.R3170","GO:0005839;GO:0019773","proteasome core complex;proteasome core complex, alpha-subunit complex","endopeptidase activity;peptidase activity;threonine-type endopeptidase activity","GO:0004175;GO:0008233;GO:0004298","GO:0051603;GO:0006511","proteolysis involved in cellular protein catabolic process;ubiquitin-dependent protein catabolic process"
"TGME49_287280","TGME49_287280.R3173","GO:0016020","membrane","N/A","N/A","N/A","N/A"
"TGME49_287470","TGME49_287470-t26_1","N/A","N/A","N/A","N/A","N/A","N/A"
"TGME49_287510","TGME49_287510-t26_1","N/A","N/A","hydrolase activity;iron ion binding;monooxygenase activity;oxidoreductase activity, acting on paired donors, with incorporation or reduction of molecular oxygen, reduced pteridine as one donor, and incorporation of one atom of oxygen;tyrosine 3-monooxygenase activity","GO:0016787;GO:0005506;GO:0004497;GO:0016714;GO:0004511","GO:0009072;GO:0055114","aromatic amino acid family metabolic process;obsolete oxidation-reduction process"
"TGME49_287970","TGME49_287970-t26_1","N/A","N/A","N/A","N/A","N/A","N/A"
"TGME49_288380","TGME49_288380.R3182","N/A","N/A","ATP binding;ATP hydrolysis activity;ATP-dependent protein folding chaperone;unfolded protein binding","GO:0005524;GO:0016887;GO:0140662;GO:0051082","GO:0006457;GO:0006950","protein folding;response to stress"
"TGME49_288440","TGME49_288440-t26_1","N/A","N/A","ATP binding;MAP kinase kinase activity;phosphorelay response regulator activity;protein kinase activity","GO:0005524;GO:0004708;GO:0000156;GO:0004672","GO:0000160;GO:0006468;GO:0006355","phosphorelay signal transduction system;protein phosphorylation;regulation of transcription, DNA-templated"
"TGME49_288450","TGME49_288450-t26_1","N/A","N/A","aldehyde dehydrogenase (NAD+) activity;glyceraldehyde-3-phosphate dehydrogenase (NAD+) (non-phosphorylating) activity;oxidoreductase activity;oxidoreductase activity, acting on the aldehyde or oxo group of donors, NAD or NADP as acceptor","GO:0004029;GO:0043878;GO:0016491;GO:0016620","GO:0008152;GO:0055114","metabolic process;obsolete oxidation-reduction process"
"TGME49_288530","TGME49_288530-t26_1","GO:0005730","nucleolus","RNA binding;S-adenosylmethionine-dependent methyltransferase activity;methyltransferase activity","GO:0003723;GO:0008757;GO:0008168","GO:0001510;GO:0006396;GO:0042254","RNA methylation;RNA processing;ribosome biogenesis"
"TGME49_288540","TGME49_288540-t26_1","GO:0016021;GO:0016020","integral component of membrane;membrane","nucleoside transmembrane transporter activity","GO:0005337","GO:1901642;GO:0006810","nucleoside transmembrane transport;transport"
"TGME49_288600","TGME49_288600.R3183","N/A","N/A","protein binding","GO:0005515","N/A","N/A"
"TGME49_288650","TGME49_288650-t26_1","GO:0016020","membrane","N/A","N/A","N/A","N/A"
"TGME49_288680","TGME49_288680-t26_1","N/A","N/A","DNA binding;deoxyribonuclease IV (phage-T4-induced) activity;zinc ion binding","GO:0003677;GO:0008833;GO:0008270","GO:0006281","DNA repair"
"TGME49_288700","TGME49_288700.R3186","GO:0005694","chromosome","ATP binding;protein binding","GO:0005524;GO:0005515","GO:0051276","chromosome organization"
"TGME49_288720","TGME49_288720.R3187","GO:1990904;GO:0005840","ribonucleoprotein complex;ribosome","structural constituent of ribosome","GO:0003735","GO:0006412","translation"
"TGME49_288840","TGME49_288840.R3192","N/A","N/A","N/A","N/A","N/A","N/A"
"TGME49_288890","TGME49_288890-t26_1","N/A","N/A","N/A","N/A","N/A","N/A"
"TGME49_288930","TGME49_288930-t26_1","GO:0000796;GO:0005737","condensin complex;cytoplasm","N/A","N/A","GO:0051301;GO:0007076","cell division;mitotic chromosome condensation"
"TGME49_288950","TGME49_288950-t26_1","N/A","N/A","N/A","N/A","N/A","N/A"
"TGME49_288990","TGME49_288990-t26_1","N/A","N/A","N/A","N/A","N/A","N/A"
"TGME49_289050","TGME49_289050.R3197","N/A","N/A","ATP binding;protein kinase activity","GO:0005524;GO:0004672","GO:0006468","protein phosphorylation"
"TGME49_289080","TGME49_289080-t26_1","GO:0030117","membrane coat","N/A","N/A","GO:0006886;GO:0016192","intracellular protein transport;vesicle-mediated transport"
"TGME49_289100","TGME49_289100.R3198","N/A","N/A","N/A","N/A","N/A","N/A"
"TGME49_289140","TGME49_289140-t26_1","GO:0005739;GO:1990904;GO:0005840","mitochondrion;ribonucleoprotein complex;ribosome","structural constituent of ribosome","GO:0003735","GO:0032543","mitochondrial translation"
"TGME49_289170","TGME49_289170-t26_1","GO:0016020","membrane","ion channel activity;phosphorus-oxygen lyase activity","GO:0005216;GO:0016849","GO:0009190;GO:0035556;GO:0006811;GO:0055085","cyclic nucleotide biosynthetic process;intracellular signal transduction;ion transport;transmembrane transport"
"TGME49_289230","TGME49_289230-t26_1","GO:0005622;GO:1990904;GO:0005840","intracellular anatomical structure;ribonucleoprotein complex;ribosome","structural constituent of ribosome","GO:0003735","GO:0006412","translation"
"TGME49_289320","TGME49_289320-t26_1","N/A","N/A","ATP binding;non-membrane spanning protein tyrosine kinase activity;protein kinase activity;protein serine/threonine kinase activity","GO:0005524;GO:0004715;GO:0004672;GO:0004674","GO:0006468","protein phosphorylation"
"TGME49_289330","TGME49_289330-t26_1","N/A","N/A","obsolete ubiquitin thiolesterase activity;thiol-dependent deubiquitinase","GO:0004221;GO:0004843","GO:0016579;GO:0006511","protein deubiquitination;ubiquitin-dependent protein catabolic process"
"TGME49_289380","TGME49_289380.R3202","N/A","N/A","N/A","N/A","N/A","N/A"
"TGME49_289490","TGME49_289490.R3203","N/A","N/A","catalytic activity;phosphoprotein phosphatase activity","GO:0003824;GO:0004721","N/A","N/A"
"TGME49_289530","TGME49_289530-t26_1","GO:0022625;GO:0005622;GO:0005840","cytosolic large ribosomal subunit;intracellular anatomical structure;ribosome","RNA binding;structural constituent of ribosome","GO:0003723;GO:0003735","GO:0006412","translation"
"TGME49_289620","TGME49_289620-t26_1","N/A","N/A","cysteine-type peptidase activity;dipeptidyl-peptidase activity","GO:0008234;GO:0008239","GO:0006508","proteolysis"
"TGME49_289630","TGME49_289630-t26_1","GO:0016020","membrane","N/A","N/A","N/A","N/A"
"TGME49_289680","TGME49_289680.R3208","GO:0005737;GO:0005622;GO:0005634","cytoplasm;intracellular anatomical structure;nucleus","GTP binding;GTPase activity","GO:0005525;GO:0003924","GO:0007264","small GTPase mediated signal transduction"
"TGME49_289700","TGME49_289700.R3210","N/A","N/A","N/A","N/A","N/A","N/A"
"TGME49_289710","TGME49_289710.R3211","N/A","N/A","N/A","N/A","N/A","N/A"
"TGME49_289750","TGME49_289750.R3214","GO:0005737;GO:0005634;GO:1990904;GO:0005840","cytoplasm;nucleus;ribonucleoprotein complex;ribosome","protein binding;structural constituent of ribosome","GO:0005515;GO:0003735","GO:0006412","translation"
"TGME49_289770","TGME49_289770-t26_1","GO:0030131","clathrin adaptor complex","protein binding","GO:0005515","GO:0006886;GO:0016192","intracellular protein transport;vesicle-mediated transport"
"TGME49_289790","TGME49_289790.R3215","N/A","N/A","N/A","N/A","N/A","N/A"
"TGME49_289830","TGME49_289830-t26_1","GO:0005737;GO:0016282;GO:0033290;GO:0005852","cytoplasm;eukaryotic 43S preinitiation complex;eukaryotic 48S preinitiation complex;eukaryotic translation initiation factor 3 complex","protein binding;translation initiation factor activity","GO:0005515;GO:0003743","GO:0001732","formation of cytoplasmic translation initiation complex"
"TGME49_289910","TGME49_289910-t26_1","N/A","N/A","N/A","N/A","N/A","N/A"
"TGME49_290010","TGME49_290010-t26_1","N/A","N/A","N/A","N/A","N/A","N/A"
"TGME49_290030","TGME49_290030-t26_1","GO:0016020","membrane","N/A","N/A","N/A","N/A"
"TGME49_290040","TGME49_290040-t26_1","N/A","N/A","N/A","N/A","N/A","N/A"
"TGME49_290160","TGME49_290160.R3223","GO:0016020","membrane","protein binding","GO:0005515","N/A","N/A"
"TGME49_290180","TGME49_290180-t26_1","GO:0005634","nucleus","DNA binding;DNA-binding transcription factor activity","GO:0003677;GO:0003700","GO:0006355","regulation of transcription, DNA-templated"
"TGME49_290460","TGME49_290460-t26_1","N/A","N/A","N/A","N/A","N/A","N/A"
"TGME49_290620","TGME49_290620.R3227","N/A","N/A","N/A","N/A","N/A","N/A"
"TGME49_290630","TGME49_290630-t26_1","GO:0005634","nucleus","DNA binding;DNA-binding transcription factor activity","GO:0003677;GO:0003700","GO:0006355","regulation of transcription, DNA-templated"
"TGME49_290650","TGME49_290650-t26_1","N/A","N/A","N/A","N/A","N/A","N/A"
"TGME49_290670","TGME49_290670.R3229","GO:0005737;GO:0005622","cytoplasm;intracellular anatomical structure","aminopeptidase activity;manganese ion binding;metal ion binding;metalloaminopeptidase activity","GO:0004177;GO:0030145;GO:0046872;GO:0070006","GO:0019538;GO:0006508","protein metabolic process;proteolysis"
"TGME49_290700","TGME49_290700.R3231","N/A","N/A","N/A","N/A","N/A","N/A"
"TGME49_290720","TGME49_290720.R3232","GO:0033179;GO:0033177","proton-transporting V-type ATPase, V0 domain;proton-transporting two-sector ATPase complex, proton-transporting domain","proton transmembrane transporter activity;proton-transporting ATPase activity, rotational mechanism","GO:0015078;GO:0046961","GO:1902600","proton transmembrane transport"
"TGME49_290860","TGME49_290860.R3236","GO:0016020","membrane","N/A","N/A","N/A","N/A"
"TGME49_290970","TGME49_290970.R3241","N/A","N/A","pyridoxal phosphate binding;serine C-palmitoyltransferase activity;transferase activity;transferase activity, transferring nitrogenous groups","GO:0030170;GO:0004758;GO:0016740;GO:0016769","GO:0009058;GO:0006520","biosynthetic process;cellular amino acid metabolic process"
"TGME49_290980","TGME49_290980.R3242","N/A","N/A","pyridoxal phosphate binding;serine C-palmitoyltransferase activity;transferase activity;transferase activity, transferring nitrogenous groups","GO:0030170;GO:0004758;GO:0016740;GO:0016769","GO:0009058;GO:0006520","biosynthetic process;cellular amino acid metabolic process"
"TGME49_291010","TGME49_291010-t26_1","N/A","N/A","N/A","N/A","GO:0006511","ubiquitin-dependent protein catabolic process"
"TGME49_291020","TGME49_291020.R3244","GO:0016459","myosin complex","ATP binding;cytoskeletal motor activity;protein binding","GO:0005524;GO:0003774;GO:0005515","N/A","N/A"
"TGME49_291040","TGME49_291040-t26_1","N/A","N/A","L-lactate dehydrogenase activity;catalytic activity;oxidoreductase activity;oxidoreductase activity, acting on the CH-OH group of donors, NAD or NADP as acceptor","GO:0004459;GO:0003824;GO:0016491;GO:0016616","GO:0019752;GO:0055114","carboxylic acid metabolic process;obsolete oxidation-reduction process"
"TGME49_291050","TGME49_291050-t26_1","N/A","N/A","ATP binding;myosin light chain kinase activity;protein kinase activity","GO:0005524;GO:0004687;GO:0004672","GO:0006468","protein phosphorylation"
"TGME49_291670","TGME49_291670-t26_1","N/A","N/A","ATP binding;RNA binding;helicase activity;hydrolase activity;nucleic acid binding","GO:0005524;GO:0003723;GO:0004386;GO:0016787;GO:0003676","N/A","N/A"
"TGME49_291810","TGME49_291810-t26_1","N/A","N/A","N/A","N/A","GO:0045454","cell redox homeostasis"
"TGME49_291830","TGME49_291830.R3251","N/A","N/A","N/A","N/A","N/A","N/A"
"TGME49_291850","TGME49_291850.R3252","GO:0005622;GO:1990904;GO:0005840","intracellular anatomical structure;ribonucleoprotein complex;ribosome","structural constituent of ribosome","GO:0003735","GO:0006412","translation"
"TGME49_291880","TGME49_291880.R3253","N/A","N/A","N/A","N/A","N/A","N/A"
"TGME49_291890","TGME49_291890.R3254","N/A","N/A","N/A","N/A","N/A","N/A"
"TGME49_291960","TGME49_291960.R3255","N/A","N/A","N/A","N/A","N/A","N/A"
"TGME49_292055","TGME49_292055.R3259","N/A","N/A","ATP binding;MAP kinase kinase kinase activity;calcium ion binding;myosin light chain kinase activity;protein kinase activity","GO:0005524;GO:0004709;GO:0005509;GO:0004687;GO:0004672","GO:0006468","protein phosphorylation"
"TGME49_292120","TGME49_292120-t26_1","N/A","N/A","N/A","N/A","N/A","N/A"
"TGME49_292130","TGME49_292130.R3261","GO:0015934;GO:0005840","large ribosomal subunit;ribosome","structural constituent of ribosome","GO:0003735","GO:0006412","translation"
"TGME49_292140","TGME49_292140-t26_1","N/A","N/A","ATP binding;protein kinase activity;protein serine/threonine kinase activity","GO:0005524;GO:0004672;GO:0004674","GO:0006468","protein phosphorylation"
"TGME49_292260","TGME49_292260-t26_1","GO:0016020","membrane","N/A","N/A","N/A","N/A"
"TGME49_292270","TGME49_292270-t26_1","GO:0016020","membrane","N/A","N/A","N/A","N/A"
"TGME49_292280","TGME49_292280-t26_1","GO:0016020","membrane","N/A","N/A","N/A","N/A"
"TGME49_292360","TGME49_292360.R3266","GO:0016020","membrane","N/A","N/A","N/A","N/A"
"TGME49_292390","TGME49_292390.R3267","N/A","N/A","N/A","N/A","N/A","N/A"
"TGME49_292600","TGME49_292600-t26_1","N/A","N/A","N/A","N/A","N/A","N/A"
"TGME49_292610","TGME49_292610-t26_1","GO:0016020","membrane","N/A","N/A","N/A","N/A"
"TGME49_292950","TGME49_292950.R3269","N/A","N/A","N/A","N/A","N/A","N/A"
"TGME49_292975","TGME49_292975-t26_1","N/A","N/A","N/A","N/A","N/A","N/A"
"TGME49_293170","TGME49_293170.R3274","N/A","N/A","N/A","N/A","N/A","N/A"
"TGME49_293190","TGME49_293190.R3276","N/A","N/A","endonuclease activity;exonuclease activity;inositol-1,3,4,5-tetrakisphosphate 5-phosphatase activity;inositol-1,4,5-trisphosphate 5-phosphatase activity;inositol-polyphosphate 5-phosphatase activity;phosphatase activity","GO:0004519;GO:0004527;GO:0052659;GO:0052658;GO:0004445;GO:0016791","GO:0046856","phosphatidylinositol dephosphorylation"
"TGME49_293220","TGME49_293220.R3278","GO:0016020","membrane","palmitoyltransferase activity;zinc ion binding","GO:0016409;GO:0008270","N/A","N/A"
"TGME49_293310","TGME49_293310.R3287","GO:0005622;GO:1990904;GO:0005840","intracellular anatomical structure;ribonucleoprotein complex;ribosome","rRNA binding;structural constituent of ribosome","GO:0019843;GO:0003735","GO:0006412","translation"
"TGME49_293360","TGME49_293360.R3292","N/A","N/A","N/A","N/A","N/A","N/A"
"TGME49_293450","TGME49_293450.R3299","N/A","N/A","catalytic activity;phosphoprotein phosphatase activity;protein serine/threonine phosphatase activity","GO:0003824;GO:0004721;GO:0004722","GO:0006470","protein dephosphorylation"
"TGME49_293470","TGME49_293470.R3301","N/A","N/A","N/A","N/A","N/A","N/A"
"TGME49_293540","TGME49_293540.R3306","N/A","N/A","N/A","N/A","N/A","N/A"
"TGME49_293600","TGME49_293600.R3312","GO:0005622;GO:1990904;GO:0005840","intracellular anatomical structure;ribonucleoprotein complex;ribosome","structural constituent of ribosome","GO:0003735","GO:0006412","translation"
"TGME49_293690","TGME49_293690.R3318","GO:0015629","actin cytoskeleton","actin binding","GO:0003779","GO:0030036;GO:0007010","actin cytoskeleton organization;cytoskeleton organization"
"TGME49_293730","TGME49_293730.R3322","GO:0016020","membrane","palmitoyltransferase activity;protein binding;zinc ion binding","GO:0016409;GO:0005515;GO:0008270","N/A","N/A"
"TGME49_293760","TGME49_293760.R3325","N/A","N/A","calcium ion binding","GO:0005509","N/A","N/A"
"TGME49_293770","TGME49_293770.R3326","N/A","N/A","chitinase activity","GO:0004568","GO:0016998;GO:0006032","cell wall macromolecule catabolic process;chitin catabolic process"
"TGME49_293810","TGME49_293810.R3330","N/A","N/A","catalytic activity;methylisocitrate lyase activity","GO:0003824;GO:0046421","GO:0008152","metabolic process"
"TGME49_293820","TGME49_293820.R3331","GO:0005622","intracellular anatomical structure","calcium-dependent cysteine-type endopeptidase activity","GO:0004198","GO:0006508","proteolysis"
"TGME49_293850","TGME49_293850.R3335","N/A","N/A","N/A","N/A","N/A","N/A"
"TGME49_293900","TGME49_293900.R3339","N/A","N/A","N/A","N/A","N/A","N/A"
"TGME49_294040","TGME49_294040.R3342","GO:0005789;GO:0016021;GO:0016020","endoplasmic reticulum membrane;integral component of membrane;membrane","ER retention sequence binding","GO:0046923","GO:0006621;GO:0015031","protein retention in ER lumen;protein transport"
"TGME49_294190","TGME49_294190.R3345","N/A","N/A","3-hydroxyisobutyryl-CoA hydrolase activity;catalytic activity;isomerase activity","GO:0003860;GO:0003824;GO:0016853","GO:0008152","metabolic process"
"TGME49_294260","TGME49_294260.R3349","N/A","N/A","ATP binding;calmodulin-dependent protein kinase activity;protein kinase activity","GO:0005524;GO:0004683;GO:0004672","GO:0006468","protein phosphorylation"
"TGME49_294310","TGME49_294310-t26_1","N/A","N/A","N/A","N/A","N/A","N/A"
"TGME49_294330","TGME49_294330.R3351","GO:0016020","membrane","protein binding","GO:0005515","N/A","N/A"
"TGME49_294360","TGME49_294360.R3354","GO:0005634","nucleus","obsolete ubiquitin thiolesterase activity;thiol-dependent deubiquitinase;zinc ion binding","GO:0004221;GO:0004843;GO:0008270","GO:0006397;GO:0016579;GO:0000245;GO:0006511","mRNA processing;protein deubiquitination;spliceosomal complex assembly;ubiquitin-dependent protein catabolic process"
"TGME49_294380","TGME49_294380.R3356","N/A","N/A","cysteine desulfurase activity","GO:0031071","GO:0008152;GO:0006400","metabolic process;tRNA modification"
"TGME49_294390","TGME49_294390-t26_1","N/A","N/A","N/A","N/A","N/A","N/A"
"TGME49_294400","TGME49_294400.R3357","N/A","N/A","N/A","N/A","GO:0020035","cytoadherence to microvasculature, mediated by symbiont protein"
"TGME49_294560","TGME49_294560.R3358","N/A","N/A","ATP binding;protein kinase activity","GO:0005524;GO:0004672","GO:0006468","protein phosphorylation"
"TGME49_294610","TGME49_294610.R3362","N/A","N/A","methyltransferase activity;protein binding","GO:0008168;GO:0005515","GO:0032259","methylation"
"TGME49_294620","TGME49_294620-t26_1","GO:0016282;GO:0033290;GO:0005852","eukaryotic 43S preinitiation complex;eukaryotic 48S preinitiation complex;eukaryotic translation initiation factor 3 complex","RNA binding;protein binding;translation initiation factor activity;translation initiation factor binding","GO:0003723;GO:0005515;GO:0003743;GO:0031369","GO:0001732;GO:0006413","formation of cytoplasmic translation initiation complex;translational initiation"
"TGME49_294630","TGME49_294630.R3363","N/A","N/A","N/A","N/A","N/A","N/A"
"TGME49_294690","TGME49_294690-t26_1","GO:0016021;GO:0016020","integral component of membrane;membrane","serine-type endopeptidase activity","GO:0004252","GO:0006508","proteolysis"
"TGME49_294750","TGME49_294750-t26_1","N/A","N/A","N/A","N/A","N/A","N/A"
"TGME49_294790","TGME49_294790.R3368","N/A","N/A","N/A","N/A","N/A","N/A"
"TGME49_294812","TGME49_294812-t26_1","N/A","N/A","RNA binding;nucleic acid binding","GO:0003723;GO:0003676","N/A","N/A"
"TGME49_294860","TGME49_294860.R3372","N/A","N/A","N/A","N/A","N/A","N/A"
"TGME49_294898","TGME49_294898-t26_1","N/A","N/A","ATP binding;ATP-dependent protein folding chaperone;protein binding","GO:0005524;GO:0140662;GO:0005515","N/A","N/A"
"TGME49_294902","TGME49_294902-t26_1","N/A","N/A","N/A","N/A","N/A","N/A"
"TGME49_294970","TGME49_294970.R3376","N/A","N/A","N/A","N/A","N/A","N/A"
"TGME49_295110","TGME49_295110-t26_1","N/A","N/A","ATP binding;protein kinase activity","GO:0005524;GO:0004672","GO:0006468","protein phosphorylation"
"TGME49_295125","TGME49_295125-t26_1","N/A","N/A","ATP binding;protein kinase activity","GO:0005524;GO:0004672","GO:0006468","protein phosphorylation"
"TGME49_295300","TGME49_295300-t26_1","GO:0016020","membrane","N/A","N/A","N/A","N/A"
"TGME49_295310","TGME49_295310-t26_1","GO:0005737;GO:0005874","cytoplasm;microtubule","beta-tubulin binding;unfolded protein binding","GO:0048487;GO:0051082","GO:0007023;GO:0007021","post-chaperonin tubulin folding pathway;tubulin complex assembly"
"TGME49_295360","TGME49_295360.R3382","N/A","N/A","N/A","N/A","N/A","N/A"
"TGME49_295370","TGME49_295370.R3383","N/A","N/A","N/A","N/A","N/A","N/A"
"TGME49_295420","TGME49_295420-t26_1","N/A","N/A","N/A","N/A","N/A","N/A"
"TGME49_295450","TGME49_295450.R3385","N/A","N/A","N/A","N/A","N/A","N/A"
"TGME49_295460","TGME49_295460-t26_1","GO:0000139;GO:0005829","Golgi membrane;cytosol","N/A","N/A","GO:0006888;GO:0042147;GO:0016192","endoplasmic reticulum to Golgi vesicle-mediated transport;retrograde transport, endosome to Golgi;vesicle-mediated transport"
"TGME49_295640","TGME49_295640-t26_1","N/A","N/A","metal ion binding;metalloendopeptidase activity;metallopeptidase activity","GO:0046872;GO:0004222;GO:0008237","GO:0006508","proteolysis"
"TGME49_295760","TGME49_295760.R3391","N/A","N/A","ATP binding;calcium ion binding;calmodulin-dependent protein kinase activity;protein kinase activity","GO:0005524;GO:0005509;GO:0004683;GO:0004672","GO:0006468","protein phosphorylation"
"TGME49_295850","TGME49_295850.R3392","N/A","N/A","N/A","N/A","N/A","N/A"
"TGME49_295910","TGME49_295910-t26_1","N/A","N/A","peptidase activity","GO:0008233","GO:0030163;GO:0006508","protein catabolic process;proteolysis"
"TGME49_295935","TGME49_295935-t26_1","N/A","N/A","N/A","N/A","N/A","N/A"
"TGME49_295990","TGME49_295990.R3394","N/A","N/A","acid-amino acid ligase activity;ligase activity;ubiquitin-protein transferase activity","GO:0016881;GO:0016874;GO:0004842","N/A","N/A"
"TGME49_296000","TGME49_296000.R3395","N/A","N/A","ATP binding;protein kinase activity","GO:0005524;GO:0004672","GO:0006468","protein phosphorylation"
"TGME49_296015","TGME49_296015-t26_1","N/A","N/A","N/A","N/A","N/A","N/A"
"TGME49_296020","TGME49_296020-t26_1","N/A","N/A","N/A","N/A","N/A","N/A"
"TGME49_296121","TGME49_296121-t26_1","N/A","N/A","N/A","N/A","N/A","N/A"
"TGME49_296231","TGME49_296231-t26_1","N/A","N/A","N/A","N/A","N/A","N/A"
"TGME49_297060","TGME49_297060.R3398","N/A","N/A","bisphosphoglycerate mutase activity;catalytic activity;intramolecular transferase activity, phosphotransferases","GO:0004082;GO:0003824;GO:0016868","GO:0006096","glycolytic process"
"TGME49_297070","TGME49_297070.R3399","N/A","N/A","carbonate dehydratase activity;zinc ion binding","GO:0004089;GO:0008270","N/A","N/A"
"TGME49_297100","TGME49_297100-t26_1","N/A","N/A","N/A","N/A","N/A","N/A"
"TGME49_297110","TGME49_297110-t26_1","N/A","N/A","ATP binding;microtubule binding;microtubule motor activity","GO:0005524;GO:0008017;GO:0003777","GO:0007018","microtubule-based movement"
"TGME49_297120","TGME49_297120.R3400","N/A","N/A","N/A","N/A","N/A","N/A"
"TGME49_297170","TGME49_297170-t26_1","GO:0005622;GO:1990904;GO:0005840","intracellular anatomical structure;ribonucleoprotein complex;ribosome","structural constituent of ribosome","GO:0003735","GO:0006412","translation"
"TGME49_297180","TGME49_297180-t26_1","N/A","N/A","N/A","N/A","N/A","N/A"
"TGME49_297245","TGME49_297245-t26_1","GO:0016021;GO:0016020","integral component of membrane;membrane","transmembrane transporter activity","GO:0022857","GO:0055085","transmembrane transport"
"TGME49_297430","TGME49_297430.R3406","N/A","N/A","RNA binding","GO:0003723","N/A","N/A"
"TGME49_297470","TGME49_297470.R3409","N/A","N/A","calcium ion binding","GO:0005509","N/A","N/A"
"TGME49_297510","TGME49_297510.R3411","N/A","N/A","protein prenyltransferase activity","GO:0008318","GO:0018342","protein prenylation"
"TGME49_297520","TGME49_297520.R3412","N/A","N/A","microtubule binding","GO:0008017","N/A","N/A"
"TGME49_297640","TGME49_297640.R3413","N/A","N/A","1-acylglycerol-3-phosphate O-acyltransferase activity;acyltransferase activity","GO:0003841;GO:0016746","GO:0008152","metabolic process"
"TGME49_297780","TGME49_297780.R3417","GO:0005694","chromosome","ATP binding;DNA binding;DNA topoisomerase type II (double strand cut, ATP-hydrolyzing) activity","GO:0005524;GO:0003677;GO:0003918","GO:0006265","DNA topological change"
"TGME49_297780","TGME49_297780.R3418","N/A","N/A","ATP binding;DNA binding;DNA topoisomerase type II (double strand cut, ATP-hydrolyzing) activity","GO:0005524;GO:0003677;GO:0003918","GO:0006265","DNA topological change"
"TGME49_297800","TGME49_297800.R3419","GO:0005694;GO:0005634","chromosome;nucleus","ATP binding;ATP hydrolysis activity;protein binding","GO:0005524;GO:0016887;GO:0005515","GO:0030261;GO:0051276","chromosome condensation;chromosome organization"
"TGME49_297810","TGME49_297810.R3420","N/A","N/A","N/A","N/A","N/A","N/A"
"TGME49_297870","TGME49_297870.R3422","N/A","N/A","N/A","N/A","N/A","N/A"
"TGME49_297880","TGME49_297880.R3423","N/A","N/A","N/A","N/A","N/A","N/A"
"TGME49_297890","TGME49_297890-t26_1","N/A","N/A","N/A","N/A","N/A","N/A"
"TGME49_297900","TGME49_297900-t26_1","N/A","N/A","N/A","N/A","N/A","N/A"
"TGME49_297940","TGME49_297940.R3425","GO:0110165","cellular anatomical entity","single-stranded DNA binding","GO:0003697","GO:0006260","DNA replication"
"TGME49_297960","TGME49_297960-t26_1","N/A","N/A","N/A","N/A","N/A","N/A"
"TGME49_297970","TGME49_297970.R3426","N/A","N/A","aminopeptidase activity;zinc ion binding","GO:0004177;GO:0008270","GO:0006508","proteolysis"
"TGME49_298010","TGME49_298010.R3428","N/A","N/A","protein binding","GO:0005515","GO:0006996","organelle organization"
"TGME49_298060","TGME49_298060-t26_1","GO:0016020","membrane","N/A","N/A","N/A","N/A"
"TGME49_298070","TGME49_298070-t26_1","N/A","N/A","N/A","N/A","N/A","N/A"
"TGME49_298080","TGME49_298080-t26_1","N/A","N/A","N/A","N/A","N/A","N/A"
"TGME49_298090","TGME49_298090-t26_1","GO:0016020","membrane","N/A","N/A","N/A","N/A"
"TGME49_298630","TGME49_298630-t26_1","GO:0005774","vacuolar membrane","N/A","N/A","N/A","N/A"
"TGME49_298820","TGME49_298820-t26_1","GO:0016020","membrane","N/A","N/A","N/A","N/A"
"TGME49_298830","TGME49_298830-t26_1","N/A","N/A","N/A","N/A","N/A","N/A"
"TGME49_298840","TGME49_298840-t26_1","N/A","N/A","N/A","N/A","N/A","N/A"
"TGME49_298960","TGME49_298960.R3431","N/A","N/A","N/A","N/A","N/A","N/A"
"TGME49_298990","TGME49_298990-t26_1","N/A","N/A","ferredoxin-NADP+ reductase activity;oxidoreductase activity","GO:0004324;GO:0016491","GO:0055114","obsolete oxidation-reduction process"
"TGME49_299010","TGME49_299010-t26_1","N/A","N/A","N/A","N/A","N/A","N/A"
"TGME49_299020","TGME49_299020.R3433","N/A","N/A","DNA-binding transcription factor activity","GO:0003700","GO:0006355","regulation of transcription, DNA-templated"
"TGME49_299050","TGME49_299050-t26_1","GO:0005622;GO:0015934;GO:0005840","intracellular anatomical structure;large ribosomal subunit;ribosome","structural constituent of ribosome","GO:0003735","GO:0006412","translation"
"TGME49_299060","TGME49_299060-t26_1","GO:0016021;GO:0016020","integral component of membrane;membrane","antiporter activity;sodium:proton antiporter activity;solute:proton antiporter activity","GO:0015297;GO:0015385;GO:0015299","GO:0006812;GO:1902600;GO:0055085","cation transport;proton transmembrane transport;transmembrane transport"
"TGME49_299070","TGME49_299070-t26_1","GO:0016020","membrane","ATP binding;carbon-carbon lyase activity;catalytic activity;kinase activity;magnesium ion binding;potassium ion binding;pyruvate kinase activity","GO:0005524;GO:0016830;GO:0003824;GO:0016301;GO:0000287;GO:0030955;GO:0004743","GO:0006725;GO:0006096;GO:0016310","cellular aromatic compound metabolic process;glycolytic process;phosphorylation"
"TGME49_299150","TGME49_299150-t26_1","GO:0005634","nucleus","DNA binding;DNA-binding transcription factor activity","GO:0003677;GO:0003700","GO:0006355","regulation of transcription, DNA-templated"
"TGME49_299180","TGME49_299180-t26_1","GO:0110165;GO:0016021","cellular anatomical entity;integral component of membrane","N/A","N/A","GO:0016192","vesicle-mediated transport"
"TGME49_299190","TGME49_299190-t26_1","GO:0005737;GO:0005622","cytoplasm;intracellular anatomical structure","zinc ion binding","GO:0008270","N/A","N/A"
"TGME49_299210","TGME49_299210.R3438","N/A","N/A","ATP binding;CTP synthase activity;hydrolase activity","GO:0005524;GO:0003883;GO:0016787","GO:0044210;GO:0006241;GO:0006541;GO:0006221","'de novo' CTP biosynthetic process;CTP biosynthetic process;glutamine metabolic process;pyrimidine nucleotide biosynthetic process"
"TGME49_299570","TGME49_299570-t26_1","N/A","N/A","N/A","N/A","N/A","N/A"
"TGME49_300000","TGME49_300000.R3449","GO:1990904;GO:0005840","ribonucleoprotein complex;ribosome","structural constituent of ribosome","GO:0003735","GO:0006412","translation"
"TGME49_300020","TGME49_300020-t26_1","GO:0016020","membrane","ATP binding;ATP hydrolysis activity;ATP-dependent peptidase activity;four-way junction helicase activity;metalloendopeptidase activity;microtubule-severing ATPase activity","GO:0005524;GO:0016887;GO:0004176;GO:0009378;GO:0004222;GO:0008568","GO:0006310;GO:0006281;GO:0006508","DNA recombination;DNA repair;proteolysis"
"TGME49_300030","TGME49_300030.R3451","N/A","N/A","N/A","N/A","N/A","N/A"
"TGME49_300060","TGME49_300060-t26_1","GO:0016021;GO:0016020;GO:0005787","integral component of membrane;membrane;signal peptidase complex","peptidase activity","GO:0008233","GO:0006465","signal peptide processing"
"TGME49_300100","TGME49_300100.R3453","GO:0005737;GO:0005576;GO:0020002;GO:0016020","cytoplasm;extracellular region;host cell plasma membrane;membrane","N/A","N/A","N/A","N/A"
"TGME49_300130","TGME49_300130.R3456","GO:0016020","membrane","N/A","N/A","GO:0009405","obsolete pathogenesis"
"TGME49_300140","TGME49_300140.R3457","GO:0005853","eukaryotic translation elongation factor 1 complex","glutathione transferase activity;protein binding;translation elongation factor activity","GO:0004364;GO:0005515;GO:0003746","GO:0006414","translational elongation"
"TGME49_300190","TGME49_300190-t26_1","GO:0005622;GO:0005840","intracellular anatomical structure;ribosome","structural constituent of ribosome","GO:0003735","GO:0006412","translation"
"TGME49_300220","TGME49_300220-t26_1","GO:0016020","membrane","N/A","N/A","N/A","N/A"
"TGME49_300240","TGME49_300240-t26_1","GO:0005794;GO:0016020","Golgi apparatus;membrane","N/A","N/A","GO:0048193;GO:0016192","Golgi vesicle transport;vesicle-mediated transport"
"TGME49_300290","TGME49_300290.R3464","GO:0016020","membrane","protein binding","GO:0005515","N/A","N/A"
"TGME49_300320","TGME49_300320-t26_1","N/A","N/A","RNA binding;S-adenosylmethionine-dependent methyltransferase activity;rRNA (adenine-N6,N6-)-dimethyltransferase activity;rRNA methyltransferase activity","GO:0003723;GO:0008757;GO:0000179;GO:0008649","GO:0000154;GO:0006364","rRNA modification;rRNA processing"
"TGME49_300380","TGME49_300380-t26_1","GO:0005783;GO:0005789","endoplasmic reticulum;endoplasmic reticulum membrane","FAD binding;flavin adenine dinucleotide binding;oxidoreductase activity, acting on a sulfur group of donors, disulfide as acceptor;protein disulfide isomerase activity;protein-disulfide reductase activity;thiol oxidase activity","GO:0071949;GO:0050660;GO:0016671;GO:0003756;GO:0015035;GO:0016972","GO:0055114;GO:0034975","obsolete oxidation-reduction process;protein folding in endoplasmic reticulum"
"TGME49_300780","TGME49_300780-t26_1","N/A","N/A","N/A","N/A","N/A","N/A"
"TGME49_300790","TGME49_300790-t26_1","N/A","N/A","N/A","N/A","N/A","N/A"
"TGME49_300990","TGME49_300990-t26_1","GO:0016020","membrane","N/A","N/A","N/A","N/A"
"TGME49_301010","TGME49_301010-t26_1","N/A","N/A","hydrolase activity;metal ion binding;myosin phosphatase activity;phosphoprotein phosphatase activity;protein serine/threonine phosphatase activity","GO:0016787;GO:0046872;GO:0017018;GO:0004721;GO:0004722","N/A","N/A"
"TGME49_301150","TGME49_301150-t26_1","GO:0016020","membrane","N/A","N/A","N/A","N/A"
"TGME49_301160","TGME49_301160-t26_1","GO:0016020","membrane","N/A","N/A","N/A","N/A"
"TGME49_301270","TGME49_301270.R3471","N/A","N/A","ATP binding;MAP kinase kinase kinase activity;protein kinase activity","GO:0005524;GO:0004709;GO:0004672","GO:0006468","protein phosphorylation"
"TGME49_301370","TGME49_301370.R3476","GO:0016020","membrane","palmitoyltransferase activity;protein-cysteine S-palmitoyltransferase activity;zinc ion binding","GO:0016409;GO:0019706;GO:0008270","N/A","N/A"
"TGME49_301380","TGME49_301380-t26_1","N/A","N/A","GTP binding;GTPase activity;translation elongation factor activity","GO:0005525;GO:0003924;GO:0003746","N/A","N/A"
"TGME49_301400","TGME49_301400.R3477","N/A","N/A","N/A","N/A","N/A","N/A"
"TGME49_301420","TGME49_301420.R3478","GO:0005737;GO:0043232","cytoplasm;intracellular non-membrane-bounded organelle","N/A","N/A","N/A","N/A"
"TGME49_301440","TGME49_301440.R3480","GO:0016020","membrane","ATP binding;calcium ion binding;calmodulin-dependent protein kinase activity;phosphotransferase activity, alcohol group as acceptor;protein kinase activity","GO:0005524;GO:0005509;GO:0004683;GO:0016773;GO:0004672","GO:0009103;GO:0006468","lipopolysaccharide biosynthetic process;protein phosphorylation"
"TGME49_301890","TGME49_301890-t26_1","GO:0016020","membrane","N/A","N/A","N/A","N/A"
"TGME49_302000","TGME49_302000-t26_1","N/A","N/A","ATP binding;ATP hydrolysis activity","GO:0005524;GO:0016887","N/A","N/A"
"TGME49_302050","TGME49_302050-t26_1","GO:0009536","plastid","GTP binding;GTPase activity;translation elongation factor activity","GO:0005525;GO:0003924;GO:0003746","GO:0006414","translational elongation"
"TGME49_304450","TGME49_304450-t26_1","GO:0016020","membrane","N/A","N/A","N/A","N/A"
"TGME49_304670","TGME49_304670.R3485","N/A","N/A","protein binding","GO:0005515","N/A","N/A"
"TGME49_304740","TGME49_304740.R3490","N/A","N/A","ATP binding;non-membrane spanning protein tyrosine kinase activity;protein kinase activity","GO:0005524;GO:0004715;GO:0004672","GO:0006468","protein phosphorylation"
"TGME49_304870","TGME49_304870-t26_1","N/A","N/A","oxidoreductase activity","GO:0016491","N/A","N/A"
"TGME49_304970","TGME49_304970.R3493","N/A","N/A","ATP binding;RNA polymerase II CTD heptapeptide repeat kinase activity;protein kinase activity;protein serine/threonine kinase activity","GO:0005524;GO:0008353;GO:0004672;GO:0004674","GO:0006468","protein phosphorylation"
"TGME49_305160","TGME49_305160.R3498","GO:0000786;GO:0005634","nucleosome;nucleus","DNA binding;protein heterodimerization activity;structural constituent of chromatin","GO:0003677;GO:0046982;GO:0030527","N/A","N/A"
"TGME49_305180","TGME49_305180-t26_1","GO:0016021;GO:0016020","integral component of membrane;membrane","antiporter activity;sodium:proton antiporter activity;solute:proton antiporter activity","GO:0015297;GO:0015385;GO:0015299","GO:0006812;GO:1902600;GO:0006885;GO:0006814;GO:0055085","cation transport;proton transmembrane transport;regulation of pH;sodium ion transport;transmembrane transport"
"TGME49_305270","TGME49_305270-t26_1","N/A","N/A","N/A","N/A","N/A","N/A"
"TGME49_305290","TGME49_305290.R3499","GO:0033178","proton-transporting two-sector ATPase complex, catalytic domain","proton-transporting ATPase activity, rotational mechanism","GO:0046961","GO:1902600","proton transmembrane transport"
"TGME49_305340","TGME49_305340.R3502","N/A","N/A","protein binding","GO:0005515","N/A","N/A"
"TGME49_305455","TGME49_305455.R3503","N/A","N/A","electron transfer activity;heme binding","GO:0009055;GO:0020037","N/A","N/A"
"TGME49_305460","TGME49_305460-t26_1","GO:0005737","cytoplasm","metal ion binding;metalloaminopeptidase activity;obsolete methionyl aminopeptidase activity","GO:0046872;GO:0070006;GO:0004239","GO:0009987;GO:0006508","cellular process;proteolysis"
"TGME49_305480","TGME49_305480-t26_1","GO:0016020;GO:0009536","membrane;plastid","4 iron, 4 sulfur cluster binding;N-acetyltransferase activity;catalytic activity;histone acetyltransferase activity;iron-sulfur cluster binding;metal ion binding;tRNA binding","GO:0051539;GO:0008080;GO:0003824;GO:0004402;GO:0051536;GO:0046872;GO:0000049","N/A","N/A"
"TGME49_305520","TGME49_305520-t26_1","GO:0005622;GO:0005840;GO:0015935","intracellular anatomical structure;ribosome;small ribosomal subunit","RNA binding;structural constituent of ribosome","GO:0003723;GO:0003735","GO:0006412","translation"
"TGME49_305590","TGME49_305590-t26_1","GO:0016021;GO:0016020","integral component of membrane;membrane","ABC-type transporter activity;ABC-type xenobiotic transporter activity;ATP binding;ATP hydrolysis activity;ATPase-coupled transmembrane transporter activity;intracellularly ATP-gated chloride channel activity","GO:0140359;GO:0008559;GO:0005524;GO:0016887;GO:0042626;GO:0005260","GO:0055085;GO:0006810","transmembrane transport;transport"
"TGME49_305790","TGME49_305790-t26_1","N/A","N/A","phosphatase activity","GO:0016791","GO:0016311","dephosphorylation"
"TGME49_305800","TGME49_305800-t26_1","N/A","N/A","6-pyruvoyltetrahydropterin synthase activity;metal ion binding","GO:0003874;GO:0046872","GO:0006729","tetrahydrobiopterin biosynthetic process"
"TGME49_305850","TGME49_305850-t26_1","N/A","N/A","RNA binding;nucleic acid binding","GO:0003723;GO:0003676","N/A","N/A"
"TGME49_305860","TGME49_305860-t26_1","N/A","N/A","ATP binding;calcium ion binding;calmodulin-dependent protein kinase activity;protein kinase activity","GO:0005524;GO:0005509;GO:0004683;GO:0004672","GO:0006468","protein phosphorylation"
"TGME49_305930","TGME49_305930.R3511","N/A","N/A","N/A","N/A","N/A","N/A"
"TGME49_305950","TGME49_305950-t26_1","N/A","N/A","protein binding","GO:0005515","N/A","N/A"
"TGME49_305980","TGME49_305980-t26_1","GO:0005737","cytoplasm","dihydrolipoyl dehydrogenase activity;flavin adenine dinucleotide binding;oxidoreductase activity;oxidoreductase activity, acting on a sulfur group of donors, NAD(P) as acceptor","GO:0004148;GO:0050660;GO:0016491;GO:0016668","GO:0045454;GO:0055114;GO:0008033","cell redox homeostasis;obsolete oxidation-reduction process;tRNA processing"
"TGME49_306000","TGME49_306000.R3512","GO:0005634","nucleus","DNA binding;DNA-binding transcription factor activity","GO:0003677;GO:0003700","GO:0006355","regulation of transcription, DNA-templated"
"TGME49_306060","TGME49_306060-t26_1","GO:0016020","membrane","N/A","N/A","N/A","N/A"
"TGME49_306080","TGME49_306080-t26_1","N/A","N/A","3'-5' DNA helicase activity;ATP binding;helicase activity;hydrolase activity;nucleic acid binding","GO:0043138;GO:0005524;GO:0004386;GO:0016787;GO:0003676","GO:0006310;GO:0006281;GO:0006260","DNA recombination;DNA repair;DNA replication"
"TGME49_306310","TGME49_306310.R3519","GO:0005694","chromosome","ATP binding;protein binding","GO:0005524;GO:0005515","GO:0051276","chromosome organization"
"TGME49_306350","TGME49_306350.R3520","N/A","N/A","N/A","N/A","N/A","N/A"
"TGME49_306430","TGME49_306430.R3522","GO:0005737;GO:0043232","cytoplasm;intracellular non-membrane-bounded organelle","N/A","N/A","N/A","N/A"
"TGME49_306490","TGME49_306490.R3524","N/A","N/A","N/A","N/A","N/A","N/A"
"TGME49_306520","TGME49_306520-t26_1","N/A","N/A","RNA binding;pseudouridine synthase activity","GO:0003723;GO:0009982","GO:0009451;GO:0006396;GO:0001522;GO:0008033","RNA modification;RNA processing;pseudouridine synthesis;tRNA processing"
"TGME49_306560","TGME49_306560-t26_1","GO:0005643","nuclear pore","structural constituent of nuclear pore","GO:0017056","N/A","N/A"
"TGME49_306620","TGME49_306620-t26_1","GO:0005634","nucleus","DNA binding;DNA-binding transcription factor activity","GO:0003677;GO:0003700","GO:0006355","regulation of transcription, DNA-templated"
"TGME49_306640","TGME49_306640.R3526","GO:0031201","SNARE complex","SNAP receptor activity","GO:0005484","N/A","N/A"
"TGME49_306670","TGME49_306670.R3528","N/A","N/A","N/A","N/A","N/A","N/A"
"TGME49_306680","TGME49_306680-t26_1","GO:0016020","membrane","N/A","N/A","N/A","N/A"
"TGME49_306688","TGME49_306688-t26_1","N/A","N/A","N/A","N/A","N/A","N/A"
"TGME49_306692","TGME49_306692-t26_1","N/A","N/A","N/A","N/A","N/A","N/A"
"TGME49_306700","TGME49_306700-t26_1","N/A","N/A","N/A","N/A","N/A","N/A"
"TGME49_306710","TGME49_306710-t26_1","N/A","N/A","N/A","N/A","N/A","N/A"
"TGME49_306720","TGME49_306720-t26_1","N/A","N/A","N/A","N/A","N/A","N/A"
"TGME49_306730","TGME49_306730-t26_1","N/A","N/A","N/A","N/A","N/A","N/A"
"TGME49_306920","TGME49_306920.R3530","N/A","N/A","N/A","N/A","N/A","N/A"
"TGME49_307010","TGME49_307010.R3534","N/A","N/A","methyltransferase activity;protein binding","GO:0008168;GO:0005515","GO:0032259","methylation"
"TGME49_307030","TGME49_307030-t26_1","N/A","N/A","catalytic activity","GO:0003824","GO:0009116","nucleoside metabolic process"
"TGME49_307040","TGME49_307040.R3535","N/A","N/A","3-dehydroquinate dehydratase activity;3-dehydroquinate synthase activity;ATP binding;catalytic activity;purine-nucleoside phosphorylase activity;shikimate 3-dehydrogenase (NADP+) activity;shikimate kinase activity;transferase activity, transferring alkyl or aryl (other than methyl) groups","GO:0003855;GO:0003856;GO:0005524;GO:0003824;GO:0004731;GO:0004764;GO:0004765;GO:0016765","GO:0009073;GO:0009116;GO:0055114","aromatic amino acid family biosynthetic process;nucleoside metabolic process;obsolete oxidation-reduction process"
"TGME49_307045","TGME49_307045-t26_1","N/A","N/A","N/A","N/A","N/A","N/A"
"TGME49_307050","TGME49_307050-t26_1","N/A","N/A","N/A","N/A","N/A","N/A"
"TGME49_307060","TGME49_307060-t26_1","N/A","N/A","N/A","N/A","N/A","N/A"
"TGME49_307070","TGME49_307070-t26_1","N/A","N/A","N/A","N/A","N/A","N/A"
"TGME49_307080","TGME49_307080-t26_1","N/A","N/A","N/A","N/A","N/A","N/A"
"TGME49_307090","TGME49_307090-t26_1","N/A","N/A","N/A","N/A","N/A","N/A"
"TGME49_307260","TGME49_307260-t26_1","GO:0016020","membrane","N/A","N/A","N/A","N/A"
"TGME49_307270","TGME49_307270-t26_1","N/A","N/A","N/A","N/A","N/A","N/A"
"TGME49_307450","TGME49_307450-t26_1","N/A","N/A","N/A","N/A","N/A","N/A"
"TGME49_307460","TGME49_307460-t26_1","GO:0016020","membrane","N/A","N/A","N/A","N/A"
"TGME49_307470","TGME49_307470-t26_1","N/A","N/A","N/A","N/A","N/A","N/A"
"TGME49_307480","TGME49_307480-t26_1","GO:0016020","membrane","N/A","N/A","N/A","N/A"
"TGME49_307610","TGME49_307610-t26_1","GO:0005622;GO:0005739","intracellular anatomical structure;mitochondrion","protein binding;translation elongation factor activity","GO:0005515;GO:0003746","GO:0006414","translational elongation"
"TGME49_308010","TGME49_308010.R3540","N/A","N/A","N/A","N/A","N/A","N/A"
"TGME49_308020","TGME49_308020-t26_1","GO:0016020","membrane","N/A","N/A","N/A","N/A"
"TGME49_308090","TGME49_308090-t26_1","N/A","N/A","ATP binding;protein kinase activity","GO:0005524;GO:0004672","GO:0006468","protein phosphorylation"
"TGME49_308093","TGME49_308093-t26_1","N/A","N/A","ATP binding;protein kinase activity","GO:0005524;GO:0004672","GO:0006468","protein phosphorylation"
"TGME49_308096","TGME49_308096-t26_1","N/A","N/A","ATP binding;protein kinase activity","GO:0005524;GO:0004672","GO:0006468","protein phosphorylation"
"TGME49_308580","TGME49_308580-t26_1","N/A","N/A","ATP binding;ATP hydrolysis activity;ATP-dependent peptidase activity;serine-type endopeptidase activity","GO:0005524;GO:0016887;GO:0004176;GO:0004252","GO:0030163;GO:0006508","protein catabolic process;proteolysis"
"TGME49_308840","TGME49_308840.R3544","GO:0016020","membrane","N/A","N/A","N/A","N/A"
"TGME49_308860","TGME49_308860.R3545","N/A","N/A","N/A","N/A","N/A","N/A"
"TGME49_308890","TGME49_308890.R3547","N/A","N/A","N/A","N/A","GO:0006139;GO:0032968","nucleobase-containing compound metabolic process;positive regulation of transcription elongation from RNA polymerase II promoter"
"TGME49_308930","TGME49_308930-t26_1","GO:0005622;GO:1990904;GO:0005840","intracellular anatomical structure;ribonucleoprotein complex;ribosome","structural constituent of ribosome","GO:0003735","GO:0006412","translation"
"TGME49_308970","TGME49_308970.R3553","N/A","N/A","N/A","N/A","N/A","N/A"
"TGME49_309120","TGME49_309120.R3560","GO:0005840","ribosome","structural constituent of ribosome","GO:0003735","GO:0006412","translation"
"TGME49_309140","TGME49_309140-t26_1","GO:0005634","nucleus","protein binding;transcription corepressor activity","GO:0005515;GO:0003714","GO:0016575","histone deacetylation"
"TGME49_309190","TGME49_309190.R3563","N/A","N/A","N/A","N/A","N/A","N/A"
"TGME49_309250","TGME49_309250-t26_1","N/A","N/A","N/A","N/A","N/A","N/A"
"TGME49_309290","TGME49_309290-t26_1","N/A","N/A","5'-deoxynucleotidase activity;metal ion binding","GO:0002953;GO:0046872","N/A","N/A"
"TGME49_309370","TGME49_309370-t26_1","GO:0030123;GO:0030117","AP-3 adaptor complex;membrane coat","N/A","N/A","GO:0006886;GO:0015031;GO:0016192","intracellular protein transport;protein transport;vesicle-mediated transport"
"TGME49_309380","TGME49_309380-t26_1","GO:0031262;GO:0000775;GO:0000776","Ndc80 complex;chromosome, centromeric region;kinetochore","N/A","N/A","GO:0007049;GO:0051301;GO:0000278","cell cycle;cell division;mitotic cell cycle"
"TGME49_309390","TGME49_309390-t26_1","N/A","N/A","N/A","N/A","N/A","N/A"
"TGME49_309410","TGME49_309410-t26_1","N/A","N/A","N/A","N/A","N/A","N/A"
"TGME49_309420","TGME49_309420.R3569","GO:0016020","membrane","protein binding","GO:0005515","N/A","N/A"
"TGME49_309560","TGME49_309560.R3571","GO:0016020","membrane","N/A","N/A","N/A","N/A"
"TGME49_309590","TGME49_309590.R3572","N/A","N/A","N/A","N/A","N/A","N/A"
"TGME49_309600","TGME49_309600.R3573","N/A","N/A","N/A","N/A","N/A","N/A"
"TGME49_309760","TGME49_309760.R3575","N/A","N/A","N/A","N/A","N/A","N/A"
"TGME49_309790","TGME49_309790.R3576","N/A","N/A","N/A","N/A","N/A","N/A"
"TGME49_309810","TGME49_309810-t26_1","GO:0022625;GO:0005622;GO:0005840","cytosolic large ribosomal subunit;intracellular anatomical structure;ribosome","structural constituent of ribosome","GO:0003735","GO:0002182;GO:0006414","cytoplasmic translational elongation;translational elongation"
"TGME49_309820","TGME49_309820-t26_1","GO:0005622;GO:1990904;GO:0005840","intracellular anatomical structure;ribonucleoprotein complex;ribosome","structural constituent of ribosome","GO:0003735","GO:0006412","translation"
"TGME49_309920","TGME49_309920.R3584","N/A","N/A","N/A","N/A","N/A","N/A"
"TGME49_309930","TGME49_309930.R3585","N/A","N/A","alpha-galactosidase activity;hydrolase activity, hydrolyzing O-glycosyl compounds;raffinose alpha-galactosidase activity","GO:0004557;GO:0004553;GO:0052692","GO:0005975","carbohydrate metabolic process"
"TGME49_309990","TGME49_309990-t26_1","GO:0016020","membrane","N/A","N/A","N/A","N/A"
"TGME49_310010","TGME49_310010.R3589","GO:0016020","membrane","ATP binding;protein kinase activity;protein serine/threonine kinase activity","GO:0005524;GO:0004672;GO:0004674","GO:0016310","phosphorylation"
"TGME49_310030","TGME49_310030.R3590","N/A","N/A","actin binding","GO:0003779","GO:0007010","cytoskeleton organization"
"TGME49_310030","TGME49_310030.R3591","N/A","N/A","actin binding","GO:0003779","GO:0007010","cytoskeleton organization"
"TGME49_310070","TGME49_310070.R3593","GO:0005737","cytoplasm","S-adenosylmethionine-dependent methyltransferase activity;methyltransferase activity;thiopurine S-methyltransferase activity","GO:0008757;GO:0008168;GO:0008119","GO:0008152;GO:0032259","metabolic process;methylation"
"TGME49_310118","TGME49_310118.R3595","N/A","N/A","N/A","N/A","N/A","N/A"
"TGME49_310130","TGME49_310130.R3596","GO:0005737;GO:0005874;GO:0005815;GO:0000922","cytoplasm;microtubule;microtubule organizing center;spindle pole","gamma-tubulin binding","GO:0043015","GO:0000226;GO:0007020","microtubule cytoskeleton organization;microtubule nucleation"
"TGME49_310160","TGME49_310160-t26_1","N/A","N/A","nucleic acid binding;protein binding","GO:0003676;GO:0005515","N/A","N/A"
"TGME49_310180","TGME49_310180.R3600","N/A","N/A","N/A","N/A","N/A","N/A"
"TGME49_310220","TGME49_310220.R3602","N/A","N/A","GTP binding;GTPase activity","GO:0005525;GO:0003924","N/A","N/A"
"TGME49_310290","TGME49_310290-t26_1","N/A","N/A","N/A","N/A","N/A","N/A"
"TGME49_310300","TGME49_310300-t26_1","N/A","N/A","N/A","N/A","N/A","N/A"
"TGME49_310360","TGME49_310360-t26_1","GO:0016020","membrane","N/A","N/A","N/A","N/A"
"TGME49_310440","TGME49_310440-t26_1","N/A","N/A","histone-lysine N-methyltransferase activity;methyltransferase activity","GO:0018024;GO:0008168","GO:0032259","methylation"
"TGME49_310450","TGME49_310450.R3609","N/A","N/A","N/A","N/A","N/A","N/A"
"TGME49_310460","TGME49_310460-t26_1","GO:0005737;GO:0005622;GO:0005634","cytoplasm;intracellular anatomical structure;nucleus","GTP binding;GTPase activity","GO:0005525;GO:0003924","GO:0007264","small GTPase mediated signal transduction"
"TGME49_310490","TGME49_310490.R3611","GO:0015934;GO:0005840","large ribosomal subunit;ribosome","structural constituent of ribosome","GO:0003735","GO:0006412","translation"
"TGME49_310500","TGME49_310500-t26_1","N/A","N/A","N/A","N/A","N/A","N/A"
"TGME49_310610","TGME49_310610-t26_1","N/A","N/A","N/A","N/A","N/A","N/A"
"TGME49_310640","TGME49_310640.R3618","N/A","N/A","catalytic activity;purine-nucleoside phosphorylase activity","GO:0003824;GO:0004731","GO:0009116","nucleoside metabolic process"
"TGME49_310670","TGME49_310670.R3619","N/A","N/A","1,4-alpha-oligoglucan phosphorylase activity;SHG alpha-glucan phosphorylase activity;glycogen phosphorylase activity;linear malto-oligosaccharide phosphorylase activity;pyridoxal phosphate binding","GO:0004645;GO:0102499;GO:0008184;GO:0102250;GO:0030170","GO:0005975","carbohydrate metabolic process"
"TGME49_310700","TGME49_310700-t26_1","N/A","N/A","hydrolase activity;myosin phosphatase activity;phosphoprotein phosphatase activity","GO:0016787;GO:0017018;GO:0004721","N/A","N/A"
"TGME49_310730","TGME49_310730.R3621","N/A","N/A","N/A","N/A","N/A","N/A"
"TGME49_310760","TGME49_310760-t26_1","GO:0016020","membrane","catalytic activity;cation binding;metal ion binding;myosin phosphatase activity;phosphoprotein phosphatase activity;protein serine/threonine phosphatase activity","GO:0003824;GO:0043169;GO:0046872;GO:0017018;GO:0004721;GO:0004722","GO:0006470","protein dephosphorylation"
"TGME49_310770","TGME49_310770.R3622","N/A","N/A","N/A","N/A","N/A","N/A"
"TGME49_310780","TGME49_310780-t26_1","N/A","N/A","N/A","N/A","N/A","N/A"
"TGME49_310790","TGME49_310790.R3623","N/A","N/A","N/A","N/A","N/A","N/A"
"TGME49_310900","TGME49_310900.R3626","GO:0005634","nucleus","DNA binding;DNA-binding transcription factor activity","GO:0003677;GO:0003700","GO:0006355","regulation of transcription, DNA-templated"
"TGME49_310930","TGME49_310930.R3628","N/A","N/A","N/A","N/A","N/A","N/A"
"TGME49_310950","TGME49_310950-t26_1","GO:0005634","nucleus","DNA binding;DNA-binding transcription factor activity","GO:0003677;GO:0003700","GO:0006355","regulation of transcription, DNA-templated"
"TGME49_311090","TGME49_311090-t26_1","N/A","N/A","obsolete ubiquitin thiolesterase activity;protein binding;thiol-dependent deubiquitinase","GO:0004221;GO:0005515;GO:0004843","GO:0043161;GO:0016579;GO:0006511","proteasome-mediated ubiquitin-dependent protein catabolic process;protein deubiquitination;ubiquitin-dependent protein catabolic process"
"TGME49_311100","TGME49_311100.R3634","N/A","N/A","mRNA binding;metal ion binding;nucleic acid binding;zinc ion binding","GO:0003729;GO:0046872;GO:0003676;GO:0008270","N/A","N/A"
"TGME49_311110","TGME49_311110-t26_1","N/A","N/A","N/A","N/A","GO:0071569","protein ufmylation"
"TGME49_311230","TGME49_311230.R3639","GO:0016020","membrane","N/A","N/A","N/A","N/A"
"TGME49_311240","TGME49_311240-t26_1","N/A","N/A","ATP binding;Hsp70 protein binding;heat shock protein binding;metal ion binding;unfolded protein binding","GO:0005524;GO:0030544;GO:0031072;GO:0046872;GO:0051082","GO:0006457;GO:0009408","protein folding;response to heat"
"TGME49_311260","TGME49_311260-t26_1","N/A","N/A","calcium ion binding","GO:0005509","N/A","N/A"
"TGME49_311300","TGME49_311300.R3640","N/A","N/A","cGMP-dependent protein kinase activity","GO:0004692","N/A","N/A"
"TGME49_311310","TGME49_311310-t26_1","N/A","N/A","calmodulin binding;calmodulin-dependent protein phosphatase activity;hydrolase activity;myosin phosphatase activity;phosphoprotein phosphatase activity","GO:0005516;GO:0033192;GO:0016787;GO:0017018;GO:0004721","GO:0097720","calcineurin-mediated signaling"
"TGME49_311320","TGME49_311320.R3641","N/A","N/A","N/A","N/A","N/A","N/A"
"TGME49_311360","TGME49_311360.R3643","N/A","N/A","ATP binding;cGMP binding;cGMP-dependent protein kinase activity;metal ion binding;protein kinase activity;protein serine kinase activity;protein serine/threonine kinase activity","GO:0005524;GO:0030553;GO:0004692;GO:0046872;GO:0004672;GO:0106310;GO:0004674","GO:0006468","protein phosphorylation"
"TGME49_311360","TGME49_311360.R3644","N/A","N/A","ATP binding;cGMP-dependent protein kinase activity;protein kinase activity;protein serine/threonine kinase activity","GO:0005524;GO:0004692;GO:0004672;GO:0004674","GO:0006468","protein phosphorylation"
"TGME49_311470","TGME49_311470.R3650","N/A","N/A","N/A","N/A","N/A","N/A"
"TGME49_311480","TGME49_311480.R3651","N/A","N/A","N/A","N/A","N/A","N/A"
"TGME49_311510","TGME49_311510-t26_1","N/A","N/A","ATP binding;cyclin-dependent protein serine/threonine kinase activity;protein kinase activity","GO:0005524;GO:0004693;GO:0004672","GO:0006468","protein phosphorylation"
"TGME49_311670","TGME49_311670-t26_1","N/A","N/A","N/A","N/A","N/A","N/A"
"TGME49_311720","TGME49_311720-t26_1","GO:0005783","endoplasmic reticulum","ATP binding;ATP hydrolysis activity;ATP-dependent protein folding chaperone;hydrolase activity","GO:0005524;GO:0016887;GO:0140662;GO:0016787","GO:0000902","cell morphogenesis"
"TGME49_311770","TGME49_311770.R3655","N/A","N/A","N/A","N/A","N/A","N/A"
"TGME49_311880","TGME49_311880-t26_1","N/A","N/A","N/A","N/A","N/A","N/A"
"TGME49_312090","TGME49_312090-t26_1","GO:1990904;GO:0005840","ribonucleoprotein complex;ribosome","structural constituent of ribosome","GO:0003735","GO:0006412","translation"
"TGME49_312100","TGME49_312100.R3662","GO:0016020","membrane","ATP binding;ATP hydrolysis activity;P-type calcium transporter activity;catalytic activity;metal ion binding;nucleotide binding;transporter activity","GO:0005524;GO:0016887;GO:0005388;GO:0003824;GO:0046872;GO:0000166;GO:0005215","GO:0008152","metabolic process"
"TGME49_312110","TGME49_312110.R3663","N/A","N/A","antioxidant activity;oxidoreductase activity;protein-disulfide reductase (NAD(P)) activity","GO:0016209;GO:0016491;GO:0047134","GO:0045454;GO:0055114","cell redox homeostasis;obsolete oxidation-reduction process"
"TGME49_312150","TGME49_312150-t26_1","GO:0016020","membrane","N/A","N/A","N/A","N/A"
"TGME49_312200","TGME49_312200.R3665","GO:0005737","cytoplasm","hydrolase activity;myosin phosphatase activity;phosphoprotein phosphatase activity;protein binding","GO:0016787;GO:0017018;GO:0004721;GO:0005515","N/A","N/A"
"TGME49_312270","TGME49_312270-t26_1","N/A","N/A","N/A","N/A","N/A","N/A"
"TGME49_312330","TGME49_312330.R3667","N/A","N/A","N/A","N/A","N/A","N/A"
"TGME49_312350","TGME49_312350-t26_1","GO:0005737","cytoplasm","protein binding","GO:0005515","GO:0006417","regulation of translation"
"TGME49_312390","TGME49_312390-t26_1","N/A","N/A","N/A","N/A","N/A","N/A"
"TGME49_312420","TGME49_312420.R3670","N/A","N/A","N/A","N/A","N/A","N/A"
"TGME49_312480","TGME49_312480-t26_1","N/A","N/A","uracil phosphoribosyltransferase activity","GO:0004845","N/A","N/A"
"TGME49_312510","TGME49_312510.R3673","GO:0005634","nucleus","ATP binding;DNA binding;DNA helicase activity;helicase activity;hydrolase activity;hydrolase activity, acting on acid anhydrides","GO:0005524;GO:0003677;GO:0003678;GO:0004386;GO:0016787;GO:0016817","GO:0006310;GO:0006303","DNA recombination;double-strand break repair via nonhomologous end joining"
"TGME49_312570","TGME49_312570.R3675","N/A","N/A","ATP binding;MAP kinase activity;protein kinase activity;tau-protein kinase activity","GO:0005524;GO:0004707;GO:0004672;GO:0050321","GO:0006468","protein phosphorylation"
"TGME49_312590","TGME49_312590-t26_1","N/A","N/A","N/A","N/A","N/A","N/A"
"TGME49_312630","TGME49_312630.R3676","N/A","N/A","protein binding","GO:0005515","N/A","N/A"
"TGME49_312680","TGME49_312680.R3681","GO:0005762","mitochondrial large ribosomal subunit","structural constituent of ribosome","GO:0003735","N/A","N/A"
"TGME49_312860","TGME49_312860.R3682","GO:0016020","membrane","N/A","N/A","N/A","N/A"
"TGME49_312940","TGME49_312940.R3684","GO:0016020","membrane","N/A","N/A","N/A","N/A"
"TGME49_313080","TGME49_313080-t26_1","GO:0016020","membrane","N/A","N/A","N/A","N/A"
"TGME49_313140","TGME49_313140.R3691","N/A","N/A","NAD binding;isocitrate dehydrogenase (NADP+) activity;magnesium ion binding;oxidoreductase activity, acting on the CH-OH group of donors, NAD or NADP as acceptor","GO:0051287;GO:0004450;GO:0000287;GO:0016616","GO:0006102;GO:0055114","isocitrate metabolic process;obsolete oxidation-reduction process"
"TGME49_313160","TGME49_313160-t26_1","N/A","N/A","N/A","N/A","N/A","N/A"
"TGME49_313180","TGME49_313180.R3693","N/A","N/A","ATP binding;protein kinase activity;protein serine kinase activity;protein serine/threonine kinase activity;protein serine/threonine/tyrosine kinase activity","GO:0005524;GO:0004672;GO:0106310;GO:0004674;GO:0004712","GO:0045292;GO:0006468","mRNA cis splicing, via spliceosome;protein phosphorylation"
"TGME49_313230","TGME49_313230-t26_1","GO:0110165;GO:0005850","cellular anatomical entity;eukaryotic translation initiation factor 2 complex","RNA binding;nucleic acid binding;translation initiation factor activity","GO:0003723;GO:0003676;GO:0003743","N/A","N/A"
"TGME49_313290","TGME49_313290.R3697","N/A","N/A","histone-lysine N-methyltransferase activity;methyltransferase activity","GO:0018024;GO:0008168","GO:0032259","methylation"
"TGME49_313330","TGME49_313330.R3700","GO:0016020","membrane","ATP binding;calmodulin-dependent protein kinase activity;protein kinase activity","GO:0005524;GO:0004683;GO:0004672","GO:0006468","protein phosphorylation"
"TGME49_313370","TGME49_313370.R3701","N/A","N/A","protein binding","GO:0005515","N/A","N/A"
"TGME49_313380","TGME49_313380.R3702","N/A","N/A","N/A","N/A","N/A","N/A"
"TGME49_313390","TGME49_313390.R3703","GO:0005622;GO:0005840","intracellular anatomical structure;ribosome","structural constituent of ribosome","GO:0003735","GO:0006412","translation"
"TGME49_313430","TGME49_313430.R3705","GO:0005643","nuclear pore","N/A","N/A","N/A","N/A"
"TGME49_313440","TGME49_313440.R3706","N/A","N/A","N/A","N/A","N/A","N/A"
"TGME49_313450","TGME49_313450-t26_1","GO:0030122","AP-2 adaptor complex","clathrin adaptor activity","GO:0035615","GO:0072583;GO:0006886;GO:0015031;GO:0016192","clathrin-dependent endocytosis;intracellular protein transport;protein transport;vesicle-mediated transport"
"TGME49_313480","TGME49_313480.R3709","N/A","N/A","N/A","N/A","N/A","N/A"
"TGME49_313590","TGME49_313590.R3714","N/A","N/A","N/A","N/A","N/A","N/A"
"TGME49_313670","TGME49_313670.R3718","GO:0030121;GO:0005794;GO:0030131;GO:0030117","AP-1 adaptor complex;Golgi apparatus;clathrin adaptor complex;membrane coat","N/A","N/A","GO:0006886;GO:0016192","intracellular protein transport;vesicle-mediated transport"
"TGME49_313700","TGME49_313700-t26_1","N/A","N/A","N/A","N/A","N/A","N/A"
"TGME49_313780","TGME49_313780-t26_1","N/A","N/A","N/A","N/A","N/A","N/A"
"TGME49_313930","TGME49_313930.R3727","GO:0016020","membrane","N/A","N/A","N/A","N/A"
"TGME49_313960","TGME49_313960-t26_1","GO:0005622;GO:0005840","intracellular anatomical structure;ribosome","structural constituent of ribosome","GO:0003735","GO:0006412","translation"
"TGME49_314090","TGME49_314090-t26_1","GO:0005839;GO:0019774","proteasome core complex;proteasome core complex, beta-subunit complex","hydrolase activity;threonine-type endopeptidase activity","GO:0016787;GO:0004298","GO:0043161;GO:0051603","proteasome-mediated ubiquitin-dependent protein catabolic process;proteolysis involved in cellular protein catabolic process"
"TGME49_314250","TGME49_314250-t26_1","N/A","N/A","N/A","N/A","N/A","N/A"
"TGME49_314295","TGME49_314295.R3736","N/A","N/A","N/A","N/A","GO:0006412","translation"
"TGME49_314418","TGME49_314418.R3741","GO:0030117","membrane coat","N/A","N/A","GO:0006886;GO:0015031;GO:0016192","intracellular protein transport;protein transport;vesicle-mediated transport"
"TGME49_314500","TGME49_314500-t26_1","GO:0016020","membrane","serine-type endopeptidase activity;serine-type peptidase activity","GO:0004252;GO:0008236","GO:0006508","proteolysis"
"TGME49_314810","TGME49_314810.R3749","GO:0022625;GO:0005840","cytosolic large ribosomal subunit;ribosome","structural constituent of ribosome","GO:0003735","GO:0000463;GO:0006412","maturation of LSU-rRNA from tricistronic rRNA transcript (SSU-rRNA, 5.8S rRNA, LSU-rRNA);translation"
"TGME49_314820","TGME49_314820-t26_1","GO:0000275","mitochondrial proton-transporting ATP synthase complex, catalytic sector F(1)","proton-transporting ATP synthase activity, rotational mechanism;proton-transporting ATPase activity, rotational mechanism","GO:0046933;GO:0046961","GO:0015986","ATP synthesis coupled proton transport"
"TGME49_314890","TGME49_314890.R3751","N/A","N/A","ATP binding;catalytic activity;ubiquitin-like modifier activating enzyme activity","GO:0005524;GO:0003824;GO:0008641","GO:0006464","cellular protein modification process"
"TGME49_315150","TGME49_315150-t26_1","GO:0005737","cytoplasm","RNA binding;translation initiation factor activity","GO:0003723;GO:0003743","GO:0006413","translational initiation"
"TGME49_315160","TGME49_315160.R3756","N/A","N/A","N/A","N/A","N/A","N/A"
"TGME49_315160","TGME49_315160.R3757","N/A","N/A","N/A","N/A","N/A","N/A"
"TGME49_315220","TGME49_315220-t26_1","GO:0005789","endoplasmic reticulum membrane","hydrolase activity","GO:0016787","GO:0051604","protein maturation"
"TGME49_315350","TGME49_315350-t26_1","N/A","N/A","N/A","N/A","GO:0015031;GO:0007034","protein transport;vacuolar transport"
"TGME49_315490","TGME49_315490.R3773","N/A","N/A","N/A","N/A","N/A","N/A"
"TGME49_315510","TGME49_315510.R3775","N/A","N/A","N/A","N/A","N/A","N/A"
"TGME49_315520","TGME49_315520.R3776","GO:0016020","membrane","calcium ion binding","GO:0005509","N/A","N/A"
"TGME49_315730","TGME49_315730-t26_1","GO:0016020","membrane","N/A","N/A","GO:0009405","obsolete pathogenesis"
"TGME49_315750","TGME49_315750.R3787","N/A","N/A","N/A","N/A","N/A","N/A"
"TGME49_315760","TGME49_315760-t26_1","GO:0005634","nucleus","DNA binding;DNA-binding transcription factor activity","GO:0003677;GO:0003700","GO:0006355","regulation of transcription, DNA-templated"
"TGME49_315780","TGME49_315780.R3789","N/A","N/A","calcium ion binding","GO:0005509","N/A","N/A"
"TGME49_315885","TGME49_315885.R3791","N/A","N/A","Skp1-protein-hydroxyproline N-acetylglucosaminyltransferase activity","GO:0033830","N/A","N/A"
"TGME49_315950","TGME49_315950.R3796","N/A","N/A","N/A","N/A","N/A","N/A"
"TGME49_316150","TGME49_316150-t26_1","N/A","N/A","ATP binding;myosin light chain kinase activity;protein kinase activity;protein serine/threonine kinase activity","GO:0005524;GO:0004687;GO:0004672;GO:0004674","GO:0006914;GO:0006468","autophagy;protein phosphorylation"
"TGME49_316250","TGME49_316250.R3800","N/A","N/A","N/A","N/A","N/A","N/A"
"TGME49_316280","TGME49_316280.R3804","GO:0016021;GO:0016020","integral component of membrane;membrane","transmembrane transporter activity","GO:0022857","GO:0055085","transmembrane transport"
"TGME49_316330","TGME49_316330-t26_1","N/A","N/A","metal ion binding;superoxide dismutase activity","GO:0046872;GO:0004784","GO:0055114;GO:0006801","obsolete oxidation-reduction process;superoxide metabolic process"
"TGME49_316340","TGME49_316340.R3807","N/A","N/A","N/A","N/A","N/A","N/A"
"TGME49_316400","TGME49_316400-t26_1","GO:0005874;GO:0032991","microtubule;protein-containing complex","GTP binding;GTPase activity;hydrolase activity;structural constituent of cytoskeleton","GO:0005525;GO:0003924;GO:0016787;GO:0005200","GO:0007017;GO:0006184;GO:0051258","microtubule-based process;obsolete GTP catabolic process;protein polymerization"
"TGME49_316520","TGME49_316520.R3810","N/A","N/A","1,4-alpha-glucan branching enzyme activity;1,4-alpha-glucan branching enzyme activity (using a glucosylated glycogenin as primer for glycogen synthesis);catalytic activity;cation binding;hydrolase activity, hydrolyzing O-glycosyl compounds","GO:0003844;GO:0102752;GO:0003824;GO:0043169;GO:0004553","GO:0005975;GO:0005978","carbohydrate metabolic process;glycogen biosynthetic process"
"TGME49_316530","TGME49_316530.R3811","N/A","N/A","N/A","N/A","N/A","N/A"
"TGME49_316540","TGME49_316540.R3812","N/A","N/A","N/A","N/A","N/A","N/A"
"TGME49_316620","TGME49_316620.R3816","N/A","N/A","anaphase-promoting complex binding;protein binding;ubiquitin-protein transferase activator activity","GO:0010997;GO:0005515;GO:0097027","GO:1904668","positive regulation of ubiquitin protein ligase activity"
"TGME49_316760","TGME49_316760-t26_1","N/A","N/A","N/A","N/A","N/A","N/A"
"TGME49_316890","TGME49_316890.R3818","N/A","N/A","N/A","N/A","N/A","N/A"
"TGME49_317705","TGME49_317705-t26_1","N/A","N/A","catalytic activity;enoyl-CoA hydratase activity;isomerase activity","GO:0003824;GO:0004300;GO:0016853","GO:0008152","metabolic process"
"TGME49_317720","TGME49_317720-t26_1","GO:0005737;GO:0005852","cytoplasm;eukaryotic translation initiation factor 3 complex","RNA binding;translation initiation factor activity","GO:0003723;GO:0003743","GO:0006413","translational initiation"
"TGME49_317820","TGME49_317820-t26_1","N/A","N/A","N/A","N/A","N/A","N/A"
"TGME49_317830","TGME49_317830-t26_1","N/A","N/A","N/A","N/A","N/A","N/A"
"TGME49_318150","TGME49_318150.R3821","GO:0016021;GO:0016020","integral component of membrane;membrane","transmembrane transporter activity","GO:0022857","GO:0055085","transmembrane transport"
"TGME49_318260","TGME49_318260-t26_1","GO:0005634","nucleus","protein binding;translation initiation factor activity","GO:0005515;GO:0003743","GO:0006355","regulation of transcription, DNA-templated"
"TGME49_318330","TGME49_318330-t26_1","GO:0005634","nucleus","acyltransferase activity, transferring groups other than amino-acyl groups;histone acetyltransferase activity","GO:0016747;GO:0004402","GO:0016573;GO:0006355","histone acetylation;regulation of transcription, DNA-templated"
"TGME49_318340","TGME49_318340.R3827","N/A","N/A","N/A","N/A","N/A","N/A"
"TGME49_318350","TGME49_318350.R3828","N/A","N/A","RNA binding","GO:0003723","N/A","N/A"
"TGME49_318420","TGME49_318420-t26_1","GO:0005737;GO:0005622;GO:1990904;GO:0005840","cytoplasm;intracellular anatomical structure;ribonucleoprotein complex;ribosome","structural constituent of ribosome","GO:0003735","GO:0006412","translation"
"TGME49_318470","TGME49_318470-t26_1","N/A","N/A","N/A","N/A","N/A","N/A"
"TGME49_318610","TGME49_318610.R3839","GO:0005634","nucleus","DNA binding;DNA-binding transcription factor activity","GO:0003677;GO:0003700","GO:0006355","regulation of transcription, DNA-templated"
"TGME49_318660","TGME49_318660.R3841","GO:0016020","membrane","catalytic activity;cation binding;metal ion binding;myosin phosphatase activity;phosphoprotein phosphatase activity;protein serine/threonine phosphatase activity","GO:0003824;GO:0043169;GO:0046872;GO:0017018;GO:0004721;GO:0004722","GO:0006470","protein dephosphorylation"
"TGME49_318700","TGME49_318700.R3843","GO:0005737;GO:0005730","cytoplasm;nucleolus","ribosomal large subunit binding;ribosome binding;translation initiation factor activity","GO:0043023;GO:0043022;GO:0003743","GO:0042256;GO:0042273","mature ribosome assembly;ribosomal large subunit biogenesis"
"TGME49_318730","TGME49_318730-t26_1","GO:0005794;GO:0016020","Golgi apparatus;membrane","carbohydrate binding;glycosyltransferase activity;polypeptide N-acetylgalactosaminyltransferase activity","GO:0030246;GO:0016757;GO:0004653","GO:0005975","carbohydrate metabolic process"
"TGME49_318750","TGME49_318750-t26_1","GO:0005737","cytoplasm","deoxyribose-phosphate aldolase activity;lyase activity","GO:0004139;GO:0016829","GO:0009264;GO:0046386","deoxyribonucleotide catabolic process;deoxyribose phosphate catabolic process"
"TGME49_319340","TGME49_319340.R3846","N/A","N/A","N/A","N/A","N/A","N/A"
"TGME49_319560","TGME49_319560.R3851","N/A","N/A","N/A","N/A","N/A","N/A"
"TGME49_319600","TGME49_319600-t26_1","GO:0005874","microtubule","tubulin N-acetyltransferase activity","GO:0019799","GO:0071929;GO:0070507","alpha-tubulin acetylation;regulation of microtubule cytoskeleton organization"
"TGME49_319610","TGME49_319610-t26_1","N/A","N/A","ATP binding;RNA polymerase II CTD heptapeptide repeat kinase activity;protein binding;protein kinase activity","GO:0005524;GO:0008353;GO:0005515;GO:0004672","GO:0006468","protein phosphorylation"
"TGME49_319710","TGME49_319710.R3856","N/A","N/A","ATP binding;microtubule binding;microtubule motor activity","GO:0005524;GO:0008017;GO:0003777","GO:0007018","microtubule-based movement"
"TGME49_319880","TGME49_319880-t26_1","N/A","N/A","N/A","N/A","N/A","N/A"
"TGME49_319900","TGME49_319900.R3861","N/A","N/A","N/A","N/A","N/A","N/A"
"TGME49_319940","TGME49_319940.R3864","GO:0031201","SNARE complex","SNAP receptor activity","GO:0005484","N/A","N/A"
"TGME49_319970","TGME49_319970.R3866","N/A","N/A","serine-type endopeptidase activity;serine-type peptidase activity","GO:0004252;GO:0008236","GO:0006508","proteolysis"
"TGME49_320000","TGME49_320000-t26_1","N/A","N/A","ATP binding;protein kinase activity","GO:0005524;GO:0004672","GO:0006468","protein phosphorylation"
"TGME49_320005","TGME49_320005-t26_1","N/A","N/A","N/A","N/A","N/A","N/A"
"TGME49_320020","TGME49_320020.R3868","GO:0016021;GO:0016020","integral component of membrane;membrane","transmembrane transporter activity","GO:0022857","GO:0055085","transmembrane transport"
"TGME49_320030","TGME49_320030-t26_1","N/A","N/A","N/A","N/A","N/A","N/A"
"TGME49_320050","TGME49_320050.R3869","GO:0005737;GO:0005622;GO:1990904;GO:0005840","cytoplasm;intracellular anatomical structure;ribonucleoprotein complex;ribosome","5S rRNA binding;structural constituent of ribosome","GO:0008097;GO:0003735","GO:0006412","translation"
"TGME49_320170","TGME49_320170-t26_1","GO:0016020","membrane","N/A","N/A","N/A","N/A"
"TGME49_320180","TGME49_320180-t26_1","GO:0016020","membrane","N/A","N/A","N/A","N/A"
"TGME49_320190","TGME49_320190-t26_1","GO:0016020","membrane","N/A","N/A","N/A","N/A"
"TGME49_320480","TGME49_320480-t26_1","GO:0005737;GO:0005622;GO:0005634","cytoplasm;intracellular anatomical structure;nucleus","GTP binding;GTPase activity","GO:0005525;GO:0003924","GO:0007264","small GTPase mediated signal transduction"
"TGME49_320490","TGME49_320490.R3878","GO:0016020","membrane","N/A","N/A","N/A","N/A"
"TGME49_320550","TGME49_320550.R3882","N/A","N/A","N/A","N/A","GO:0016197","endosomal transport"
"TGME49_320630","TGME49_320630-t26_1","N/A","N/A","ethanolamine kinase activity;phosphotransferase activity, alcohol group as acceptor","GO:0004305;GO:0016773","N/A","N/A"
"TGME49_320680","TGME49_320680-t26_1","N/A","N/A","N/A","N/A","N/A","N/A"
"TGME49_320700","TGME49_320700-t26_1","GO:0005634","nucleus","DNA binding;DNA-binding transcription factor activity","GO:0003677;GO:0003700","GO:0006355","regulation of transcription, DNA-templated"
"TGME49_320740","TGME49_320740.R3889","N/A","N/A","N/A","N/A","N/A","N/A"
"TGME49_320770","TGME49_320770-t26_1","N/A","N/A","N/A","N/A","N/A","N/A"
"TGME49_320780","TGME49_320780-t26_1","N/A","N/A","N/A","N/A","N/A","N/A"
"TGME49_321170","TGME49_321170-t26_1","GO:0016020","membrane","N/A","N/A","N/A","N/A"
"TGME49_321310","TGME49_321310-t26_1","GO:0005737;GO:0005840","cytoplasm;ribosome","ribosome binding","GO:0043022","GO:0006364","rRNA processing"
"TGME49_321340","TGME49_321340.R3891","GO:0016020","membrane","N/A","N/A","N/A","N/A"
"TGME49_321440","TGME49_321440-t26_1","GO:0005634","nucleus","ATP binding;ATP-dependent chromatin remodeler activity;DNA binding;helicase activity;hydrolase activity;hydrolase activity, acting on acid anhydrides, in phosphorus-containing anhydrides;nucleic acid binding;nucleosome binding","GO:0005524;GO:0140658;GO:0003677;GO:0004386;GO:0016787;GO:0016818;GO:0003676;GO:0031491","GO:0006338","chromatin remodeling"
"TGME49_321520","TGME49_321520-t26_1","N/A","N/A","Hsp90 protein binding","GO:0051879","N/A","N/A"
"TGME49_321530","TGME49_321530-t26_1","GO:0016020","membrane","cysteine-type endopeptidase activity;cysteine-type peptidase activity","GO:0004197;GO:0008234","GO:0006508","proteolysis"
"TGME49_321570","TGME49_321570.R3896","N/A","N/A","N/A","N/A","N/A","N/A"
"TGME49_321640","TGME49_321640.R3898","GO:0016020","membrane","ATP binding;ATP hydrolysis activity;four-way junction helicase activity;microtubule-severing ATPase activity","GO:0005524;GO:0016887;GO:0009378;GO:0008568","GO:0006310;GO:0006281;GO:0051301","DNA recombination;DNA repair;cell division"
"TGME49_321650","TGME49_321650.R3899","GO:0016020","membrane","ATP binding;protein kinase activity","GO:0005524;GO:0004672","GO:0006468","protein phosphorylation"
"TGME49_321700","TGME49_321700-t26_1","N/A","N/A","N/A","N/A","N/A","N/A"
"TGME49_321710","TGME49_321710-t26_1","N/A","N/A","N/A","N/A","N/A","N/A"
"TGME49_322000","TGME49_322000-t26_1","N/A","N/A","ATP binding;myosin light chain kinase activity;protein kinase activity","GO:0005524;GO:0004687;GO:0004672","GO:0006468","protein phosphorylation"
"TGME49_322010","TGME49_322010-t26_1","N/A","N/A","ATP binding;myosin light chain kinase activity;protein kinase activity","GO:0005524;GO:0004687;GO:0004672","GO:0006468","protein phosphorylation"
"TGME49_322100","TGME49_322100-t26_1","N/A","N/A","ATP binding;myosin light chain kinase activity;protein kinase activity","GO:0005524;GO:0004687;GO:0004672","GO:0006468","protein phosphorylation"
"TGME49_322120","TGME49_322120-t26_1","N/A","N/A","ATP binding;protein kinase activity","GO:0005524;GO:0004672","GO:0006468","protein phosphorylation"
"TGME49_323300","TGME49_323300-t26_1","N/A","N/A","ATP binding;myosin light chain kinase activity;protein kinase activity","GO:0005524;GO:0004687;GO:0004672","GO:0006468","protein phosphorylation"
"TGME49_323320","TGME49_323320-t26_1","N/A","N/A","N/A","N/A","N/A","N/A"
"TGME49_329100","TGME49_329100-t26_1","GO:0016020","membrane","N/A","N/A","N/A","N/A"
"TGME49_329400","TGME49_329400-t26_1","GO:0016020","membrane","N/A","N/A","N/A","N/A"
"TGME49_500004","TGME49_500004.R7","N/A","N/A","N/A","N/A","GO:0006508","proteolysis"
"TGME49_500036","TGME49_500036.R39","N/A","N/A","RNA binding;nucleic acid binding","GO:0003723;GO:0003676","N/A","N/A"
"TGME49_500042","TGME49_500042.R342","N/A","N/A","N/A","N/A","N/A","N/A"
"TGME49_500053","TGME49_500053.R354","GO:0005622","intracellular anatomical structure","acid-amino acid ligase activity","GO:0016881","GO:0006464","cellular protein modification process"
"TGME49_500058","TGME49_500058.R359","N/A","N/A","protein binding","GO:0005515","N/A","N/A"
"TGME49_500061","TGME49_500061.R362","GO:0005576","extracellular region","protein binding","GO:0005515","GO:0006508","proteolysis"
"TGME49_500067","TGME49_500067.R368","N/A","N/A","N/A","N/A","N/A","N/A"
"TGME49_500076","TGME49_500076.R377","GO:0005874;GO:0032991","microtubule;protein-containing complex","GTP binding","GO:0005525","GO:0007017;GO:0051258","microtubule-based process;protein polymerization"
"TGME49_500080","TGME49_500080.R381","N/A","N/A","ATP binding;microtubule binding;microtubule motor activity","GO:0005524;GO:0008017;GO:0003777","GO:0007018","microtubule-based movement"
"TGME49_500098","TGME49_500098.R399","N/A","N/A","N/A","N/A","N/A","N/A"
"TGME49_500108","TGME49_500108.R409","N/A","N/A","N/A","N/A","N/A","N/A"
"TGME49_500113","TGME49_500113.R414","N/A","N/A","protein binding","GO:0005515","N/A","N/A"
"TGME49_500113","TGME49_500113.R415","N/A","N/A","protein binding","GO:0005515","N/A","N/A"
"TGME49_500131","TGME49_500131.R433","N/A","N/A","N/A","N/A","N/A","N/A"
"TGME49_500147","TGME49_500147.R151","GO:0016020","membrane","nucleoside transmembrane transporter activity","GO:0005337","GO:1901642","nucleoside transmembrane transport"
"TGME49_500153","TGME49_500153.R157","N/A","N/A","protein binding","GO:0005515","N/A","N/A"
"TGME49_500174","TGME49_500174.R178","N/A","N/A","N/A","N/A","N/A","N/A"
"TGME49_500177","TGME49_500177.R181","N/A","N/A","N/A","N/A","N/A","N/A"
"TGME49_500179","TGME49_500179.R183","N/A","N/A","1-phosphatidylinositol-3-phosphate 5-kinase activity;ATP binding;metal ion binding;phosphatidylinositol kinase activity;phosphatidylinositol phosphate kinase activity","GO:0000285;GO:0005524;GO:0046872;GO:0052742;GO:0016307","GO:0044267;GO:0046488","cellular protein metabolic process;phosphatidylinositol metabolic process"
"TGME49_500193","TGME49_500193.R197","N/A","N/A","N/A","N/A","GO:0006508","proteolysis"
"TGME49_500200","TGME49_500200.R204","N/A","N/A","sequence-specific DNA binding","GO:0043565","N/A","N/A"
"TGME49_500200","TGME49_500200.R205","N/A","N/A","protein binding","GO:0005515","N/A","N/A"
"TGME49_500221","TGME49_500221.R226","GO:0005622;GO:0005840","intracellular anatomical structure;ribosome","cyclin-dependent protein serine/threonine kinase regulator activity;structural constituent of ribosome","GO:0016538;GO:0003735","GO:0007049;GO:0006412","cell cycle;translation"
"TGME49_500222","TGME49_500222.R227","N/A","N/A","protein binding","GO:0005515","N/A","N/A"
"TGME49_500225","TGME49_500225.R231","N/A","N/A","phosphoprotein phosphatase activity","GO:0004721","N/A","N/A"
"TGME49_500228","TGME49_500228.R234","GO:0005622;GO:0005840","intracellular anatomical structure;ribosome","cyclin-dependent protein serine/threonine kinase regulator activity;structural constituent of ribosome","GO:0016538;GO:0003735","GO:0007049;GO:0006412","cell cycle;translation"
"TGME49_500245","TGME49_500245.R251","N/A","N/A","N/A","N/A","N/A","N/A"
"TGME49_500252","TGME49_500252.R41","N/A","N/A","DNA-binding transcription factor activity","GO:0003700","GO:0006355","regulation of transcription, DNA-templated"
"TGME49_500295","TGME49_500295.R84","N/A","N/A","N/A","N/A","N/A","N/A"
"TGME49_500300","TGME49_500300.R89","N/A","N/A","nucleic acid binding","GO:0003676","N/A","N/A"
"TGME49_500302","TGME49_500302.R91","N/A","N/A","metal ion binding;metalloendopeptidase activity;porphobilinogen synthase activity;zinc ion binding","GO:0046872;GO:0004222;GO:0004655;GO:0008270","GO:0006508;GO:0033014","proteolysis;tetrapyrrole biosynthetic process"
"TGME49_500302","TGME49_500302.R92","N/A","N/A","metal ion binding;porphobilinogen synthase activity","GO:0046872;GO:0004655","GO:0006782;GO:0033014","protoporphyrinogen IX biosynthetic process;tetrapyrrole biosynthetic process"
"TGME49_500308","TGME49_500308.R98","N/A","N/A","phosphatidate cytidylyltransferase activity","GO:0004605","GO:0032049","cardiolipin biosynthetic process"
"TGME49_500314","TGME49_500314.R104","N/A","N/A","phosphoprotein phosphatase activity","GO:0004721","N/A","N/A"
"TGME49_500331","TGME49_500331.R121","N/A","N/A","N/A","N/A","N/A","N/A"
"TGME49_500344","TGME49_500344.R134","N/A","N/A","N/A","N/A","N/A","N/A"
"TGME49_500364","TGME49_500364.R263","N/A","N/A","N/A","N/A","N/A","N/A"
"TGME49_500394","TGME49_500394.R293","N/A","N/A","N/A","N/A","N/A","N/A"
"TGME49_500398","TGME49_500398.R297","N/A","N/A","N/A","N/A","N/A","N/A"
"TGME49_500401","TGME49_500401.R300","GO:0005576","extracellular region","protein binding","GO:0005515","GO:0006508","proteolysis"
"TGP89_312630A","TGP89_312630A-t30_1","N/A","N/A","protein binding","GO:0005515","N/A","N/A"
"TGP89_312630B","TGP89_312630B-t30_1","N/A","N/A","N/A","N/A","N/A","N/A"
"TGPRC2_203780","TGPRC2_203780-t30_1","N/A","N/A","N/A","N/A","N/A","N/A"
"TGPRC2_310610","TGPRC2_310610-t30_1","N/A","N/A","N/A","N/A","N/A","N/A"
"TGPRC2_312630","TGPRC2_312630-t30_1","N/A","N/A","protein binding","GO:0005515","N/A","N/A"
"TGRH88_035250","TGRH88_035250_t1","N/A","N/A","N/A","N/A","N/A","N/A"
"TGRH88_058510","TGRH88_058510_t1","N/A","N/A","protein binding","GO:0005515","GO:0045048","protein insertion into ER membrane"
"TGRH88_073400","TGRH88_073400_t1","GO:0000127","transcription factor TFIIIC complex","N/A","N/A","GO:0006384","transcription initiation from RNA polymerase III promoter"
"TGRUB_305790A","TGRUB_305790A-t30_1","N/A","N/A","phosphatase activity;protein tyrosine phosphatase activity","GO:0016791;GO:0004725","GO:0016311","dephosphorylation"
"TGRUB_305790B","TGRUB_305790B-t30_1","N/A","N/A","N/A","N/A","N/A","N/A"
"TGRUB_312630A","TGRUB_312630A-t30_1","N/A","N/A","protein binding","GO:0005515","N/A","N/A"
"TGRUB_312630B","TGRUB_312630B-t30_1","N/A","N/A","N/A","N/A","N/A","N/A"
"TGVAND_203780","TGVAND_203780-t30_1","N/A","N/A","N/A","N/A","N/A","N/A"
"TGVAND_275490","TGVAND_275490-t30_1","GO:0005643","nuclear pore","structural constituent of nuclear pore","GO:0017056","N/A","N/A"
"TGVAND_290860","TGVAND_290860-t30_1","GO:0016021","integral component of membrane","N/A","N/A","N/A","N/A"
"TGVAND_305790","TGVAND_305790-t30_1","N/A","N/A","phosphatase activity;protein tyrosine phosphatase activity","GO:0016791;GO:0004725","GO:0016311","dephosphorylation"
"TGVAND_310610","TGVAND_310610-t30_1","N/A","N/A","N/A","N/A","N/A","N/A"
"TGVEG_279100A","TGVEG_279100A-t26_1","N/A","N/A","N/A","N/A","N/A","N/A"
"TGVEG_279100B","TGVEG_279100B-t26_1","GO:0016021","integral component of membrane","N/A","N/A","N/A","N/A"
"TGVEG_281675A","TGVEG_281675A-t26_1","N/A","N/A","N/A","N/A","N/A","N/A"
"TGVEG_281675B","TGVEG_281675B-t26_1","N/A","N/A","ATP binding;protein kinase activity","GO:0005524;GO:0004672","GO:0006468","protein phosphorylation"
"EMWEY_00021530","EMWEY_00021530-t26_1","N/A","N/A","protein binding","GO:0005515","N/A","N/A"
"EMWEY_00030960","EMWEY_00030960-t26_1","N/A","N/A","hydrolase activity","GO:0016787","GO:0016042;GO:0006629","lipid catabolic process;lipid metabolic process"
"EMWEY_00032800","EMWEY_00032800-t26_1","N/A","N/A","N/A","N/A","N/A","N/A"
"EMWEY_00041260","EMWEY_00041260-t26_1","N/A","N/A","N/A","N/A","GO:0006629","lipid metabolic process"
"EMWEY_00044720","EMWEY_00044720-t26_1","N/A","N/A","hydrolase activity","GO:0016787","GO:0016042","lipid catabolic process"
"EMWEY_00048650","EMWEY_00048650-t26_1","GO:0016021","integral component of membrane","N/A","N/A","GO:0006629","lipid metabolic process"
"TGCAST_312630A","TGCAST_312630A-t46_1","N/A","N/A","N/A","N/A","N/A","N/A"
"TGCAST_312630B","TGCAST_312630B-t46_1","N/A","N/A","protein binding","GO:0005515","N/A","N/A"
"TGCAST_312630C","TGCAST_312630C-t46_1","N/A","N/A","N/A","N/A","N/A","N/A"
"TGCAST_312630D","TGCAST_312630D-t46_1","N/A","N/A","N/A","N/A","N/A","N/A"
"TGCOUG_312630A","TGCOUG_312630A-t46_1","N/A","N/A","protein binding","GO:0005515","N/A","N/A"
"TGCOUG_312630B","TGCOUG_312630B-t46_1","N/A","N/A","N/A","N/A","N/A","N/A"
"TGPRC2_275490A","TGPRC2_275490A-t30_1","GO:0016021;GO:0005643","integral component of membrane;nuclear pore","structural constituent of nuclear pore","GO:0017056","N/A","N/A"
"TGPRC2_275490B","TGPRC2_275490B-t30_1","N/A","N/A","N/A","N/A","N/A","N/A"
"TGVAND_312630A","TGVAND_312630A-t30_1","N/A","N/A","N/A","N/A","N/A","N/A"
"TGVAND_312630B","TGVAND_312630B-t30_1","N/A","N/A","N/A","N/A","N/A","N/A"
"TGVAND_312630C","TGVAND_312630C-t30_1","N/A","N/A","N/A","N/A","N/A","N/A"
"EfaB_MINUS_6743.g612","EfaB_MINUS_6743.g612.t1","N/A","N/A","protein binding","GO:0005515","N/A","N/A"
"Ncaninum_LIV_000015100","Ncaninum_LIV_000015100.1","N/A","N/A","N/A","N/A","N/A","N/A"
"Ncaninum_LIV_000026900","Ncaninum_LIV_000026900.1","N/A","N/A","N/A","N/A","N/A","N/A"
"Ncaninum_LIV_000032300","Ncaninum_LIV_000032300.1","N/A","N/A","ATP binding;protein kinase activity","GO:0005524;GO:0004672","GO:0006468","protein phosphorylation"
"Ncaninum_LIV_000056900","Ncaninum_LIV_000056900.1","N/A","N/A","N/A","N/A","N/A","N/A"
"Ncaninum_LIV_000079700","Ncaninum_LIV_000079700.1","N/A","N/A","ATP binding;protein kinase activity","GO:0005524;GO:0004672","GO:0006468","protein phosphorylation"
"Ncaninum_LIV_000085400","Ncaninum_LIV_000085400.1","N/A","N/A","ATP binding;protein kinase activity","GO:0005524;GO:0004672","GO:0006468","protein phosphorylation"
"Ncaninum_LIV_000095100","Ncaninum_LIV_000095100.1","N/A","N/A","N/A","N/A","N/A","N/A"
"Ncaninum_LIV_000101900","Ncaninum_LIV_000101900.1","N/A","N/A","ATP binding;protein kinase activity","GO:0005524;GO:0004672","GO:0006468","protein phosphorylation"
"Ncaninum_LIV_000102300","Ncaninum_LIV_000102300.1","N/A","N/A","ATP binding;protein kinase activity","GO:0005524;GO:0004672","GO:0006468","protein phosphorylation"
"Ncaninum_LIV_000104300","Ncaninum_LIV_000104300.1","N/A","N/A","ATP binding;protein kinase activity","GO:0005524;GO:0004672","GO:0006468","protein phosphorylation"
"Ncaninum_LIV_000105100","Ncaninum_LIV_000105100.1","N/A","N/A","N/A","N/A","N/A","N/A"
"Ncaninum_LIV_000116300","Ncaninum_LIV_000116300.1","N/A","N/A","N/A","N/A","N/A","N/A"
"Ncaninum_LIV_000128200","Ncaninum_LIV_000128200.1","N/A","N/A","calcium ion binding","GO:0005509","N/A","N/A"
"Ncaninum_LIV_000134600","Ncaninum_LIV_000134600.1","N/A","N/A","ATP binding;protein kinase activity","GO:0005524;GO:0004672","GO:0006468","protein phosphorylation"
"Ncaninum_LIV_000139200","Ncaninum_LIV_000139200.1","N/A","N/A","ATP binding;protein kinase activity","GO:0005524;GO:0004672","GO:0006468","protein phosphorylation"
"Ncaninum_LIV_000157400","Ncaninum_LIV_000157400.1","N/A","N/A","N/A","N/A","N/A","N/A"
"Ncaninum_LIV_000159700","Ncaninum_LIV_000159700.1","N/A","N/A","N/A","N/A","N/A","N/A"
"Ncaninum_LIV_000161000","Ncaninum_LIV_000161000.1","N/A","N/A","ATP binding;protein kinase activity","GO:0005524;GO:0004672","GO:0006468","protein phosphorylation"
"Ncaninum_LIV_000190000","Ncaninum_LIV_000190000.1","N/A","N/A","N/A","N/A","N/A","N/A"
"Ncaninum_LIV_000224500","Ncaninum_LIV_000224500.1","N/A","N/A","N/A","N/A","GO:0020035","cytoadherence to microvasculature, mediated by symbiont protein"
"Ncaninum_LIV_000230400","Ncaninum_LIV_000230400.1","N/A","N/A","ATP binding;protein kinase activity","GO:0005524;GO:0004672","GO:0006468","protein phosphorylation"
"Ncaninum_LIV_000242500","Ncaninum_LIV_000242500.1","N/A","N/A","calcium ion binding","GO:0005509","N/A","N/A"
"Ncaninum_LIV_000248300","Ncaninum_LIV_000248300.1","N/A","N/A","N/A","N/A","N/A","N/A"
"Ncaninum_LIV_000267000","Ncaninum_LIV_000267000.1","N/A","N/A","N/A","N/A","N/A","N/A"
"Ncaninum_LIV_000268300","Ncaninum_LIV_000268300.1","N/A","N/A","N/A","N/A","N/A","N/A"
"Ncaninum_LIV_000272100","Ncaninum_LIV_000272100.1","N/A","N/A","N/A","N/A","N/A","N/A"
"Ncaninum_LIV_000308100","Ncaninum_LIV_000308100.1","N/A","N/A","calcium ion binding","GO:0005509","N/A","N/A"
"Ncaninum_LIV_000308200","Ncaninum_LIV_000308200.1","N/A","N/A","N/A","N/A","N/A","N/A"
"Ncaninum_LIV_000330400","Ncaninum_LIV_000330400.1","N/A","N/A","ATP binding;protein kinase activity","GO:0005524;GO:0004672","GO:0006468","protein phosphorylation"
"Ncaninum_LIV_000334700","Ncaninum_LIV_000334700.1","N/A","N/A","N/A","N/A","N/A","N/A"
"Ncaninum_LIV_000356400","Ncaninum_LIV_000356400.1","N/A","N/A","N/A","N/A","N/A","N/A"
"Ncaninum_LIV_000359600","Ncaninum_LIV_000359600.1","N/A","N/A","N/A","N/A","N/A","N/A"
"Ncaninum_LIV_000359800","Ncaninum_LIV_000359800.1","N/A","N/A","calcium ion binding","GO:0005509","N/A","N/A"
"Ncaninum_LIV_000359900","Ncaninum_LIV_000359900.1","N/A","N/A","calcium ion binding","GO:0005509","N/A","N/A"
"Ncaninum_LIV_000360300","Ncaninum_LIV_000360300.1","N/A","N/A","N/A","N/A","N/A","N/A"
"Ncaninum_LIV_000364500","Ncaninum_LIV_000364500.1","N/A","N/A","N/A","N/A","N/A","N/A"
"Ncaninum_LIV_000364600","Ncaninum_LIV_000364600.1","N/A","N/A","N/A","N/A","N/A","N/A"
"Ncaninum_LIV_000379200","Ncaninum_LIV_000379200.1","N/A","N/A","ATP binding;protein kinase activity","GO:0005524;GO:0004672","GO:0006468","protein phosphorylation"
"Ncaninum_LIV_000384600","Ncaninum_LIV_000384600.1","N/A","N/A","protein binding","GO:0005515","N/A","N/A"
"Ncaninum_LIV_000387700","Ncaninum_LIV_000387700.1","N/A","N/A","N/A","N/A","N/A","N/A"
"Ncaninum_LIV_000392900","Ncaninum_LIV_000392900.1","N/A","N/A","N/A","N/A","N/A","N/A"
"Ncaninum_LIV_000399200","Ncaninum_LIV_000399200.1","N/A","N/A","N/A","N/A","N/A","N/A"
"Ncaninum_LIV_000403200","Ncaninum_LIV_000403200.1","N/A","N/A","N/A","N/A","N/A","N/A"
"Ncaninum_LIV_000403600","Ncaninum_LIV_000403600.1","N/A","N/A","N/A","N/A","N/A","N/A"
"Ncaninum_LIV_000407100","Ncaninum_LIV_000407100.1","N/A","N/A","N/A","N/A","N/A","N/A"
"Ncaninum_LIV_000410100","Ncaninum_LIV_000410100.1","N/A","N/A","N/A","N/A","N/A","N/A"
"Ncaninum_LIV_000410500","Ncaninum_LIV_000410500.1","N/A","N/A","N/A","N/A","N/A","N/A"
"Ncaninum_LIV_000423600","Ncaninum_LIV_000423600.1","N/A","N/A","N/A","N/A","N/A","N/A"
"Ncaninum_LIV_000426400","Ncaninum_LIV_000426400.1","GO:0005576","extracellular region","protein binding","GO:0005515","GO:0006508","proteolysis"
"Ncaninum_LIV_000427200","Ncaninum_LIV_000427200.1","N/A","N/A","ATP binding;protein kinase activity","GO:0005524;GO:0004672","GO:0006468","protein phosphorylation"
"Ncaninum_LIV_000440800","Ncaninum_LIV_000440800.1","N/A","N/A","N/A","N/A","N/A","N/A"
"Ncaninum_LIV_000440900","Ncaninum_LIV_000440900.1","N/A","N/A","N/A","N/A","N/A","N/A"
"Ncaninum_LIV_000441000","Ncaninum_LIV_000441000.1","N/A","N/A","N/A","N/A","N/A","N/A"
"Ncaninum_LIV_000447900","Ncaninum_LIV_000447900.1","N/A","N/A","N/A","N/A","N/A","N/A"
"Ncaninum_LIV_000450900","Ncaninum_LIV_000450900.1","N/A","N/A","ATP binding;protein kinase activity","GO:0005524;GO:0004672","GO:0006468","protein phosphorylation"
"Ncaninum_LIV_000459300","Ncaninum_LIV_000459300.1","GO:0005643","nuclear pore","structural constituent of nuclear pore","GO:0017056","N/A","N/A"
"Ncaninum_LIV_000459700","Ncaninum_LIV_000459700.1","GO:0016021","integral component of membrane","N/A","N/A","N/A","N/A"
"Ncaninum_LIV_000507000","Ncaninum_LIV_000507000.1","N/A","N/A","N/A","N/A","N/A","N/A"
"Ncaninum_LIV_000519700","Ncaninum_LIV_000519700.1","N/A","N/A","ATP binding;protein kinase activity","GO:0005524;GO:0004672","GO:0006468","protein phosphorylation"
"Ncaninum_LIV_000524900","Ncaninum_LIV_000524900.1","N/A","N/A","ATP binding;protein kinase activity","GO:0005524;GO:0004672","GO:0006468","protein phosphorylation"
"Ncaninum_LIV_000525000","Ncaninum_LIV_000525000.1","N/A","N/A","ATP binding;protein kinase activity","GO:0005524;GO:0004672","GO:0006468","protein phosphorylation"
"Ncaninum_LIV_000525100","Ncaninum_LIV_000525100.1","N/A","N/A","ATP binding;protein kinase activity","GO:0005524;GO:0004672","GO:0006468","protein phosphorylation"
"Ncaninum_LIV_000525200","Ncaninum_LIV_000525200.1","N/A","N/A","ATP binding;protein kinase activity","GO:0005524;GO:0004672","GO:0006468","protein phosphorylation"
"Ncaninum_LIV_000540100","Ncaninum_LIV_000540100.1","N/A","N/A","phosphatase activity;protein tyrosine phosphatase activity","GO:0016791;GO:0004725","GO:0016311","dephosphorylation"
"Ncaninum_LIV_000549700","Ncaninum_LIV_000549700.1","N/A","N/A","ATP binding;protein kinase activity","GO:0005524;GO:0004672","GO:0006468","protein phosphorylation"
"Ncaninum_LIV_000559800","Ncaninum_LIV_000559800.1","N/A","N/A","ATP binding;protein kinase activity","GO:0005524;GO:0004672","GO:0006468","protein phosphorylation"
"Ncaninum_LIV_000559900","Ncaninum_LIV_000559900.1","N/A","N/A","ATP binding;protein kinase activity","GO:0005524;GO:0004672","GO:0006468","protein phosphorylation"
"Ncaninum_LIV_000560300","Ncaninum_LIV_000560300.1","N/A","N/A","ATP binding;protein kinase activity","GO:0005524;GO:0004672","GO:0006468","protein phosphorylation"
"Ncaninum_LIV_000560400","Ncaninum_LIV_000560400.1","N/A","N/A","ATP binding;protein kinase activity","GO:0005524;GO:0004672","GO:0006468","protein phosphorylation"
"Ncaninum_LIV_000560500","Ncaninum_LIV_000560500.1","N/A","N/A","ATP binding;protein kinase activity","GO:0005524;GO:0004672","GO:0006468","protein phosphorylation"
"Ncaninum_LIV_000571000","Ncaninum_LIV_000571000.1","N/A","N/A","N/A","N/A","N/A","N/A"
"Ncaninum_LIV_000575200","Ncaninum_LIV_000575200.1","N/A","N/A","calcium ion binding","GO:0005509","N/A","N/A"
"Ncaninum_LIV_000581600","Ncaninum_LIV_000581600.1","N/A","N/A","N/A","N/A","N/A","N/A"
"Ncaninum_LIV_000610300","Ncaninum_LIV_000610300.1","N/A","N/A","N/A","N/A","N/A","N/A"
"Ncaninum_LIV_000612800","Ncaninum_LIV_000612800.1","N/A","N/A","calcium ion binding","GO:0005509","N/A","N/A"
"Ncaninum_LIV_000636700","Ncaninum_LIV_000636700.1","N/A","N/A","ATP binding;protein kinase activity","GO:0005524;GO:0004672","GO:0006468","protein phosphorylation"
"Ncaninum_LIV_000653000","Ncaninum_LIV_000653000.1","N/A","N/A","N/A","N/A","N/A","N/A"
"Ncaninum_LIV_000658800","Ncaninum_LIV_000658800.1","GO:0005576;GO:0016021","extracellular region;integral component of membrane","N/A","N/A","N/A","N/A"
"Ncaninum_LIV_000663800","Ncaninum_LIV_000663800.1","N/A","N/A","ATP binding;protein kinase activity","GO:0005524;GO:0004672","GO:0006468","protein phosphorylation"
"Ncaninum_LIV_000665700","Ncaninum_LIV_000665700.1","N/A","N/A","ATP binding;protein kinase activity","GO:0005524;GO:0004672","GO:0006468","protein phosphorylation"
"Ncaninum_LIV_000666100","Ncaninum_LIV_000666100.1","N/A","N/A","ATP binding;protein kinase activity","GO:0005524;GO:0004672","GO:0006468","protein phosphorylation"
"Ncaninum_LIV_000666500","Ncaninum_LIV_000666500.1","N/A","N/A","ATP binding;protein kinase activity","GO:0005524;GO:0004672","GO:0006468","protein phosphorylation"
"Ncaninum_LIV_000697100","Ncaninum_LIV_000697100.1","N/A","N/A","N/A","N/A","N/A","N/A"
"Ncaninum_LIV_000697200","Ncaninum_LIV_000697200.1","N/A","N/A","N/A","N/A","N/A","N/A"
"Ncaninum_LIV_000697500","Ncaninum_LIV_000697500.1","N/A","N/A","ATP binding;protein kinase activity","GO:0005524;GO:0004672","GO:0006468","protein phosphorylation"
"Ncaninum_LIV_000707600","Ncaninum_LIV_000707600.1","N/A","N/A","N/A","N/A","N/A","N/A"
"Ncaninum_LIV_000756700","Ncaninum_LIV_000756700.1","N/A","N/A","ATP binding;protein kinase activity","GO:0005524;GO:0004672","GO:0006468","protein phosphorylation"
"Ncaninum_LIV_000757500","Ncaninum_LIV_000757500.1","N/A","N/A","ATP binding;protein kinase activity","GO:0005524;GO:0004672","GO:0006468","protein phosphorylation"
"Ncaninum_LIV_000766900","Ncaninum_LIV_000766900.1","GO:0016021","integral component of membrane","N/A","N/A","N/A","N/A"
"Ncaninum_LIV_000768300","Ncaninum_LIV_000768300.1","N/A","N/A","ATP binding;protein kinase activity","GO:0005524;GO:0004672","GO:0006468","protein phosphorylation"
