"baseMean","log2FoldChange","lfcSE","stat","pvalue","padj","gene","significance"
478.063402043676,-0.588255118062316,0.0999615686534788,-5.88481279341992,3.98504799889999e-09,9.31218687559045e-08,"TGME49_200230","Not significant"
3528.4797706713,0.315400625989504,0.0692441505606953,4.55490642076753,5.24089040857627e-06,6.26748835331503e-05,"TGME49_200240","Not significant"
89482.2156000319,0.181974240177448,0.0505413656738731,3.60050105000463,0.000317604546105662,0.00227355648673525,"TGME49_200250","Not significant"
91.5817562844213,-0.101746044428605,0.157371934400432,-0.646532336380344,0.517934662384165,0.690466340083283,"TGME49_200260","Not significant"
3063.0143249617,0.0908381880433985,0.201849006577083,0.450030394421133,0.652688524709067,0.789360958199603,"TGME49_200270","Not significant"
216.339778277914,-0.804215285114667,0.220815076498895,-3.64203068860061,0.000270495816742591,0.0019604919623447,"TGME49_200280","Not significant"
5575.68994547725,0.330892827705525,0.0644465035688551,5.1343798248418,2.83075901538331e-07,4.67880738071079e-06,"TGME49_200290","Not significant"
117.698230020827,0.281721923949665,0.137821293317295,2.04411029071595,0.0409426527619766,0.118149628197443,"TGME49_200295","Not significant"
4228.28984280351,0.576774778023262,0.0738690534933428,7.80807050783779,5.80700990982702e-15,3.06640289524113e-13,"TGME49_200310","Not significant"
471.769870448804,0.202600421445026,0.107928039029926,1.87718060353945,0.0604933450162475,0.159513679723888,"TGME49_200320","Not significant"
2650.5042850377,-0.151383921525658,0.104673186127415,-1.44625311530486,0.148106220777222,0.308188277216061,"TGME49_200330","Not significant"
6.48215033587407,0.744308551652882,0.62126977397399,1.19804404275435,0.230899871391718,0.417632952437156,"TGME49_200340","Not significant"
63.597865873585,-0.285062065735184,0.182988668227754,-1.55781266947299,0.119277661786312,0.263577702621274,"TGME49_200350","Not significant"
2469.21037543974,0.559288162659173,0.25642545482823,2.18109455254284,0.0291764236845278,0.0917016750776484,"TGME49_200360","Not significant"
1056.93413176282,0.088524430633263,0.0973843425625552,0.909021186608094,0.363338942439314,0.556435457611394,"TGME49_200370","Not significant"
1.56406139130884,-0.273016912548864,1.20071553458482,-0.227378512799259,0.82012942704245,0.898584276570898,"TGME49_200375","Not significant"
2980.54645897289,0.119069592849463,0.118754469958954,1.00265356656147,0.316028040830445,0.510516493451168,"TGME49_200385","Not significant"
777.773047478673,-0.21875828889197,0.0809297122242146,-2.70306520163946,0.00687032680039386,0.0295605807094195,"TGME49_200400","Not significant"
275.61110087351,0.145103582330199,0.103919674663886,1.39630520206609,0.16262260795517,0.329486647889298,"TGME49_200410","Not significant"
32.6470304881978,-0.523586397674059,0.278957214640365,-1.8769415888708,0.0605260999761838,0.159513679723888,"TGME49_200430","Not significant"
274.827779303792,0.34125860653436,0.282430005360164,1.20829444484546,0.226934024494296,0.412847312569937,"TGME49_200440","Not significant"
274.490961152824,0.262893827436329,0.150334483213841,1.74872605284032,0.080338384381104,0.19809331163952,"TGME49_200450","Not significant"
980.93418317298,0.161221139775226,0.0750154479046575,2.14917252750571,0.0316207261750971,0.0971071545528284,"TGME49_200460","Not significant"
1415.60422205195,0.35856456265509,0.129500062293982,2.7688369897545,0.0056256774096202,0.0249716204667202,"TGME49_200470","Not significant"
231.063683869601,0.750367107645626,0.124738197775036,6.01553590664268,1.79292553905998e-09,4.37714274895804e-08,"TGME49_201110","Not significant"
481.777295907579,0.0467288834252032,0.0863996034612856,0.540846040412,0.588613705832961,0.743955028883064,"TGME49_201120","Not significant"
743.235709457838,0.0238439488035996,0.0796898446659458,0.299209377349795,0.764780294775587,0.861384121484082,"TGME49_201130","Not significant"
421.226496701195,0.0787178875864859,0.0769835205385382,1.02252906902432,0.306530561619013,0.50188307864458,"TGME49_201140","Not significant"
796.515440685575,0.0616005061965764,0.116280345224819,0.529758542404363,0.596279352609551,0.748810836464385,"TGME49_201150","Not significant"
35.2774579147578,0.13086512372395,0.304443555002247,0.429850202356835,0.66730461158027,0.798017809025112,"TGME49_201160","Not significant"
4405.66720686441,-0.399254876036356,0.0519129463389568,-7.69085371170207,1.46156471395347e-14,7.33669398387013e-13,"TGME49_201170","Not significant"
1888.5627935059,0.33463456591299,0.404567938776186,0.827140595780419,0.408157376989963,0.599988392928847,"TGME49_201180","Not significant"
5.75881683147502,0.00886745056235586,0.610688338454222,0.0145204190156983,0.988414788961692,0.992355053503867,"TGME49_201190","Not significant"
301.939760048904,-0.0736795705320103,0.173408551529219,-0.424890063853601,0.670916818275522,0.79941423871459,"TGME49_201200","Not significant"
213.608217003553,0.128233534725716,0.243356685511778,0.526936560037547,0.598237644180509,0.74980400702269,"TGME49_201210","Not significant"
2.0828016724226,0.933497099675606,1.00173606539081,0.931879296280922,0.351398908371371,0.546799832161498,"TGME49_201215","Not significant"
148.248890304185,-0.509897904991322,0.166264472372983,-3.06678809798561,0.00216372185779072,0.0116835233383494,"TGME49_201220","Not significant"
45.1962102579991,-2.16826436876655,0.454301561747378,-4.77274249383332,1.81734090654197e-06,2.4387155531352e-05,"TGME49_201230","Down in 120DPI"
176.157738823906,-1.81885647534231,0.306999454435355,-5.92462445474902,3.13011879699396e-09,7.48650766386908e-08,"TGME49_201240","Not significant"
779.941787554837,-0.326708857091775,0.143477374825051,-2.27707579324021,0.0227816999437535,0.0766445431786303,"TGME49_201250","Not significant"
4124.61788321559,0.0596868400457361,0.0979228303198312,0.609529359504721,0.542173618393612,0.710159387841643,"TGME49_201260","Not significant"
1196.14103209588,-0.411003666781982,0.130970166670386,-3.13814723788479,0.00170019448846918,0.00952202588170204,"TGME49_201270","Not significant"
2097.12936962187,0.46787911723243,0.123880526863516,3.7768576634156,0.000158819432044871,0.00122860078243185,"TGME49_201380","Not significant"
36337.4583739633,0.553553695299282,0.122309120688962,4.52585786064961,6.01510002064728e-06,7.05093919542482e-05,"TGME49_201390","Not significant"
278.883136169205,-0.136211155118845,0.161766385123099,-0.842023854431766,0.399774601179242,0.591299937575408,"TGME49_201400","Not significant"
302.327995954827,-0.778466537654206,0.0946100628803355,-8.22815791422552,1.90114348033083e-16,1.22699196682939e-14,"TGME49_201520","Not significant"
1747.54912577125,-0.0133917266038382,0.0979740678745293,-0.136686440548619,0.891278647804425,0.936176435539342,"TGME49_201630","Not significant"
2.0897114543561,-0.673946904051033,1.09789459312501,-0.613853923929742,0.539311860020339,0.707368394465387,"TGME49_201660","Not significant"
978.919578430913,0.080491803252403,0.219539513507319,0.366639253073318,0.713888124447752,0.829097147673396,"TGME49_201670","Not significant"
3149.43416938406,-0.244673862268488,0.149289708368599,-1.63891982201736,0.10122995892676,0.235604472235952,"TGME49_201680","Not significant"
2122.81856206177,0.214391542785049,0.243049825547942,0.882088856890621,0.377728757633393,0.569386828640916,"TGME49_201690","Not significant"
1604.14163195149,0.087259570236354,0.129726108860975,0.672644627997504,0.501173402558985,0.679060981928513,"TGME49_201700","Not significant"
526.490568304617,-0.0941652389038747,0.436806564176349,-0.215576519738055,0.829317859983765,0.90304237591964,"TGME49_201710","Not significant"
119.31347519033,0.663490257325217,0.145328406014533,4.56545472093643,4.98412771624648e-06,5.97801277116761e-05,"TGME49_201720","Not significant"
19.9284877559154,0.540503288471575,0.405247149391845,1.33376209871608,0.182281835965594,0.355301028301105,"TGME49_201730","Not significant"
189.322650781744,-0.187497396023351,0.118870560151456,-1.57732407237297,0.114720976162799,0.257688460943906,"TGME49_201740","Not significant"
2044.1564329024,-0.342961154340214,0.18533815424272,-1.85046169118027,0.0642470345700518,0.167132720768925,"TGME49_201760","Not significant"
802.523021225025,-0.155981898122593,0.0873988822303814,-1.78471273478565,0.0743079242385599,0.186273748430323,"TGME49_201770","Not significant"
10059.7827443283,0.0201534162875047,0.0504899335266889,0.399157116672606,0.689777438895411,0.812466705257457,"TGME49_201780","Not significant"
702.766305433853,0.402978003320362,0.157540323683405,2.55793560593535,0.010529558838286,0.0418915716599521,"TGME49_201785","Not significant"
1448.05743029566,-0.0896471749826953,0.207807693246055,-0.431394880441449,0.666181271784086,0.797374307612747,"TGME49_201790","Not significant"
1378.87642229078,-0.042898819374327,0.06346859560815,-0.675906233047614,0.499100180083168,0.678255792853663,"TGME49_201800","Not significant"
853.934770111594,-0.204855012352248,0.165664048200743,-1.2365689150854,0.216247166173723,0.400209821421192,"TGME49_201810","Not significant"
287.075040136443,-0.0313278832196148,0.144655390700498,-0.216569068514548,0.828544193378317,0.902789002089501,"TGME49_201820","Not significant"
308.213091726669,-0.0966875353671646,0.239138171324756,-0.404316612573994,0.685979910836751,0.808931066549371,"TGME49_201830","Not significant"
16450.4227546247,0.0129598563647879,0.0739990329936902,0.175135482728442,0.860973177935726,0.918341275311297,"TGME49_201840","Not significant"
1156.48578173289,0.286504245397148,0.340636177911202,0.841085780007298,0.400299880768133,0.591646425010261,"TGME49_201850","Not significant"
6322.4442353784,0.424490977325605,0.232305044178261,1.82729987128419,0.0676546945853954,0.173445137568864,"TGME49_201860","Not significant"
584.5107182552,-0.426931044402553,0.0976488642277063,-4.37210455829775,1.23054564682089e-05,0.000132521388229923,"TGME49_201870","Not significant"
2591.3249792193,-0.0764452930096294,0.0897186896101234,-0.85205538937122,0.39418335033196,0.586443286662916,"TGME49_201880","Not significant"
8.87623190142557,-1.31662682846274,0.870180352766232,-1.51305051220392,0.130266828666972,0.279654131657818,"TGME49_201890","Not significant"
803.205283805837,-0.182909177046416,0.121677829503368,-1.50322517908945,0.132780986663808,0.283692576647917,"TGME49_201900","Not significant"
104.936136690539,0.107754527999142,0.299128336478774,0.360228419906947,0.71867632333719,0.832755181159594,"TGME49_202010","Not significant"
165101.13731474,-0.0109665802718235,0.0539301134915253,-0.203347991721671,0.838863047054164,0.907373543315305,"TGME49_202020","Not significant"
1948.45338875915,-0.348498018369643,0.0985897273909569,-3.53483093616515,0.000408036133972621,0.00282636272697219,"TGME49_202025","Not significant"
2292.37373454521,0.63087508954476,0.0620227546448573,10.1716715608192,2.65315889820706e-24,3.71991175176204e-22,"TGME49_202030","Not significant"
2109.79041555664,-0.47569321957854,0.087834468385144,-5.4157920953387,6.10179697972663e-08,1.17582495353405e-06,"TGME49_202040","Not significant"
115.259187040393,0.589632391634163,0.228636389603314,2.57890877588288,0.00991129565843611,0.0397429271668651,"TGME49_202050","Not significant"
561.18326597059,0.224207371354353,0.16424868777287,1.36504817417109,0.172237909322445,0.342287067109023,"TGME49_202070","Not significant"
302.077449793069,0.132111271631124,0.115140874067574,1.14738812520731,0.251221246771299,0.441047318381737,"TGME49_202080","Not significant"
49.2958785057284,0.075525984964966,0.316602653140404,0.238551333085236,0.811453506197877,0.892686676461192,"TGME49_202090","Not significant"
1.78319132742882,-1.6754134020696,1.15613385773194,-1.44915174905124,0.147295208941533,0.307295343271905,"TGME49_202100","Not significant"
6.97071434746412,-1.20952710072088,0.855349330467819,-1.41407382649069,0.157340227123623,0.321965457214218,"TGME49_202110","Not significant"
1168.00495661121,-0.149624032965365,0.0601123207383133,-2.48907430502847,0.0128076194745868,0.0489894457042992,"TGME49_202120","Not significant"
21.3006556472472,1.63617751982561,0.445805847220185,3.67015715479724,0.000242401392480781,0.00177266917594758,"TGME49_202140","Not significant"
1289.49819155527,0.15279989143852,0.0933938171404959,1.63608144646939,0.101822542684064,0.236307339356966,"TGME49_202160","Not significant"
101.193469059391,-0.363397824583274,0.204805710188439,-1.77435396820194,0.0760046188876464,0.189243588730662,"TGME49_202170","Not significant"
345.357989892329,0.0244953332218689,0.0830055235015728,0.295104857948456,0.767913778794942,0.864195246216505,"TGME49_202180","Not significant"
787.592511184799,-0.175748809391557,0.130225693434194,-1.34957092380827,0.177153656075154,0.34881683564241,"TGME49_202190","Not significant"
5482.89720205918,-0.0977342537078803,0.147566277018966,-0.662307511460216,0.507774163867396,0.683193166871222,"TGME49_202200","Not significant"
437.829519789133,-0.606502827545855,0.218748528125625,-2.77260301014481,0.00556099158668108,0.0247655988953398,"TGME49_202220","Not significant"
767.629143209417,-0.12700739331733,0.0962654770714704,-1.3193451814822,0.187053739417253,0.361655018768687,"TGME49_202230","Not significant"
234.593988565802,0.453179803636888,0.185510510537536,2.44287939440063,0.0145706056419338,0.0538582568546389,"TGME49_202240","Not significant"
740.592444573585,-0.255570145230366,0.0857501774762889,-2.98040368838927,0.00287868744530162,0.0146492404913597,"TGME49_202250","Not significant"
48.9909744351496,0.212409818859129,0.223353477147156,0.951002964324498,0.341602871074483,0.536898830223753,"TGME49_202255","Not significant"
281.374759328826,-0.690831144905298,0.103566820265101,-6.67039060518584,2.55123484915969e-11,8.41682218068406e-10,"TGME49_202280","Not significant"
4.66617758862847,-0.507719170980911,0.622838323471317,-0.81517008804339,0.41497495713245,0.606283929464801,"TGME49_202285","Not significant"
2639.05595543403,-0.0485144726941365,0.0440326041955338,-1.10178522439191,0.270555055495737,0.461441634079558,"TGME49_202290","Not significant"
1327.78299730356,0.160975609074027,0.14432237371078,1.11538914539072,0.264683698983284,0.454577522006161,"TGME49_202300","Not significant"
834.616391981225,-0.176303698321038,0.0695780715848002,-2.53389745224777,0.0112801737225968,0.0442287235834894,"TGME49_202310","Not significant"
3.03745550059207,-2.55121945433513,1.00402130924121,-2.5410013023162,0.0110535507798602,0.0434239009380787,"TGME49_202340","Down in 120DPI"
1063.25170506234,0.0845298755030161,0.0595792869046115,1.41877957751242,0.155963288485049,0.319806298714499,"TGME49_202350","Not significant"
161.352786937314,-0.0599697716230744,0.152044572097244,-0.394422311798931,0.693269273728107,0.816071917064352,"TGME49_202360","Not significant"
2004.6925438853,0.0949356491191911,0.205023453487217,0.46304775138865,0.643330139883499,0.782280347892826,"TGME49_202370","Not significant"
725.586443083904,0.236875473596668,0.210914850771432,1.12308579851197,0.2614010569814,0.451127630596932,"TGME49_202375","Not significant"
3378.12419354165,0.0900318176990833,0.045269525163416,1.98879527395267,0.0467238046519281,0.131110413881808,"TGME49_202380","Not significant"
450.469802824302,-0.797813132647807,0.0874589257173529,-9.12214649452882,7.36508842514788e-20,7.13010703253602e-18,"TGME49_202390","Not significant"
79.0583490536286,-0.579008583499733,0.218164303646883,-2.65400239095442,0.0079543263259949,0.0335849333764229,"TGME49_202400","Not significant"
786.464491632216,0.0456955670556314,0.0648127152991134,0.705040158319928,0.480785245266309,0.662209891159194,"TGME49_202410","Not significant"
2277.48900084888,-0.176399074557844,0.0735108477207015,-2.39963325178969,0.0164115053879408,0.0588960113922042,"TGME49_202420","Not significant"
1249.86130275801,-0.0377380258370674,0.0690629914617751,-0.546429064804623,0.5847710356944,0.741402878432626,"TGME49_202430","Not significant"
1220.52662752648,0.280158427212082,0.128757602595186,2.17585930123988,0.0295657828378642,0.0923080199895584,"TGME49_202440","Not significant"
148.83385439836,-0.154800587834789,0.147399510916013,-1.05021100051677,0.29362111299712,0.487490177805753,"TGME49_202445","Not significant"
862.323934075034,0.210521660739499,0.106264752194679,1.98110527142452,0.0475794692633682,0.13268732649167,"TGME49_202450","Not significant"
481.574786635916,-0.193383165443999,0.101804365996252,-1.89955669927869,0.0574913192126156,0.153385632492451,"TGME49_202460","Not significant"
504.226457311287,-0.0380018389279101,0.113992816446403,-0.333370471162783,0.738854650149136,0.844163078702492,"TGME49_202470","Not significant"
1071.69644207734,0.368383146070935,0.148662263012959,2.47798693901776,0.0132125981790184,0.0502078730802698,"TGME49_202480","Not significant"
1184.0316569812,0.52802287936101,0.0858721647527832,6.14894105535981,7.80019580462516e-10,2.15752354704802e-08,"TGME49_202490","Not significant"
7874.57135832064,-0.791904599954821,0.151840917585519,-5.21535704964906,1.83463499249579e-07,3.20155617145403e-06,"TGME49_202500","Not significant"
1309.10816549634,-0.281473488921154,0.0679147687070982,-4.14451074898141,3.40539983414878e-05,0.000322758874723751,"TGME49_202510","Not significant"
1937.27979683999,0.413150098213164,0.305912852251087,1.35054835118224,0.176840155197664,0.348533836573516,"TGME49_202520","Not significant"
896.076556228422,-0.110977170731133,0.0972697971393156,-1.14092116972533,0.253902728956614,0.442679898642563,"TGME49_202530","Not significant"
1440.86121063235,0.0831174222843165,0.104237775188628,0.797382927004228,0.425228671715642,0.614202408240071,"TGME49_202540","Not significant"
587.458134378857,-0.189355048656739,0.171849436969867,-1.10186598219662,0.27051993961652,0.461441634079558,"TGME49_202550","Not significant"
89.5317719144922,0.392562733597936,0.231296921413969,1.69722420513906,0.0896542805833235,0.215191443241909,"TGME49_202568","Not significant"
112.174001014985,0.175286189046072,0.249863790104477,0.701526975848636,0.482974205853073,0.663788773000346,"TGME49_202572","Not significant"
56.114743313555,-1.87247505006149,0.369544269162709,-5.06698440840126,4.04167373524339e-07,6.39433673443565e-06,"TGME49_202580","Not significant"
472.595752648393,0.0685703903245327,0.0956704744710472,0.7167351338399,0.473537542834854,0.657358705758455,"TGME49_202590","Not significant"
17.7965242460401,-0.0132164994962333,0.417414667101019,-0.0316627577751952,0.974740994975251,0.984670033681831,"TGME49_202600","Not significant"
1168.37897389876,-0.111490806947578,0.106734922614404,-1.04455790304318,0.296227344480837,0.490016429072044,"TGME49_202610","Not significant"
5346.4124176338,0.445426519743285,0.112813174459055,3.94835551680137,7.86898854957096e-05,0.000675006486129863,"TGME49_202620","Not significant"
694.109111334708,-0.0411121229813659,0.0768798573516792,-0.534758054938923,0.592817171159562,0.745790413964968,"TGME49_202630","Not significant"
22.092032830139,-0.224839413805049,0.283487875102177,-0.793118272603407,0.42770891773537,0.616470917941161,"TGME49_202640","Not significant"
725.543882972841,0.0751050952268438,0.129302973428847,0.580845847819368,0.561344351920004,0.724674534274292,"TGME49_202650","Not significant"
1473.11162294794,0.0716551863451936,0.12058081101209,0.594250326762269,0.552344696694509,0.719126973025896,"TGME49_202680","Not significant"
637.892232246956,-0.0288525183830581,0.181051521972065,-0.159360816571925,0.87338460818957,0.925751255708757,"TGME49_202690","Not significant"
459.018430340485,-0.309835356709853,0.150753979163934,-2.05523833220302,0.0398559903888899,0.115588057718421,"TGME49_202700","Not significant"
98.2743093785282,0.690987299225793,0.280183340020809,2.46619695223304,0.0136556225708865,0.0515062721458482,"TGME49_202720","Not significant"
101.203653633399,-0.790662376709279,0.306578910126307,-2.57898488967664,0.00990911210236647,0.0397429271668651,"TGME49_202730","Not significant"
282.845735982302,-0.180875543283959,0.10348159229862,-1.74790065813831,0.0804812308786311,0.198325263486372,"TGME49_202740","Not significant"
970.828566890721,0.277540204965815,0.264193296092511,1.05051948353993,0.293479337912825,0.487453834948345,"TGME49_202750","Not significant"
886.820022379464,0.0935628977157525,0.704798195396379,0.132751329851423,0.894390046721894,0.937748821550083,"TGME49_202760","Not significant"
4265.57047310934,0.220810016068728,0.240381790939468,0.91858045988322,0.358315056358654,0.551750993547207,"TGME49_202770","Not significant"
1575.93277814883,-0.0156362605637029,0.0991391446448522,-0.157720349713697,0.874677164444747,0.926297705191082,"TGME49_202780","Not significant"
258.66402681065,-0.765864964200925,0.219353183154484,-3.49146957061275,0.000480371180727604,0.00324450036684126,"TGME49_202790","Not significant"
399.94197841821,0.404634316809771,0.138817548943254,2.91486429410434,0.00355843237400933,0.0174320313647252,"TGME49_202800","Not significant"
746.471287962569,0.344238237638387,0.154299830096431,2.23096964801097,0.0256831395960757,0.0840125869651197,"TGME49_202810","Not significant"
1117.51251484204,0.150593016291016,0.255766600977342,0.588790779232185,0.556001632093669,0.720418155327493,"TGME49_202820","Not significant"
7336.10789990528,-0.0729860815573019,0.157640358682329,-0.462991090399514,0.643370753407184,0.782280347892826,"TGME49_202830","Not significant"
4928.37374327136,-0.102118952656463,0.0615244120016553,-1.65981192398419,0.0969522942069551,0.229057541107193,"TGME49_202840","Not significant"
190.46903292188,-0.0884703409684081,0.539182049293419,-0.164082504386683,0.869666194616266,0.923012985463256,"TGME49_202850","Not significant"
708.185215051602,0.217363538556586,0.115617924780445,1.88001591422223,0.0601059090511352,0.159015209964974,"TGME49_202860","Not significant"
156.162753521059,-0.0674667749354322,0.155545305748906,-0.433743561791204,0.664474669478861,0.796038304685047,"TGME49_202870","Not significant"
252.519804689352,0.226806988562138,0.104138564064765,2.17793466425256,0.0294109013167325,0.0921105738564833,"TGME49_202880","Not significant"
2837.59086463951,-0.157395895378227,0.146980855105911,-1.07085984269728,0.284232454462321,0.478150252314355,"TGME49_202890","Not significant"
1902.78328044712,-0.305366418854626,0.280809445268936,-1.08745066805773,0.276837689179991,0.469204687038701,"TGME49_202900","Not significant"
2.0537634746122,1.11381807435721,1.03586904211895,1.07524989073793,0.282262864134495,0.475427011421233,"TGME49_202910","Not significant"
885.66065847397,0.122262443370533,0.0753473094690176,1.62265174738331,0.10466387177834,0.240839446887794,"TGME49_202920","Not significant"
971.240662637265,0.0905075175595758,0.263021702737667,0.34410665210333,0.730766080401115,0.839252078331179,"TGME49_202930","Not significant"
2396.21739661368,0.034799118896988,0.16614991850885,0.209444092475642,0.834101575131388,0.904871132466441,"TGME49_202940","Not significant"
1039.13754859111,-0.0778993436820316,0.143659399123093,-0.542250240203804,0.587646129545897,0.743143061414128,"TGME49_202950","Not significant"
23.0099169227423,7.7776897766666,1.24249114287741,6.25975470429089,3.85583488666673e-10,1.11984461779907e-08,"TGME49_202960","Up in 120DPI"
121.006899961639,0.699516631810208,0.407314006188964,1.7173890933809,0.0859081031144131,0.208290010294099,"TGME49_202970","Not significant"
16.9936953760163,1.4348349030554,0.522766990704505,2.74469300581076,0.00605675272779133,0.0265374532232754,"TGME49_202975","Not significant"
696.942376968587,-0.500431993672139,0.19632426134049,-2.54900739345825,0.0108030009973658,0.0427286012210985,"TGME49_202980","Not significant"
7.83871353423354,-0.209926799669979,0.511864416762583,-0.410121885396361,0.681716539122281,0.805656499787333,"TGME49_202990","Not significant"
805.430934568451,-0.499645500280954,0.0998609742861211,-5.00341103071329,5.6324667258546e-07,8.6421168706886e-06,"TGME49_203010","Not significant"
636.459988443469,-0.100428480761521,0.160849600466205,-0.624362637336001,0.532389456496665,0.701245401209832,"TGME49_203020","Not significant"
6387.715890902,0.027248126812791,0.0948899122463615,0.287155148189484,0.773993527219902,0.866254711408282,"TGME49_203030","Not significant"
456.540580589935,-0.311304517444751,0.276571648473552,-1.1255836206021,0.260341804307662,0.449872408123653,"TGME49_203040","Not significant"
2002.06399565939,0.489884067326321,0.170807298294907,2.8680511442814,0.0041300876402745,0.019503991109589,"TGME49_203050","Not significant"
1850.27771511411,0.346933280775229,0.0668958428274119,5.1861710102121,2.14661710215831e-07,3.66728787284692e-06,"TGME49_203060","Not significant"
1.46612452250866,0.366534013946397,1.10586552516067,0.331445375235062,0.740308095432232,0.844582692488063,"TGME49_203070","Not significant"
2221.18168856856,-0.343447422842182,0.159125610460303,-2.15834158843879,0.0309012835253485,0.0952339313917005,"TGME49_203080","Not significant"
7.52893200843226,0.20449262825522,0.584533486157611,0.349839030778951,0.726459505344013,0.836675555599759,"TGME49_203090","Not significant"
4.45843248713741,3.32790279277596,1.67077779626468,1.99182847666284,0.0463898806451723,0.130353320458376,"TGME49_203110","Not significant"
862.764970320922,-0.224110725258491,0.289065474769179,-0.775293989838961,0.438165959978241,0.626019319470373,"TGME49_203120","Not significant"
221.026343623883,1.17928581560837,0.127091706766082,9.27901470218587,1.71052988595401e-20,1.83026697797079e-18,"TGME49_203135","Not significant"
490.745034735753,-0.0535780702217495,0.144092440312992,-0.371831236290878,0.710018505297682,0.825546251798792,"TGME49_203150","Not significant"
1764.81083624352,-0.0230821671547579,0.0729601242054212,-0.316366884049833,0.751724049778287,0.853058885402879,"TGME49_203160","Not significant"
948.294869832133,-0.745768014334054,0.168479161173609,-4.42647036665608,9.57875343075744e-06,0.000107588981904585,"TGME49_203170","Not significant"
2.66158994718207,0.476948654699299,0.989950558939276,0.481790378713807,0.629954864842313,0.772542240102894,"TGME49_203175","Not significant"
278.286316410355,-0.143925326420756,0.272933371442999,-0.527327697818051,0.597966043098421,0.749716290853587,"TGME49_203180","Not significant"
49.0664541233561,-0.0800013159696123,0.372802826210829,-0.214594177792981,0.830083733639643,0.90304237591964,"TGME49_203200","Not significant"
377.680027859666,-0.123988846789561,0.120339376856445,-1.03032648189187,0.302856771757937,0.497340724542718,"TGME49_203220","Not significant"
277.885878294398,-0.236222809417888,0.151178874994543,-1.56253847917849,0.118161188369021,0.262250759775348,"TGME49_203230","Not significant"
1094.83339584446,-0.0113039275323342,0.168264129578976,-0.0671796630726846,0.94643867506077,0.968123476247961,"TGME49_203240","Not significant"
106.91544541214,-0.546483697787653,0.143519502162154,-3.80773128079984,0.00014024755160781,0.00111159170533597,"TGME49_203250","Not significant"
459.291008680701,0.378881388420956,0.177337235517792,2.1365021695229,0.0326385043278236,0.0994813782585688,"TGME49_203260","Not significant"
191.431929219836,0.275744680766775,0.12558488024462,2.19568374974494,0.0281145870862194,0.0890989174532875,"TGME49_203270","Not significant"
609.938866864267,0.230029413058901,0.286376318608012,0.803241742114025,0.421835023202485,0.611690871733703,"TGME49_203280","Not significant"
43429.9879355297,0.26635249746308,0.175657068388852,1.51632097646908,0.129438210045304,0.278758348540364,"TGME49_203290","Not significant"
597.376591335477,0.0748786573796408,0.0736100273906969,1.01723447244776,0.309041900595727,0.504239312930267,"TGME49_203300","Not significant"
63620.028821957,0.561921144971191,0.205576966679123,2.73338571946279,0.00626868729421062,0.0273775322645117,"TGME49_203310","Not significant"
554.017172581019,0.439463013708409,0.211681825416519,2.07605453535604,0.0378889074283412,0.111071591639247,"TGME49_203320","Not significant"
12.9265604821723,-0.242100598177734,0.512334717728778,-0.472543807397995,0.636538680687472,0.776993778347422,"TGME49_203330","Not significant"
81.380214973565,-0.688416663750612,0.228268714059631,-3.01581697950415,0.00256287903829081,0.0133256600635427,"TGME49_203340","Not significant"
699.00961927597,-0.399510995907425,0.107997864110673,-3.69924904716651,0.000216238333933409,0.00161030231826601,"TGME49_203350","Not significant"
245.353953660903,0.246725640193536,0.116698559020306,2.11421325391519,0.0344970573577603,0.103872892240459,"TGME49_203358","Not significant"
867.866832571625,0.447396196872872,0.0830465835999816,5.38729201706704,7.15271705355311e-08,1.35901624017509e-06,"TGME49_203362","Not significant"
688.149764783711,0.173381279459621,0.124175559084979,1.39625930204968,0.162636424573001,0.329486647889298,"TGME49_203370","Not significant"
644.686707753771,0.0148594904245343,0.079251816238294,0.187497159432345,0.851270850642132,0.913263134224514,"TGME49_203380","Not significant"
954.782504028591,-0.0209980125085106,0.187308100028448,-0.11210413487362,0.910740838939853,0.947561988518281,"TGME49_203390","Not significant"
869.625281807582,0.257395860013631,0.0679256924030031,3.78937410731865,0.000151027325735064,0.00117654975074363,"TGME49_203400","Not significant"
467.381769044892,0.0609363772710306,0.142207224024039,0.428504091049057,0.668284155696734,0.798250110770541,"TGME49_203420","Not significant"
8.02362685843891,0.324642837103653,0.510414706166361,0.636037389169272,0.524752052591727,0.695964576980162,"TGME49_203430","Not significant"
45.1583878755357,-0.438932927428695,0.230138502759743,-1.90725550990017,0.056487508392028,0.151270213767542,"TGME49_203440","Not significant"
564.67373669893,-0.0147979044601955,0.0736818290929354,-0.200835194271994,0.840827442512785,0.908290218187296,"TGME49_203450","Not significant"
12.2122850188672,0.208039888883524,0.586509839793834,0.354708267054228,0.722808156948996,0.834451438431181,"TGME49_203460","Not significant"
3.21033456069336,-1.81501630981465,1.1447502045317,-1.58551298146056,0.112849829838385,0.255056925026611,"TGME49_203470","Not significant"
566.644101116135,0.137811401680044,0.0789624588634166,1.74527748582931,0.0809365789922833,0.198965012202312,"TGME49_203480","Not significant"
270.190859767619,-0.505416862851455,0.120440380958901,-4.19640704245135,2.71182689756026e-05,0.000265055003977885,"TGME49_203490","Not significant"
22.6873816619749,-0.940557301995456,0.412909206129037,-2.27787922389293,0.0227337744431758,0.0765828723164481,"TGME49_203500","Not significant"
21.5732206989674,-0.917449280150358,0.455681081206851,-2.01335828496661,0.0440769507577607,0.125589966209569,"TGME49_203505","Not significant"
496.896248173731,0.00149198283064817,0.0931960170098673,0.0160090836338017,0.987227144932438,0.991862014157473,"TGME49_203510","Not significant"
378.283637196709,0.032896150423414,0.202604949352682,0.162365976391576,0.871017662191456,0.924206110248033,"TGME49_203520","Not significant"
956.031654682214,-0.461763365744255,0.140821543790092,-3.27906762925818,0.00104150673070555,0.00637766019133851,"TGME49_203540","Not significant"
25.6651024691906,-0.0745342244553264,0.266410066245299,-0.279772553288953,0.779652010422516,0.869702352367064,"TGME49_203560","Not significant"
12.7667701001474,-0.110354158359071,0.419850347653446,-0.262841650544873,0.79267263137304,0.878442877940251,"TGME49_203570","Not significant"
17.162287850615,0.871757595063945,1.07397304282451,0.81171273421468,0.416956485641719,0.60808646722354,"TGME49_203590","Not significant"
4691.8723564455,0.399778379219163,0.190404137963553,2.09963073016663,0.0357613373534544,0.106446264772434,"TGME49_203600","Not significant"
2016.02760959484,0.509524452185818,0.057627101588235,8.84175046363673,9.42304905329354e-19,7.22907876428142e-17,"TGME49_203610","Not significant"
880.601679070028,0.224190337359692,0.0656910528379418,3.41279866396363,0.000642994271369325,0.00418306353182028,"TGME49_203620","Not significant"
46.914995552759,-0.0559361941028062,0.2804781098552,-0.199431585344339,0.841925155164106,0.908393453790274,"TGME49_203630","Not significant"
217.331900456297,0.572359289894014,0.110528493390841,5.17838678819303,2.23812828208076e-07,3.80762744558174e-06,"TGME49_203665","Not significant"
987.653719378278,0.47716010499045,0.129024699640304,3.69820744648644,0.00021712741027199,0.00161396718494682,"TGME49_203682","Not significant"
148.766095705505,-0.0180373076036443,0.145257666443444,-0.124174565413848,0.901177060213953,0.942668063075384,"TGME49_203685","Not significant"
4.59107101199701,0.793458716164554,0.741909157646271,1.06948230519465,0.284852397972256,0.478599111634377,"TGME49_203688","Not significant"
773.376417733258,0.131946026457235,0.165314991845966,0.798149187704503,0.424783920193524,0.61392453259022,"TGME49_203690","Not significant"
918.764452530621,-0.1222507159221,0.168678538210301,-0.724755604472234,0.468601976040195,0.652777945843188,"TGME49_203700","Not significant"
766.322354450586,-0.744509036007763,0.0706032530483346,-10.5449678855176,5.35911631682407e-26,9.07923622675278e-24,"TGME49_203710","Not significant"
4359.78269922272,0.338079592749058,0.0749412312427908,4.5112628541392,6.44428033207521e-06,7.46508371231276e-05,"TGME49_203720","Not significant"
326.15366413745,-0.0646761462522529,0.233338706731133,-0.277177100868982,0.781644121895956,0.870968758462307,"TGME49_203730","Not significant"
5.36811831998794,0.201434131459948,0.739075184180667,0.272548904051292,0.785199993902107,0.873733764424183,"TGME49_203735","Not significant"
307.189868332966,-1.19913528203817,0.195922782303092,-6.12044841310551,9.33123894589682e-10,2.46926280316271e-08,"TGME49_203740","Not significant"
259.294783281816,-0.167211258305985,0.151554187241015,-1.10331005266169,0.269892542553347,0.461279141665367,"TGME49_203750","Not significant"
634.339030000172,-0.136773844996165,0.0785213093960894,-1.74186913142558,0.0815313464892515,0.200064245519189,"TGME49_203760","Not significant"
266.466150427062,0.648581866120748,0.279994385144035,2.31641025868109,0.0205358791605745,0.0707617666668611,"TGME49_203770","Not significant"
714.646905392813,-0.0176591378447851,0.222653870875716,-0.0793120630480408,0.936784411603518,0.963101620368112,"TGME49_203780","Not significant"
8662.44360776846,0.190497668353922,0.176473504574284,1.0794689481204,0.28037872911263,0.473037308121143,"TGME49_203790","Not significant"
472.328319280426,0.0754719943315701,0.348665984006559,0.2164592985651,0.828629748105759,0.902789002089501,"TGME49_203800","Not significant"
3454.84480924811,-0.154447942693518,0.0518305562618263,-2.97986272640624,0.00288377583177643,0.0146567906650037,"TGME49_203810","Not significant"
1.94940947252678,2.28345626530823,1.42457190036894,1.6029069959311,0.108955188912211,0.248324998944534,"TGME49_203815","Not significant"
9891.61089210164,-0.529793853783019,0.109609180350809,-4.83348066363958,1.34166316261153e-06,1.87464000659054e-05,"TGME49_203820","Not significant"
79.3349589966818,-0.889483164677007,0.343244523994138,-2.59139797578299,0.0095586879486638,0.038865625199267,"TGME49_203830","Not significant"
205.51365380037,0.0384595963072815,0.209777023854991,0.183335598916051,0.85453470384593,0.91475330955615,"TGME49_203840","Not significant"
785.709467360949,0.313070842964189,0.463123196792037,0.675999054102169,0.499041245612853,0.678255792853663,"TGME49_203860","Not significant"
811.146888985473,0.0380318380763973,0.112327155579428,0.338580976970474,0.73492541520862,0.84222286872555,"TGME49_203870","Not significant"
725.094007224318,-0.508223450682863,0.18386217114365,-2.76415451597051,0.00570705070772016,0.0252353201143059,"TGME49_203875","Not significant"
1336.40292207345,-0.515156501355346,0.279997607278369,-1.83986037010376,0.0657887395231003,0.170271810885376,"TGME49_203880","Not significant"
1.52869166113143,-0.713709771194983,1.24272585865269,-0.574309906103309,0.565758106912425,0.727735673111649,"TGME49_203900","Not significant"
1359.29056377563,0.00833497065540789,0.05259031807085,0.158488690716397,0.874071731536934,0.926238118433457,"TGME49_203910","Not significant"
7602.90610570716,-0.230453096504506,0.132290750070717,-1.74201972837342,0.0815049922142934,0.200064245519189,"TGME49_203930","Not significant"
447.039553693985,0.130285677239997,0.114613447094971,1.13673988997154,0.255647038389174,0.443864897215155,"TGME49_203940","Not significant"
247.860767610195,0.170346640031802,0.137573689126897,1.23822106620021,0.215634102409734,0.399438843005914,"TGME49_203950","Not significant"
230.785658486863,-0.394951423889301,0.114300736976768,-3.45537075556717,0.000549536586061717,0.00366297665397859,"TGME49_203960","Not significant"
71.3294230249196,0.0804120976377844,0.1868414424208,0.430376133880844,0.666922053306634,0.797794959913144,"TGME49_203970","Not significant"
760.084214056493,0.532660287811264,0.110161677900204,4.83525939296062,1.32972124601566e-06,1.86436089182748e-05,"TGME49_203980","Not significant"
3077.95159021894,-0.140143464404232,0.121876204704993,-1.14988372622413,0.25019176445124,0.440436442856372,"TGME49_203990","Not significant"
1.61168190333827,3.04382646458066,1.36060387981694,2.23711435027672,0.0252788672930221,0.0829838494495033,"TGME49_204010","Not significant"
4041.15407027141,0.13334077813071,0.147237144044984,0.90561915606005,0.365137466008219,0.557509927446271,"TGME49_204020","Not significant"
1299.39114361405,0.120103030000467,0.128566612180549,0.934169672541448,0.350216376983392,0.545738678923981,"TGME49_204040","Not significant"
10.8010020863713,0.833298731230846,0.498824379534382,1.67052526985283,0.0948154840440335,0.224661863708065,"TGME49_204045","Not significant"
146.148650704213,0.179591213014755,0.21453267250982,0.837127561567734,0.402520869533971,0.593849729871236,"TGME49_204050","Not significant"
2.92611363892935,0.685869088852918,0.937799212297054,0.731360273989721,0.464559123515454,0.649527077530239,"TGME49_204055","Not significant"
1003.14727466305,-0.235136228957231,0.117182396260576,-2.00658321096596,0.0447940604566546,0.126921707189378,"TGME49_204060","Not significant"
1547.12182700713,0.228238415437252,0.107965793363893,2.11398822095428,0.0345162733829285,0.103872892240459,"TGME49_204070","Not significant"
866.931660464737,-0.0720190214548432,0.129871189449945,-0.554541940825149,0.579208010704345,0.73734170271684,"TGME49_204080","Not significant"
174.123604560184,-0.130917771860879,0.26259236114191,-0.498558950045498,0.618090130188465,0.765972102818134,"TGME49_204100","Not significant"
62.7631555646865,0.553644826066869,0.25096220922738,2.2060884296936,0.0273778086814869,0.0877211742308319,"TGME49_204110","Not significant"
256.234835899697,-0.172377118869807,0.116158925007197,-1.48397653352187,0.137815146198362,0.292156613369415,"TGME49_204120","Not significant"
4324.21002989146,-0.0165212698769428,0.0769125456897444,-0.214805916626236,0.829918639775282,0.90304237591964,"TGME49_204130","Not significant"
77.9688044141557,-0.118590658145007,0.315369636901374,-0.376037019004763,0.706889375135623,0.824028726863946,"TGME49_204140","Not significant"
12.8443024655184,0.369280967116268,0.417334873661592,0.884855281506405,0.376234689242234,0.568265321864385,"TGME49_204150","Not significant"
488.141490098355,0.334866210922512,0.149708179056121,2.23679302649844,0.0252998705397619,0.0829838494495033,"TGME49_204160","Not significant"
75.8339078974751,-0.360972238930944,0.481844586364447,-0.749146611056701,0.453768843919073,0.640855894190674,"TGME49_204270","Not significant"
1527.23704767078,-0.135177320493997,0.274419085713339,-0.492594456914723,0.622299165472043,0.768678208535,"TGME49_204280","Not significant"
1.68217394173347,-0.531550071531896,1.15567941601657,-0.459945954012108,0.645555014143549,0.783998413234071,"TGME49_204290","Not significant"
4.35948377234176,-0.564929858379945,0.978446133595647,-0.577374511465348,0.563686488660834,0.726219665049097,"TGME49_204300","Not significant"
685.740178390774,-0.210278640627652,0.128345303213922,-1.63838204719628,0.101342021807541,0.235730355074063,"TGME49_204310","Not significant"
6.06736506399784,-0.171313723411035,0.611167009755628,-0.280305907675766,0.779242818724648,0.869484440432058,"TGME49_204315","Not significant"
496.6707315292,0.179316095730473,0.0928391018000293,1.93147167792199,0.0534247485087623,0.144867150128211,"TGME49_204320","Not significant"
5523.11707115589,-0.378695569346442,0.109972034136846,-3.44356246857454,0.000574103949284572,0.00377719523914413,"TGME49_204340","Not significant"
314.801679301981,-0.576729035297665,0.125098625896932,-4.61019480559946,4.02291823126005e-06,4.92686311093475e-05,"TGME49_204350","Not significant"
465.141118331046,0.650949080283119,0.131389873157274,4.95433220720085,7.25791153542259e-07,1.08495104055251e-05,"TGME49_204360","Not significant"
4826.00662190106,0.0259125869184233,0.0595509248173752,0.435133240967952,0.663465716506434,0.795722093187222,"TGME49_204370","Not significant"
311.698541569208,0.0135850978239098,0.145371849281516,0.0934506776315542,0.92554553169862,0.955872017243228,"TGME49_204380","Not significant"
104.54575705025,0.358757083290428,0.433617257329446,0.827358868279217,0.408033686565897,0.599988392928847,"TGME49_204390","Not significant"
363.770189290102,0.401231253320516,0.110842276547971,3.61983952167265,0.000294785783031645,0.00212895025542925,"TGME49_204395","Not significant"
2058.49441773316,0.407677279575225,0.0948665937867702,4.29737448454778,1.72833067614805e-05,0.000177012406277531,"TGME49_204400","Not significant"
866.369300203295,0.00704899685879078,0.0745856054327623,0.0945088106195684,0.924704983911316,0.955471761948518,"TGME49_204410","Not significant"
12031.260407713,0.406442971521207,0.148720264511342,2.7329360451091,0.00627725198611756,0.0273855220767747,"TGME49_204420","Not significant"
967.574628480208,0.033569434419925,0.0945368326097524,0.355093707851409,0.722519390307345,0.834390863831309,"TGME49_204440","Not significant"
249.352876693112,0.697121404916675,0.144856586128612,4.81249367769672,1.49058589694977e-06,2.06147015544142e-05,"TGME49_204460","Not significant"
1877.21007916679,-0.194994619050458,0.114819954678459,-1.69826420500268,0.089457907389241,0.215101035744916,"TGME49_204480","Not significant"
191.295981770574,0.42203640000349,0.114079759826956,3.699485348178,0.000216037111367417,0.00161030231826601,"TGME49_204490","Not significant"
100.642037949684,1.5974437906562,0.200989063825322,7.94791398224791,1.89678276967429e-15,1.11772735383995e-13,"TGME49_204500","Not significant"
16.1256320947125,-0.637052132013104,0.691531545338764,-0.921219192829487,0.35693599979641,0.551197028170225,"TGME49_204510","Not significant"
575.701894699723,0.894723861235927,0.0947456442819197,9.44343001746484,3.60771944442963e-21,4.1911392174431e-19,"TGME49_204520","Not significant"
16428.7321007391,0.43806900668879,0.114986690598135,3.80973662612649,0.000139114906949301,0.00110692996410149,"TGME49_204530","Not significant"
501.8087278248,0.0221874514320115,0.28552857917646,0.0777065871864945,0.938061454136099,0.963657875825512,"TGME49_204540","Not significant"
1010.79344375689,-0.311528744478535,0.116285132699061,-2.67900751581676,0.00738407364229856,0.0315374405772962,"TGME49_204550","Not significant"
50.9682927013374,0.119913400535366,0.33742452072071,0.355378442204617,0.722306096847872,0.834390863831309,"TGME49_204560","Not significant"
1225.92346089444,-0.711232551946819,0.0684102365427118,-10.3965808026809,2.56989736811294e-25,4.01892411490277e-23,"TGME49_204880","Not significant"
1054.54615468786,0.116047622380502,0.15971755581636,0.726580254671139,0.467483127679956,0.651623722024923,"TGME49_205000","Not significant"
1656.22816383009,-0.220117123017789,0.145001556136788,-1.51803283276588,0.129006121928833,0.277975035380305,"TGME49_205010","Not significant"
211.607912632616,0.176484394729971,0.13181723507295,1.33885674837817,0.180617312355292,0.353072111556065,"TGME49_205020","Not significant"
945.159857497632,-0.0211404782793667,0.0958385393367406,-0.220584312174114,0.825416117263458,0.901461706364013,"TGME49_205030","Not significant"
1498.94363346493,0.103923662494505,0.108214829486288,0.960345850821423,0.336881181025683,0.532585848563121,"TGME49_205040","Not significant"
258.070540450199,1.01720768846973,0.273304861801475,3.72187922953458,0.000197745602362473,0.00149726930950804,"TGME49_205050","Not significant"
1074.12595090334,0.0159859620732161,0.0909280835827028,0.175808852923599,0.860444114345123,0.918017782452708,"TGME49_205060","Not significant"
68.3363588365443,0.314325923335524,0.228290691680035,1.37686701556835,0.168553366735795,0.337649832412606,"TGME49_205090","Not significant"
328.561268098831,-0.148131895042099,0.0868423968391047,-1.70575548849195,0.088053613696293,0.212730833802215,"TGME49_205100","Not significant"
44.0262034116796,-0.0288748632157521,0.207322501860934,-0.139275105001002,0.889232761464009,0.934993640577363,"TGME49_205110","Not significant"
109.674883366987,0.461980255615496,0.18092139868934,2.55348598320734,0.0106650571213826,0.0423477756401773,"TGME49_205120","Not significant"
2584.08287049208,0.0457794318488895,0.0727048268940588,0.629661520487445,0.528916063461837,0.698256114804684,"TGME49_205130","Not significant"
7.95870997528032,-0.109257411730117,0.562089902074111,-0.194377111787559,0.845880610274962,0.91055761608075,"TGME49_205140","Not significant"
74.9014120755845,0.0485507300509081,0.202814035591163,0.239385454312333,0.810806707948276,0.892216528962839,"TGME49_205150","Not significant"
233.534999428592,0.273210790754826,0.286020102034843,0.955215346093205,0.339468806788041,0.535199755098943,"TGME49_205160","Not significant"
231.264788583538,-0.0369033619661884,0.132390843764132,-0.2787455757283,0.780440083760913,0.870342671577584,"TGME49_205170","Not significant"
999.453415093274,0.140151761180314,0.0649196475451509,2.15884969312009,0.0308618297947349,0.0952080424471867,"TGME49_205180","Not significant"
550.314727248201,-0.0569099781866097,0.0835620873883054,-0.681050222239594,0.495839712597839,0.676538346115038,"TGME49_205190","Not significant"
2991.49671118416,-0.0269801989260168,0.089571929995252,-0.30121265587832,0.763252339728816,0.860343194436421,"TGME49_205200","Not significant"
3182.6264445173,0.210872217660716,0.482252492315816,0.437265169223056,0.661919052318359,0.795722093187222,"TGME49_205210","Not significant"
1683.97921169255,-0.203073797750882,0.0656137538937266,-3.09498825627013,0.00196820689923178,0.0107419184594314,"TGME49_205220","Not significant"
7.97845828129642,0.19370050646937,0.580870583462876,0.33346585622329,0.738782658741119,0.844163078702492,"TGME49_205230","Not significant"
614.478683181733,0.154681250213585,0.122789313650473,1.25972892603581,0.207767166795665,0.389300138336947,"TGME49_205240","Not significant"
5831.07029258817,-0.251093677775331,0.247896343234171,-1.01289786892153,0.311108946419747,0.507001593644365,"TGME49_205250","Not significant"
7623.35662950915,-0.379766228184611,0.196103493595155,-1.93656023777229,0.0527991224303511,0.14366109464692,"TGME49_205265","Not significant"
4753.80486005876,-0.0318826819610294,0.0673958552324059,-0.47306591556834,0.636166153057566,0.776866393419262,"TGME49_205280","Not significant"
786.810131223481,-0.17735566479169,0.122582359127271,-1.44682861428333,0.14794493047208,0.308010285355595,"TGME49_205290","Not significant"
591.527431767906,-0.447322334674248,0.0711945743234518,-6.28309585280992,3.31896281042302e-10,9.7789150631739e-09,"TGME49_205300","Not significant"
384.733824467799,-0.179309744565175,0.0978927891379984,-1.8316951242691,0.0669968554937656,0.172542662842081,"TGME49_205320","Not significant"
13222.1255512261,0.129922363943463,0.159015995354349,0.817039591859586,0.41390580268446,0.605374458170869,"TGME49_205330","Not significant"
1836.38530912515,0.142207142359256,0.279725389345817,0.508381247379189,0.611186001345664,0.759000182834823,"TGME49_205340","Not significant"
2542.9108642828,-0.201198417829808,0.0989792100565965,-2.03273412381007,0.0420793917861166,0.120744394497071,"TGME49_205350","Not significant"
356.095415840589,-0.071425056064147,0.151714522257942,-0.470785887871114,0.637793643205252,0.777665049372013,"TGME49_205360","Not significant"
651.878578178617,-2.00306922392604,0.239573458830679,-8.36098136121887,6.2198673778467e-17,4.2864374166652e-15,"TGME49_205370","Down in 120DPI"
3242.41199691529,-0.623336261148947,0.185390336558438,-3.36229100567203,0.000772986148428143,0.00488796528694997,"TGME49_205380","Not significant"
2141.05562462107,0.385325948318097,0.0956678615440128,4.02774706258929,5.63138787905123e-05,0.000502132085882068,"TGME49_205390","Not significant"
408.734783389799,-0.166557722294375,0.204179918205143,-0.815739979516652,0.414648867877632,0.606025268436539,"TGME49_205410","Not significant"
29.2724822715276,-0.610926515320327,0.249373635328818,-2.44984404431838,0.0142918101490145,0.0534595216797542,"TGME49_205420","Not significant"
160.587832309785,-0.612370895115585,0.240530847521965,-2.54591417867791,0.0108991980595548,0.0430253779710194,"TGME49_205430","Not significant"
1601.37849405188,-0.361764023166563,0.0894460801349835,-4.04449275608973,5.24365295693774e-05,0.000471696746082055,"TGME49_205440","Not significant"
146.666537909341,0.533088873607488,0.149130247934804,3.57465290234441,0.000350692822038839,0.0024669844539964,"TGME49_205450","Not significant"
988.376931968922,0.0839348644901,0.108842137366527,0.77116148691061,0.440611218990628,0.62794434504588,"TGME49_205460","Not significant"
4608.36374779661,-0.228717443711248,0.132428507204954,-1.72710127553784,0.0841494765785955,0.20475869046593,"TGME49_205470","Not significant"
704.009121215178,0.387009735372214,0.0946517809750168,4.08877393943982,4.33659211315221e-05,0.000401653383418608,"TGME49_205480","Not significant"
7420.77567928289,-0.151343132495874,0.0396242673395929,-3.8194556683866,0.000133746493285304,0.00106880390202053,"TGME49_205490","Not significant"
458.77152829485,0.000694586169336495,0.0955790599897714,0.00726713748190061,0.994201714237827,0.996652901896204,"TGME49_205500","Not significant"
2089.7547962134,-0.147177314079058,0.296963400633487,-0.495607585867812,0.620171299662888,0.767615374255495,"TGME49_205510","Not significant"
804.643537555065,1.71050930862766,0.118069912102549,14.4872582537539,1.45849267989291e-47,4.5617163357266e-45,"TGME49_205520","Not significant"
66.8086284565936,1.70095933510422,0.303582519994147,5.60295545058727,2.10727400218627e-08,4.39393645789198e-07,"TGME49_205530","Not significant"
913.121753730446,0.0195738908388314,0.102895388974592,0.190230981523037,0.849128134623768,0.912167766282758,"TGME49_205540","Not significant"
509.428220815008,0.258836786727291,0.205210310045051,1.26132447570722,0.207191966393577,0.38875982249944,"TGME49_205550","Not significant"
1000.7385806839,0.0823925748133802,0.241451625213617,0.341238435402892,0.732924090586439,0.840649726827022,"TGME49_205558","Not significant"
219.860948763791,0.505840362906138,0.12073043482344,4.18983302467099,2.79159800241542e-05,0.000270898269160408,"TGME49_205562","Not significant"
512.668144314628,-0.148964991207674,0.296430589461768,-0.502529079330684,0.615295402539749,0.76297380504014,"TGME49_205570","Not significant"
1125.08278368483,-0.210626641042941,0.0735329216132169,-2.86438558977483,0.00417819060075737,0.0197082633209739,"TGME49_205580","Not significant"
575.922495014748,-0.118538086917544,0.101117668492872,-1.17227867972351,0.241085188498171,0.429558447166329,"TGME49_205600","Not significant"
87.384703659671,0.392378974422302,0.19608154262162,2.00110101734296,0.0453815047432525,0.128050796867498,"TGME49_205615","Not significant"
716.536128446837,0.300415513065067,0.0623948303557238,4.81475005785488,1.47384243258659e-06,2.04527076139832e-05,"TGME49_205625","Not significant"
102.244316308108,0.351140640005667,0.171628696615823,2.04593198532334,0.0407630628814616,0.11779858825588,"TGME49_205630","Not significant"
326.618195383009,-1.00600418959055,0.193892491363498,-5.18846388798293,2.12035868708591e-07,3.63771241421573e-06,"TGME49_205640","Not significant"
3529.71000723762,-0.559097948770695,0.119204382421004,-4.6902465950965,2.72875984481006e-06,3.48903695880431e-05,"TGME49_205650","Not significant"
10.6429047617212,0.317527950320864,0.473418331769171,0.670713255091449,0.502403217080022,0.679060981928513,"TGME49_205662","Not significant"
1537.30572014286,-0.238852212860991,0.132422734724263,-1.80371001518993,0.0712767786792195,0.181018976957968,"TGME49_205670","Not significant"
12050.463695097,0.231203877762545,0.119078577283455,1.9416076597236,0.0521846148994443,0.142308949819678,"TGME49_205680","Not significant"
1265.05730825144,-0.324375668751027,0.0678781355047418,-4.77879461978397,1.76349214307201e-06,2.39011968457694e-05,"TGME49_205690","Not significant"
3730.57611183215,0.0293172497497172,0.124851857009603,0.234816289095821,0.814351324318342,0.894664275784485,"TGME49_205700","Not significant"
1037.93860587189,-0.283981084079546,0.174601170205373,-1.6264557891881,0.103852731039914,0.23992341159562,"TGME49_205710","Not significant"
573.817407462896,0.145950857735447,0.0808484559817592,1.80523988940958,0.071037151392969,0.180523160977383,"TGME49_205720","Not significant"
1054.5146832853,-0.208017790928245,0.0830463484920063,-2.50483970343702,0.012250690030133,0.047284588933162,"TGME49_205730","Not significant"
500.997388599942,-0.832838073559835,0.156345123232237,-5.32692070172683,9.98917474077075e-08,1.82954885116999e-06,"TGME49_205740","Not significant"
4594.03381337368,-0.539307424018681,0.284840891689887,-1.89336376816935,0.0583095102607931,0.154958476287833,"TGME49_205750","Not significant"
141.503251623907,-0.4191051572396,0.155600145380097,-2.69347535772424,0.00707113723561782,0.0303233305609653,"TGME49_206290","Not significant"
460.505061254651,-0.238156623001276,0.116169674750853,-2.05007566313709,0.0403570478696311,0.116791285863288,"TGME49_206300","Not significant"
1093.74914081566,-0.151751324945111,0.0700812238509539,-2.16536351117169,0.0303598581076354,0.0939445837638093,"TGME49_206310","Not significant"
2035.38475948791,0.216706008466055,0.209949136343586,1.03218337660323,0.301986220924285,0.496312034873947,"TGME49_206320","Not significant"
1402.11725116964,-0.0298589299754549,0.164287351197567,-0.181748197641506,0.855780339585941,0.915283880868807,"TGME49_206330","Not significant"
5716.82965290652,0.106622978677046,0.0773065415072057,1.37922324033999,0.16782593467161,0.336811574716074,"TGME49_206340","Not significant"
1688.92755046218,-0.193789236344974,0.0600911561424583,-3.22492108298861,0.00126007398331863,0.00742530553068629,"TGME49_206350","Not significant"
1221.1917799402,-0.119688423274672,0.0790021625669095,-1.51500186052886,0.1297719329502,0.279329105016152,"TGME49_206360","Not significant"
582.67370030355,-0.391585485101696,0.134550477250755,-2.91032401447314,0.00361054236014939,0.0176064191178162,"TGME49_206380","Not significant"
625.896309643956,0.511536855244909,0.0925100138902226,5.5295295474923,3.21090717218241e-08,6.52777428104685e-07,"TGME49_206390","Not significant"
78.4136311728858,0.340014871669304,0.19579689246129,1.73656929584072,0.082463223047758,0.201670492657219,"TGME49_206400","Not significant"
414.204898308799,-0.359673219216153,0.0829953438505364,-4.33365538992014,1.46653680538114e-05,0.000152895862837942,"TGME49_206415","Not significant"
2831.52012470578,-0.111269132757952,0.111540822280339,-0.9975642144568,0.318490721071517,0.512864662129421,"TGME49_206430","Not significant"
217.529402064284,0.810911208111865,0.164517994788069,4.9290122284585,8.26464020733921e-07,1.2264243460964e-05,"TGME49_206440","Not significant"
949.505609411937,0.127379863075715,0.0649451658509433,1.96134479613257,0.0498388150005962,0.13738618426605,"TGME49_206450","Not significant"
979.768069341494,0.811350127999462,0.153540895362044,5.28426075728117,1.2621337016317e-07,2.24097625800633e-06,"TGME49_206460","Not significant"
3387.54649701219,-0.0430771212012517,0.0596795127538671,-0.721807521769025,0.470412824309979,0.654585401657897,"TGME49_206470","Not significant"
1168.97820355333,0.14452041612759,0.123755850162821,1.16778654049445,0.242892878583907,0.431296013359783,"TGME49_206480","Not significant"
359.631196305871,0.00864985556411186,0.0874175354271069,0.0989487466313272,0.921178964567782,0.953542176663086,"TGME49_206490","Not significant"
204.404967524618,0.125613444771827,0.11792781434981,1.06517232990699,0.286797952662245,0.480374124455364,"TGME49_206500","Not significant"
2435.45105964149,0.437685855244567,0.0624872803737415,7.0043991773483,2.48047970015812e-12,9.4244752357611e-11,"TGME49_206510","Not significant"
926.083872245648,0.188803432242145,0.0763764933331792,2.47200969830498,0.0134355871382444,0.0509124858379327,"TGME49_206540","Not significant"
67.4524759525996,-0.583099681813273,0.182469458157325,-3.19560154176883,0.00139539672269505,0.00809369910767202,"TGME49_206550","Not significant"
16.7521820205168,-0.38497491828198,0.512541758398627,-0.75110937201446,0.452586835892942,0.64029856462794,"TGME49_206570","Not significant"
536.165167107761,0.4172466730963,0.0985009672129503,4.23596523873974,2.27571984097103e-05,0.00022623659837135,"TGME49_206580","Not significant"
3176.9431612185,0.092178954660698,0.0980097368387919,0.940508133516525,0.346956979604659,0.542796105837839,"TGME49_206590","Not significant"
456.1516453973,-0.150868211580024,0.230659352680037,-0.654073679766647,0.513064337662898,0.687448498724392,"TGME49_206600","Not significant"
2.09299972124162,-0.353990255728572,1.11379252429865,-0.317824233872891,0.75061826712521,0.852279774959816,"TGME49_206605","Not significant"
247.985777114658,-0.346451146356123,0.0990825680685689,-3.49659029947998,0.000471244971904406,0.00319353199313288,"TGME49_206610","Not significant"
8.05456743376233,0.449968985101992,0.782860859723674,0.574775171747401,0.565443360398591,0.72756098208249,"TGME49_206620","Not significant"
1412.84253674566,0.0218712719168016,0.117202993168014,0.186610182262568,0.851966282701883,0.913527137517368,"TGME49_206630","Not significant"
1049.4359527956,0.0188182248212613,0.0743042519222942,0.253259057650443,0.800068032190426,0.884228491135165,"TGME49_206640","Not significant"
39.9226095798606,-0.720398694546495,0.505748681080297,-1.42442031288682,0.154324837553855,0.317169342348848,"TGME49_206650","Not significant"
43.6797296714344,-2.19435317967411,0.389251171141133,-5.63737078360257,1.72666075667279e-08,3.65328537350273e-07,"TGME49_206660","Down in 120DPI"
1038.32491627769,0.0959084103986075,0.149587989769679,0.641150473017774,0.52142492411429,0.693300765679759,"TGME49_206670","Not significant"
393.79578417333,0.154811220576918,0.154258838113419,1.00358088048798,0.31558067408334,0.510270077164968,"TGME49_206680","Not significant"
301.38680761135,-0.800188598215725,0.184109549873221,-4.34626340006122,1.38476268627885e-05,0.000145114563979634,"TGME49_206690","Not significant"
3.795997031397,-0.266484681738124,0.815269580858766,-0.326866950509083,0.743768518901218,0.846613591824068,"TGME49_206695","Not significant"
189.231524825669,-0.379664650904957,0.188707415148187,-2.0119222692273,0.0442281315132386,0.125932480905342,"TGME49_206700","Not significant"
1079.97670668431,0.175877764103468,0.142629052315909,1.23311317889091,0.217533541216282,0.401355321014773,"TGME49_206710","Not significant"
219.196716247369,-0.278203805883598,0.238484223750183,-1.16655014536736,0.243392086647076,0.431965178658669,"TGME49_207350","Not significant"
2782.86419624416,-0.159513825468206,0.133415531010745,-1.19561661419584,0.231846204950091,0.418042868881185,"TGME49_207370","Not significant"
642.999141332793,0.231004099499547,0.103215497287763,2.23807573058056,0.0252161170100523,0.0828849892990078,"TGME49_207390","Not significant"
3159.40244968768,0.125380597959032,0.116238487191947,1.0786496021063,0.280743960346562,0.473457048017055,"TGME49_207400","Not significant"
5.0022451103043,-1.99999056852708,0.669419505470893,-2.98764907831632,0.0028113214828704,0.0143784064771711,"TGME49_207410","Not significant"
1077.13382204865,0.267322420055031,0.0949575085012835,2.81517938153798,0.00487500141157401,0.0223974641123841,"TGME49_207420","Not significant"
335.043088565608,-0.0158534336074929,0.104982589355307,-0.151010121819704,0.879967731408649,0.928613754453041,"TGME49_207430","Not significant"
1910.06026827747,0.0825219169427792,0.112890311437339,0.730992021300109,0.464784026408901,0.649527077530239,"TGME49_207440","Not significant"
759.093607232153,0.292742005755718,0.0945752658032783,3.0953336823249,0.00196591592633389,0.0107419184594314,"TGME49_207450","Not significant"
628.757338607806,0.348149324111633,0.110745217806689,3.1436962336319,0.00166828518569834,0.00940811035374403,"TGME49_207460","Not significant"
95.7699203726144,0.140280073146721,0.274999090838018,0.510111043346502,0.609973668833107,0.758828523960516,"TGME49_207470","Not significant"
139.091029073179,0.482726072229875,0.182563515134927,2.64415412834873,0.00818953556244767,0.03431978880482,"TGME49_207480","Not significant"
1236.73116245348,-0.0523099693469946,0.094028018579654,-0.556323212348469,0.577989921590609,0.736760541189754,"TGME49_207590","Not significant"
2190.85325449421,-0.2879989530924,0.103947206417753,-2.77062715793402,0.00559484499660633,0.0248619013728977,"TGME49_207600","Not significant"
1663.42779407896,-0.109661351674325,0.10124458861415,-1.0831329671579,0.278749407883675,0.471658382211827,"TGME49_207620","Not significant"
107.216330666128,-0.0177674418390099,0.144046288705618,-0.123345363484654,0.901833620199872,0.942878760538102,"TGME49_207630","Not significant"
1165.99953377215,-0.235458122665877,0.108098454217818,-2.1781821430252,0.0293924789729613,0.0921105738564833,"TGME49_207640","Not significant"
44.4337029664613,-0.607130225804541,0.22045695605983,-2.75396266307773,0.00588784846797822,0.0259090821112548,"TGME49_207650","Not significant"
8.12403171924446,-1.7931035045398,0.573774959789696,-3.12509891543022,0.00177745279470878,0.00990016857984372,"TGME49_207665","Not significant"
972.170489318172,0.14822850837694,0.0920950443658555,1.60951666180961,0.10750341469227,0.245843016950939,"TGME49_207680","Not significant"
349.993508457045,0.300785223899171,0.104737203376983,2.87180881483484,0.00408129798190228,0.0193409762172665,"TGME49_207690","Not significant"
18.4922965046179,0.166523760765902,0.38147313170941,0.436528150802381,0.662453579278589,0.795722093187222,"TGME49_207700","Not significant"
5650.20796403529,0.0999515054526405,0.0546659176083229,1.82840625065119,0.067488603973883,0.173237792776394,"TGME49_207710","Not significant"
187.508741064314,0.00277276037589327,0.261752074080734,0.0105930789111457,0.991548103954946,0.994483125476273,"TGME49_207720","Not significant"
3831.1747709917,1.0848821324121,0.0895053326825734,12.1208658735406,8.18893705001879e-34,1.75243252870402e-31,"TGME49_207750","Not significant"
754.01149887311,-0.117753368553113,0.134648159550198,-0.874526387486292,0.381831656402351,0.573311490004416,"TGME49_207760","Not significant"
1813.44549578462,-0.290737546087212,0.067646903944265,-4.29786921699705,1.72447857275376e-05,0.000177012406277531,"TGME49_207770","Not significant"
2141.99170462241,-0.0755010940766492,0.0833093064271675,-0.90627442856766,0.364790616830138,0.557509927446271,"TGME49_207800","Not significant"
3886.77352239445,0.0344081565690506,0.0714694043993485,0.481438971798179,0.630204544106634,0.772542240102894,"TGME49_207820","Not significant"
1413.53332175393,-0.246499795725121,0.0597228699016721,-4.12739367902042,3.66897974183321e-05,0.000346126951978975,"TGME49_207830","Not significant"
2293.15754114418,-0.284809647307092,0.167763419296996,-1.6976862327948,0.0895669975317371,0.215191443241909,"TGME49_207840","Not significant"
147.674755795374,-0.438536737687833,0.35380775621239,-1.23947745629573,0.215168732394479,0.398940294535318,"TGME49_207865","Not significant"
57.6532991645413,-1.83567707659996,0.301423688630314,-6.09002260220945,1.12894747933398e-09,2.90525344998227e-08,"TGME49_207875","Not significant"
249.522893174934,-0.285837124508888,0.200449864137528,-1.42597814041309,0.153874651994408,0.316466532629875,"TGME49_207880","Not significant"
1132.17763144102,-0.0692467878253743,0.0822272716533647,-0.842138945303808,0.399710184015638,0.591299937575408,"TGME49_207900","Not significant"
1543.918975475,0.280084920158082,0.110004330426809,2.54612631222218,0.0108925766046851,0.0430253779710194,"TGME49_207910","Not significant"
486.913687392878,-0.142167748084812,0.155877767343348,-0.912046345722043,0.361744320942079,0.554829275349111,"TGME49_207920","Not significant"
3677.68028408207,0.0133760180601268,0.0590332482703892,0.226584483355224,0.820746858996112,0.898776388009209,"TGME49_207930","Not significant"
751.633436426949,-0.096156685421454,0.282250867411421,-0.340678086495628,0.733345937298438,0.840649726827022,"TGME49_207940","Not significant"
1218.90979118396,-0.308604201243692,0.129491374561592,-2.38320275994063,0.0171627383701614,0.0611065623582105,"TGME49_207950","Not significant"
1651.16455637243,0.126817639442038,0.106005440719583,1.19633142017219,0.231567252070904,0.418004014026208,"TGME49_207960","Not significant"
16.3818843546381,0.403683646688963,0.605520491236684,0.666672148228214,0.504981572952438,0.681296611843841,"TGME49_207965","Not significant"
70.7129247797024,-0.100799095118227,0.176337099727655,-0.571627271140936,0.567574515867924,0.728688974271859,"TGME49_207970","Not significant"
241.86361496098,0.269523015186186,0.220446124390574,1.22262532821244,0.221471242139988,0.40636375024422,"TGME49_207980","Not significant"
126.115944973176,0.0786165905121243,0.177684026357156,0.442451649278254,0.658162411030624,0.792924716195819,"TGME49_207990","Not significant"
1714.43506806764,-0.0135495966873549,0.162215413667295,-0.0835284168195337,0.933431382983279,0.961236495726736,"TGME49_208010","Not significant"
112.259289665036,1.62599770769662,0.200660638715004,8.10322202754473,5.35224312185299e-16,3.40034695835223e-14,"TGME49_208020","Not significant"
5327.27389446011,0.231155239017958,0.0850184171949531,2.7188842917165,0.00655025173958927,0.0283937351526332,"TGME49_208030","Not significant"
305.485193246726,-0.0943290862896794,0.0985100104666508,-0.957558382572838,0.338285493423391,0.533748085471287,"TGME49_208040","Not significant"
157.651189455551,0.356718708672474,0.180252275917468,1.97899697441714,0.0478163469123125,0.133074104411679,"TGME49_208050","Not significant"
187.652580369936,0.527421653759928,0.117665240122676,4.48239134352715,7.3811226860942e-06,8.50188239140482e-05,"TGME49_208070","Not significant"
9.64583263692171,0.0817548616433684,0.433002540280919,0.188809196339422,0.850242363848601,0.912882347876528,"TGME49_208080","Not significant"
217.19550010737,0.157327327374938,0.123184217929725,1.27717113457417,0.201541835421752,0.381858854997597,"TGME49_208090","Not significant"
333.218256414515,-0.145922811604621,0.116723841294797,-1.25015429569423,0.21124318883417,0.393763567765362,"TGME49_208200","Not significant"
1519.77925425866,0.171199263248881,0.171094892791364,1.00061001503794,0.317015386343258,0.511509331630776,"TGME49_208300","Not significant"
1053.30607289396,-0.400101787915446,0.203838649923689,-1.96283574319802,0.0496652631145728,0.137000651169507,"TGME49_208310","Not significant"
726.523601422331,-0.179631072027323,0.157560948780708,-1.14007356148466,0.25425565555001,0.442679898642563,"TGME49_208320","Not significant"
5393.66816403741,-0.26901165797095,0.155412941992632,-1.73094759369335,0.0834611118870159,0.203448969384057,"TGME49_208340","Not significant"
1160.25911756002,0.161221618131806,0.107227917492453,1.50354144612714,0.132699477547297,0.28367827324254,"TGME49_208350","Not significant"
538.161836018414,0.0783389501551906,0.173981127039519,0.450272690424613,0.652513828140791,0.789360958199603,"TGME49_208360","Not significant"
16748.1764531163,0.02583744225209,0.0915494349019415,0.282223940319942,0.777771802422844,0.868946464870637,"TGME49_208370","Not significant"
28.7024969318505,-1.56820392979018,0.33557659240965,-4.67316244714654,2.9659698820748e-06,3.74522780761371e-05,"TGME49_208380","Not significant"
934.814943459806,0.0585570231035132,0.058173272801767,1.00659667718978,0.314128631902918,0.509309220453776,"TGME49_208390","Not significant"
325.070214997921,0.379737696030455,0.128439723113667,2.95654402567027,0.00311107813730992,0.0155592173509251,"TGME49_208400","Not significant"
376.035590159847,-0.162322920605587,0.21366824011251,-0.759696062082568,0.447436283170273,0.63433609740946,"TGME49_208410","Not significant"
1848.43243285375,-0.218073114248318,0.150926991532757,-1.44489141427687,0.148488388316989,0.308667580213127,"TGME49_208420","Not significant"
2585.67125001645,0.229834938322552,0.0716073067212877,3.20965762917355,0.00132893158485878,0.00777472780436808,"TGME49_208430","Not significant"
1867.0885420556,0.413602186946948,0.126956467765245,3.25782683015205,0.00112268893881813,0.00676756957213152,"TGME49_208440","Not significant"
5147.04691521278,0.402245760981895,0.134374202900655,2.99347458290995,0.00275820481640705,0.0141601777569584,"TGME49_208450","Not significant"
733.581679383214,-0.0642904071838848,0.443835726976805,-0.144851807270677,0.884827877243024,0.931325433308345,"TGME49_208490","Not significant"
1085.6871961967,0.39572069256084,0.14171039633091,2.79246055904597,0.00523088441409401,0.0237110100643325,"TGME49_208500","Not significant"
428.70708462108,0.0934135683222266,0.089317401172815,1.04586079639158,0.295625306770867,0.489817643573898,"TGME49_208510","Not significant"
1204.47694207322,-0.0651474436642674,0.211266535465603,-0.308366128694691,0.757803752375772,0.856963831644197,"TGME49_208530","Not significant"
290.863631468707,-0.0298317065377598,0.128593349398069,-0.231984831854826,0.816549794894528,0.896217912796801,"TGME49_208540","Not significant"
841.742522614681,0.2548186962588,0.177837387505261,1.4328747168042,0.15189364386633,0.31366153172194,"TGME49_208550","Not significant"
1879.35548720079,-0.320441309730049,0.146539759878128,-2.18671922211793,0.0287630274853614,0.0908000541579809,"TGME49_208560","Not significant"
3083.49143052996,-0.587302000539273,0.126224723086457,-4.65282859156682,3.27412404566833e-06,4.0836160643213e-05,"TGME49_208570","Not significant"
982.253769559409,-0.171163902000009,0.07737298534905,-2.21219203612014,0.0269533988894486,0.0868706872970237,"TGME49_208580","Not significant"
2209.98432596584,-0.126961012509116,0.0492256219114049,-2.57916523101766,0.00990394017216351,0.0397429271668651,"TGME49_208590","Not significant"
240.127943891232,0.156576638939842,0.197225450787149,0.793896722329329,0.427255557978857,0.616035850617742,"TGME49_208710","Not significant"
510.841097974812,0.469342979725877,0.159189605184739,2.94832680300454,0.0031949911312849,0.0159396735457723,"TGME49_208718","Not significant"
89.0248449935768,0.128663687881841,0.168462218295595,0.763753969190169,0.445013872450345,0.632012892911623,"TGME49_208722","Not significant"
24638.8379383316,-0.413420209093942,0.0636872600233298,-6.49141145250242,8.50358857393152e-11,2.65966085704658e-09,"TGME49_208730","Not significant"
17377.3744366703,-0.625901149453201,0.0810820682279584,-7.71935352824881,1.16921193234155e-14,6.00590990187831e-13,"TGME49_208740","Not significant"
802.482293752766,0.322769021757539,0.0811716690411807,3.9763753236833,6.99736578203897e-05,0.000609235316269174,"TGME49_208750","Not significant"
70.1161196183168,0.0632120554998013,0.221565851362991,0.285296922386479,0.775416670505671,0.867357409154349,"TGME49_208760","Not significant"
915.309268542851,0.200104203469857,0.165831131985207,1.20667453134015,0.227557511134604,0.413796440193783,"TGME49_208780","Not significant"
1617.2454063086,-0.00957340506492317,0.0711816214660979,-0.134492652285011,0.893013020931633,0.937271797394946,"TGME49_208790","Not significant"
1039.75020565092,0.044740684252878,0.155549163864294,0.287630503060186,0.773629593070906,0.866254711408282,"TGME49_208800","Not significant"
168.956464416961,1.93484265394606,0.172338677035091,11.2269786865783,3.00581663671933e-29,5.5552956567731e-27,"TGME49_208810","Not significant"
193.501518412504,-0.167829023395878,0.181030571101492,-0.927075589358812,0.353887289260065,0.548909865927519,"TGME49_208820","Not significant"
8.31130064405023,-1.31628035373552,1.15309661847113,-1.14151783350189,0.253654495057613,0.442679898642563,"TGME49_208830","Not significant"
425.765086757593,-0.2722598574388,0.119508090866453,-2.27817092102194,0.0227163960861762,0.0765828723164481,"TGME49_208842","Not significant"
263.723745534708,0.0722636191441637,0.165847330803595,0.435723739381384,0.663037179713275,0.795722093187222,"TGME49_208910","Not significant"
4234.69868026811,-0.0998060160441093,0.262115306186503,-0.380771415054618,0.703372871749362,0.822085254071545,"TGME49_208970","Not significant"
648.813265506913,0.0815969494463473,0.198668460421637,0.410719191527295,0.681278452836753,0.805489441475498,"TGME49_208980","Not significant"
643.064972540796,0.130902426464928,0.374654055377449,0.349395461188987,0.726792440329157,0.836675555599759,"TGME49_208990","Not significant"
1012.45842284466,0.442240956747524,0.196785562253058,2.24732420246777,0.0246193152163834,0.081120045113302,"TGME49_209000","Not significant"
174.686277416199,0.286738437567231,0.169995649641747,1.68673985582285,0.0916533847972637,0.21921333093275,"TGME49_209010","Not significant"
270.308039161989,0.41902840870441,0.165549417604247,2.53113792104129,0.0113693133101041,0.0444924234060476,"TGME49_209020","Not significant"
23521.0622473778,0.227671110630324,0.0619369919935475,3.67585030048024,0.00023705850868907,0.00173672053392749,"TGME49_209030","Not significant"
27.7162203404182,0.992898029442048,0.27602786994592,3.59709340088223,0.000321792957921506,0.0022914363693675,"TGME49_209040","Not significant"
89.1872994232553,0.188696461733252,0.287601100756948,0.656104796666687,0.511756698385715,0.686507006148571,"TGME49_209045","Not significant"
339.160749374783,-1.9332169772451,0.210787098998932,-9.17141981851029,4.66829248955647e-20,4.62957982013088e-18,"TGME49_209050","Not significant"
305.976088624024,0.1508538507143,0.1747244145381,0.863381635091446,0.387927673315552,0.579255938193549,"TGME49_209060","Not significant"
357.765842579705,0.0799560556345202,0.195021313577177,0.409986242877391,0.681816039293707,0.805656499787333,"TGME49_209070","Not significant"
718.884233164939,-0.019584939454029,0.227692897374299,-0.0860147140287551,0.931454720473,0.960024054104745,"TGME49_209080","Not significant"
17.1106953376089,-0.468458991663164,0.324390778445132,-1.44411932394805,0.148705413271154,0.308960761553659,"TGME49_209090","Not significant"
7.21834040053169,-0.516695598318411,0.56453008606653,-0.915266716639648,0.360051627535161,0.552858730195606,"TGME49_209095","Not significant"
1299.13243931873,-0.0772844765542496,0.10003417933618,-0.772580702586898,0.439770568675209,0.627335428290801,"TGME49_209100","Not significant"
630.229660544872,0.0636961274400202,0.345137601438114,0.184552848413537,0.853579772039327,0.914051976063182,"TGME49_209108","Not significant"
9.52350518273671,0.0958657372324824,0.574975555305229,0.166730109389766,0.867582413268226,0.922004728789495,"TGME49_209112","Not significant"
1191.77326070031,0.416421831315661,0.20430455496984,2.0382405638344,0.0415258806592418,0.119578067110819,"TGME49_209120","Not significant"
609.480080803762,0.201425738899962,0.152139586162932,1.32395350861707,0.18551848559148,0.360155593362502,"TGME49_209130","Not significant"
1254.82444942921,-0.288680511954285,0.0737043253134149,-3.91673773183217,8.97553022723797e-05,0.000752464039256693,"TGME49_209140","Not significant"
1002.92356701205,-0.349394385792788,0.121471463379593,-2.87634952335221,0.0040230396167777,0.0190871401188076,"TGME49_209150","Not significant"
963.873228607805,-0.240718874006508,0.101194253393212,-2.37878007826336,0.0173700356482789,0.061686894958275,"TGME49_209160","Not significant"
2709.59749781047,-0.461205858496693,0.140945141247123,-3.27223666183745,0.00106700219742659,0.0064946570879289,"TGME49_209170","Not significant"
1846.46219201185,0.295328060235677,0.219707305111541,1.3441886244326,0.178887399227707,0.350705868741817,"TGME49_209180","Not significant"
2728.39978682487,0.0489347431782242,0.110346707756652,0.443463553857356,0.657430475490132,0.792572935679034,"TGME49_209190","Not significant"
2714.33020124522,-0.153894090974027,0.0884365952696776,-1.74016300044958,0.0818304004182366,0.200513486998256,"TGME49_209200","Not significant"
501.856672656176,0.302434356967946,0.0888769133340232,3.40284496415078,0.000666881102381669,0.00430402946394264,"TGME49_209210","Not significant"
285.421692500425,-0.432746305417489,0.0906548457292965,-4.7735595591846,1.80997988843947e-06,2.43688020741553e-05,"TGME49_209240","Not significant"
2884.45863963357,-0.547795587302192,0.109392340806182,-5.00762286705941,5.51063742944999e-07,8.48721658641806e-06,"TGME49_209250","Not significant"
2928.92782907166,0.194914663292953,0.182176568836878,1.06992169485572,0.284654556889889,0.478464418484617,"TGME49_209260","Not significant"
176.550893263794,-0.311478004554288,0.168556588224633,-1.84791355731042,0.0646148489547806,0.167795205806353,"TGME49_209270","Not significant"
464.51685802166,0.0881658512765032,0.084635977064585,1.04170654530549,0.297547753482942,0.491006083158259,"TGME49_209280","Not significant"
1670.93012700354,0.107676392997491,0.166323898354378,0.647389786211421,0.517379704629336,0.690256668546856,"TGME49_209290","Not significant"
39.0566026395743,-0.118746363156448,0.318772447513516,-0.372511376320921,0.709512143416618,0.825546251798792,"TGME49_209300","Not significant"
1.38481889995211,0.0923486982317746,1.1466457483542,0.0805381246686907,0.935809275600464,0.962803773935093,"TGME49_209410","Not significant"
581.500104100514,-0.135490056555398,0.139674500806892,-0.970041459054295,0.332025827057041,0.526527696105277,"TGME49_209420","Not significant"
188.390193321783,0.106427507624532,0.394037863789912,0.270094621366832,0.787087459920329,0.874876329151464,"TGME49_209430","Not significant"
267.160098369344,-0.0381203562070636,0.123706872294595,-0.308150675059378,0.757967682909207,0.856963831644197,"TGME49_209440","Not significant"
1746.90363240323,0.263006559106819,0.107264253082251,2.45194975538724,0.0142084500092587,0.0532456753342358,"TGME49_209450","Not significant"
614.23777980581,0.0765662903503642,0.154912099579913,0.494256359303083,0.621125141421842,0.768562028308342,"TGME49_209460","Not significant"
58.8678897486202,-1.1671239730754,0.209494180116037,-5.57115225076389,2.53060057339099e-08,5.24970506704478e-07,"TGME49_209470","Not significant"
12.9646928079133,-0.478999744333751,0.404173184209607,-1.18513489525653,0.235964116065168,0.4237827037034,"TGME49_209480","Not significant"
81.5212331399776,-0.421230674690818,0.191612746279708,-2.19834370556917,0.0279246220738095,0.0888431246886616,"TGME49_209485","Not significant"
4074.49428604619,0.0909294715115427,0.11889344190541,0.764798041458712,0.444391814217,0.63178220860361,"TGME49_209490","Not significant"
1163.91143955901,0.441269835646794,0.212306841293842,2.07845320931537,0.0376676362581696,0.110582389188244,"TGME49_209500","Not significant"
291.385059579611,0.0523347276796094,0.0971748360551504,0.538562551830882,0.590188732939729,0.744592431228279,"TGME49_209520","Not significant"
1033.42420021675,0.409804647049933,0.0606421127484226,6.75775675478247,1.40144550517012e-11,4.7485645200181e-10,"TGME49_209530","Not significant"
213.658823559157,-0.156261922203358,0.130557707930613,-1.19688009754587,0.2313532926043,0.418004014026208,"TGME49_209540","Not significant"
310.140942791968,0.154050207766586,0.117408717549598,1.31208491994225,0.189491483508124,0.364158744646726,"TGME49_209550","Not significant"
2.07193273287306,0.481374780059606,1.02998519422205,0.46736087349604,0.640241710898395,0.780108719362564,"TGME49_209560","Not significant"
1547.41150286254,-0.0562611478147786,0.0930440578940322,-0.604672120801678,0.545396875850062,0.713278770410534,"TGME49_209570","Not significant"
1093.65850679365,-0.38740599851481,0.124536796047736,-3.11077537570755,0.00186596821494755,0.0102944732184216,"TGME49_209580","Not significant"
6700.64682680028,-0.345962581902616,0.0606415367473414,-5.70504311828449,1.16313641082957e-08,2.5290441959535e-07,"TGME49_209600","Not significant"
239.105681471984,-0.251281558810574,0.108671291910363,-2.31230856276046,0.0207606851512155,0.071185096742533,"TGME49_209610","Not significant"
21.5032774323403,-1.621380043583,0.666616395278217,-2.43225347451335,0.0150052023105523,0.0549155288881238,"TGME49_209620","Not significant"
367.768655655192,0.133114913204327,0.132538471069097,1.00434924388806,0.315210305558536,0.510209037580019,"TGME49_209630","Not significant"
197.593501905699,0.177897806318871,0.176052522488593,1.01048143931251,0.312264687490034,0.507258577440863,"TGME49_209640","Not significant"
109.400586799868,0.492456454471473,0.273432672838953,1.8010153993613,0.0717004528043138,0.181641147104262,"TGME49_209650","Not significant"
41.1512160614598,0.456550263169165,0.33324341865495,1.37002034432341,0.170680551060827,0.340356606480295,"TGME49_209670","Not significant"
248.463971137582,-0.201307001042504,0.285099818871661,-0.706093051336254,0.480130272658071,0.661633105314881,"TGME49_209680","Not significant"
2172.32257857806,0.358250330855584,0.281061156641239,1.27463479883445,0.202438534492555,0.382814951389544,"TGME49_209690","Not significant"
1282.36377100526,0.0787402448523634,0.0565025137632244,1.39357065036658,0.163447296523432,0.330470764626691,"TGME49_209700","Not significant"
743.696012928679,0.281308721543072,0.0876155419937681,3.21071713010781,0.00132404198321913,0.00775728343482561,"TGME49_209710","Not significant"
518.365817674821,0.152487826850235,0.161924476664337,0.941721906357222,0.34633503642491,0.542359186781023,"TGME49_209720","Not significant"
281.535969889255,-0.58276476384952,0.17859209347391,-3.26310505976938,0.00110198659838328,0.00665776747255043,"TGME49_209730","Not significant"
524.129886926075,-0.0887683936011724,0.149513750397963,-0.593713911696389,0.55270347673447,0.71923346009052,"TGME49_209740","Not significant"
30489.6956042565,0.127235379536779,0.106197362671977,1.19810300684946,0.23087691842348,0.417632952437156,"TGME49_209755","Not significant"
55.2918719991857,-0.595709960750444,0.185801332711223,-3.20616624250113,0.00134516250600589,0.00784710294034429,"TGME49_209770","Not significant"
9.94478374994555,0.372641354323396,0.575047299410676,0.648018614651853,0.516972910699652,0.690256668546856,"TGME49_209780","Not significant"
184.280028778293,-0.339920344693541,0.438503301465415,-0.775183091113741,0.438231478222965,0.626019319470373,"TGME49_209790","Not significant"
1857.24893812832,0.0161155422506596,0.142043802494159,0.113454736973282,0.909670045973015,0.947179653904616,"TGME49_209800","Not significant"
288.997515192375,0.128509025168477,0.104388692253404,1.23106269840531,0.218299415336039,0.402391400267074,"TGME49_209820","Not significant"
82.6576687717282,0.106194851693832,0.157886856698145,0.672600961946188,0.50120118957544,0.679060981928513,"TGME49_209830","Not significant"
2923.93426303686,0.0641129925539857,0.0805175355348461,0.796261238351478,0.425880210201151,0.614488621248361,"TGME49_209850","Not significant"
74.9455349578426,0.317843352161599,0.281055754748913,1.13089074602137,0.258101078727556,0.446847220699711,"TGME49_209860","Not significant"
682.763428309747,0.168864917260952,0.114881435344874,1.46990605361102,0.141587199816119,0.298132343061802,"TGME49_209870","Not significant"
634.189553238955,-0.0267415842786325,0.0686262132095899,-0.38967011332771,0.696780499086934,0.817780695527925,"TGME49_209880","Not significant"
8382.85045338455,0.0504194046356198,0.0879838144829751,0.57305317951833,0.566608687378704,0.728138724046084,"TGME49_209890","Not significant"
635.445354001335,-0.199530803992097,0.121648230779148,-1.64022775106648,0.10095782129058,0.235375287481364,"TGME49_209900","Not significant"
6579.3383534461,-0.081059503862048,0.23691645231748,-0.342143836230605,0.732242649397964,0.840569907524597,"TGME49_209910","Not significant"
8.84812969160634,-0.698713790386342,0.510478950412529,-1.36874162944759,0.171080052517987,0.340986026244183,"TGME49_209920","Not significant"
143.170444566102,-0.41117183821872,0.143851796377174,-2.85830172840277,0.00425915186584284,0.0200204757069561,"TGME49_209930","Not significant"
361.971977189774,-0.0787435280168725,0.15345113181425,-0.51315051955557,0.60784603489345,0.757106981823042,"TGME49_209940","Not significant"
3.07336634985051,1.34640631711959,1.00880098489095,1.33465999467193,0.181987652585557,0.355166717477129,"TGME49_209945","Not significant"
1455.52352502689,-0.0700623885780024,0.0591443884018629,-1.18459908828469,0.236175997686154,0.4237827037034,"TGME49_209950","Not significant"
543.184069414547,-0.0997233404432797,0.104893181216784,-0.950713280753493,0.341749944544097,0.53692243992129,"TGME49_209960","Not significant"
363.49936475939,-0.577477815791522,0.0950419894184303,-6.07602828313207,1.23195690039534e-09,3.13071047312967e-08,"TGME49_209970","Not significant"
6606.72300225142,-0.309590120657844,0.207630465749514,-1.49106307468064,0.13594493572942,0.288782196281984,"TGME49_209985","Not significant"
1053.00469776825,-0.0156195101027532,0.172697391765029,-0.0904443891312784,0.927934083785695,0.95736614683396,"TGME49_210095","Not significant"
1.4688904332801,0.0623991100329108,1.1261662725923,0.0554084343951055,0.955813076486414,0.973774985966866,"TGME49_210100","Not significant"
4.45260439297814,-0.527890706843242,0.644960213772866,-0.818485691939361,0.413079908746365,0.605037070951988,"TGME49_210678","Not significant"
172.346883468078,-1.10241070297129,0.229572601906999,-4.80201336663808,1.57078204905282e-06,2.16501688523687e-05,"TGME49_210682","Not significant"
8990.91677988932,0.366843881434717,0.266468560367823,1.37668729447234,0.168608948611071,0.337649832412606,"TGME49_210690","Not significant"
738.93675365771,0.555215375090958,0.15249737468187,3.64081923540789,0.000271771902542299,0.00196623586430069,"TGME49_210700","Not significant"
37.388009191995,0.0338322791234848,0.257359827411568,0.131459052734677,0.895412176591014,0.938336574747181,"TGME49_210715","Not significant"
412.711341024864,-0.0992838808106163,0.0783614109647321,-1.26699965695233,0.205155412553416,0.386364940918105,"TGME49_210730","Not significant"
5.90637867526564,-0.390478847161041,0.636848024586771,-0.613142903936004,0.539781853599037,0.707528374188809,"TGME49_210740","Not significant"
421.771409561756,0.0605193317484207,0.185294904984461,0.32661087876915,0.74396221435991,0.846613591824068,"TGME49_210750","Not significant"
2457.1149290598,-0.0227511997515718,0.322039449010899,-0.0706472446821316,0.943678508502449,0.967228841837903,"TGME49_210760","Not significant"
3.01897264984244,0.469165586782452,0.830355070970195,0.56501803046048,0.572061500357923,0.732682779760162,"TGME49_210770","Not significant"
710.913179512415,-0.325837974397654,0.19387587759482,-1.68065247951383,0.0928304359141969,0.221118074063928,"TGME49_210778","Not significant"
713.286376103546,0.333820329547901,0.0964882744805877,3.45969840734443,0.000540780711408951,0.00361053263150869,"TGME49_210781","Not significant"
364.296132630452,0.390879722097098,0.300355931238559,1.30138839105075,0.193125545262233,0.36987680972032,"TGME49_210787","Not significant"
833.899915435873,-0.0391655515230244,0.130476486727415,-0.300173253475525,0.764045005528002,0.860794400797134,"TGME49_210790","Not significant"
174.630486810663,-0.0914508557457435,0.253003422441321,-0.361460943347333,0.71775489678024,0.832399147264248,"TGME49_210800","Not significant"
6011.40167400313,0.0064142958693258,0.241237035108045,0.0265891838143881,0.978787400276824,0.987000076536052,"TGME49_210810","Not significant"
1420.24114885659,0.143997298716007,0.169879598379059,0.847643272588269,0.396636667487424,0.58880054399557,"TGME49_210820","Not significant"
228.207033306304,0.189249660136591,0.256334309784019,0.738292350704235,0.460336813775242,0.646092331656932,"TGME49_210830","Not significant"
1119.37388690455,-0.469107436885013,0.066641020785366,-7.03931949655889,1.93180955213499e-12,7.48070251331513e-11,"TGME49_210840","Not significant"
5.0371977727751,-1.68949644028928,0.723470981656202,-2.33526497002217,0.0195295829439344,0.0677174353116476,"TGME49_210950","Not significant"
672.587099293362,0.394304627796816,0.0849496721762101,4.64162624405324,3.45677718101857e-06,4.26010292018093e-05,"TGME49_210960","Not significant"
135.885283221712,-0.189464126280859,0.163739452833276,-1.15710736174119,0.247228499331338,0.43682801575353,"TGME49_210975","Not significant"
1402.89636161511,0.0872731924889244,0.171904225237579,0.507684976144764,0.611674286271602,0.759178158724156,"TGME49_210980","Not significant"
1.23182230154425,-0.912812846592155,1.24960150396172,-0.730483152987722,0.46509490709621,0.649631017606729,"TGME49_210990","Not significant"
34.9806708597449,-0.215030774517444,0.318030307117681,-0.6761329650192,0.498956228649716,0.678255792853663,"TGME49_211000","Not significant"
2001.25813502211,0.1638909061851,0.148016718056587,1.10724591341395,0.268187621714039,0.459137208374434,"TGME49_211010","Not significant"
489.611543992037,0.249069867234852,0.112583570142016,2.21231096971493,0.0269451856649091,0.0868706872970237,"TGME49_211015","Not significant"
1186.9961446652,0.122853933917305,0.0617542239558404,1.98940130808147,0.0466569253862138,0.131013162030625,"TGME49_211020","Not significant"
2497.6693849465,-0.154103080230275,0.0804722679040167,-1.9149836862319,0.0554945841375347,0.149332216481281,"TGME49_211030","Not significant"
1211.69248789264,-0.0956168447152013,0.0955594730778794,-1.00060037624187,0.317020048133191,0.511509331630776,"TGME49_211040","Not significant"
9.55303342162049,0.449959921911241,0.598081330250375,0.752339020050791,0.45184720797615,0.639697335526123,"TGME49_211050","Not significant"
25.5461921990833,0.481357926147126,0.291781978775645,1.64971780699743,0.099000666397882,0.232009630878264,"TGME49_211060","Not significant"
3.81988792551465,5.13513496871321,1.37363755673276,3.73834782220668,0.000185233561022465,0.00141041134666169,"TGME49_211070","Up in 120DPI"
2177.29198006398,0.245778971678647,0.0758128308488123,3.24191787757913,0.00118728229784875,0.00706806709085363,"TGME49_211090","Not significant"
404.402742903319,0.382445063226841,0.0878872392565457,4.35154257275588,1.35183065696369e-05,0.000142397498736124,"TGME49_211150","Not significant"
376.973372229526,0.22743062973692,0.126300870828019,1.80070515940153,0.0717493639767342,0.181651876668369,"TGME49_211220","Not significant"
959.120605748338,0.0109572694271795,0.153715583364931,0.0712827495255717,0.94317272418553,0.96695418470458,"TGME49_211230","Not significant"
733.382511765412,0.188571094798176,0.128734891121642,1.46480175774565,0.142975012180276,0.299812480415164,"TGME49_211240","Not significant"
1393.48643520665,-0.173861666034759,0.13797030000762,-1.26013834879794,0.207619458325267,0.389300138336947,"TGME49_211250","Not significant"
21699.7928078828,-0.00992674525802242,0.183839290177387,-0.0539968645899583,0.956937662293882,0.973923806030761,"TGME49_211260","Not significant"
95.7784377000439,0.437286815240783,0.223757237015103,1.95429127153223,0.0506667805178255,0.138871375793063,"TGME49_211270","Not significant"
6.68531766678046,-1.20467456554341,0.658558719886187,-1.82925915209445,0.0673607948165353,0.173128313352739,"TGME49_211280","Not significant"
2802.4082891951,-0.527659821033034,0.0933810480922643,-5.65060932397851,1.59880085696219e-08,3.42143383389908e-07,"TGME49_211290","Not significant"
740.576248375754,0.396259064932206,0.0924985662199723,4.28394818563842,1.83605688618747e-05,0.000186635182480957,"TGME49_211300","Not significant"
304.305151653237,0.462765514845627,0.190551000741496,2.42856512453284,0.0151587024114583,0.0553279030565436,"TGME49_211310","Not significant"
174.541056722567,-0.125658795202977,0.156018270276475,-0.805410770035466,0.420582678796179,0.61074613285188,"TGME49_211330","Not significant"
1297.62236381657,0.0438941957152512,0.123090703636352,0.356600412691833,0.721390968482902,0.833823182429455,"TGME49_211340","Not significant"
367.790647985211,0.0964103872168385,0.149002762329022,0.647037583128483,0.517607619871954,0.690256668546856,"TGME49_211350","Not significant"
190.198059742889,0.16168104638374,0.141652560883484,1.14139162310472,0.253706989091998,0.442679898642563,"TGME49_211360","Not significant"
138.528285945259,1.16278471945286,0.189149964798629,6.14742234126648,7.87522355137375e-10,2.16355803783011e-08,"TGME49_211370","Not significant"
1.55877060319145,-1.57184904531613,1.5397518025379,-1.0208457250872,0.307327536862945,0.502450247239539,"TGME49_211385","Not significant"
189.709749626391,0.181136079995306,0.15846988526242,1.14303155893217,0.253025488300448,0.442679898642563,"TGME49_211390","Not significant"
109.705814076202,-0.147253886694065,0.233747833231082,-0.629968991192705,0.52871487243641,0.698256114804684,"TGME49_211400","Not significant"
253.272675949312,0.0709611621473092,0.272784663617547,0.260136186566555,0.794758725668954,0.880274851149542,"TGME49_211410","Not significant"
3763.40608512648,0.274078362969595,0.134565294481218,2.03676857414264,0.0416732389235601,0.119832665815556,"TGME49_211420","Not significant"
3.54019197443356,-1.05665309571215,0.801715594874093,-1.31798994864019,0.187507012686963,0.362186942320757,"TGME49_211430","Not significant"
292.820847377351,0.0357765068079771,0.178022821893295,0.200965844870278,0.840725281031779,0.908290218187296,"TGME49_211440","Not significant"
342.829754121155,0.106342073722549,0.172288167407759,0.617233762031181,0.537080549590063,0.705579810866945,"TGME49_211450","Not significant"
918.662484958758,-0.264596021441554,0.152841753977838,-1.73117629545078,0.0834203258534114,0.203448969384057,"TGME49_211460","Not significant"
221.616757881115,0.503212666596945,0.158054157064345,3.18379899613828,0.00145355908854235,0.00836492712126305,"TGME49_211470","Not significant"
80.4484954612105,-0.271590453037997,0.299688953144592,-0.906241121630404,0.364808241908084,0.557509927446271,"TGME49_211480","Not significant"
455.501196353736,0.123192917018064,0.181415773228788,0.679063980080181,0.49709732401352,0.677572148655371,"TGME49_211600","Not significant"
848.678590243916,0.140253149869119,0.0646221509918071,2.17035718738147,0.0299797974454609,0.0931940798266393,"TGME49_211610","Not significant"
4149.26283354376,0.37742120485239,0.142622909575216,2.64628737400247,0.00813806483467514,0.0342489172466372,"TGME49_211630","Not significant"
654.901286678558,0.279214723943807,0.106255835395878,2.62775896404686,0.00859493932716674,0.0356238769666258,"TGME49_211640","Not significant"
1212.74364376668,0.0931627236923917,0.160499113333257,0.580456313792529,0.561606938807211,0.724688610977505,"TGME49_211650","Not significant"
34.3961272728652,0.019518366653771,0.261523552912253,0.0746333033350913,0.940506475777492,0.965194177312287,"TGME49_211660","Not significant"
3069.73999088205,0.34092871525698,0.078008474381208,4.37040613806836,1.24015654970802e-05,0.000133046874171842,"TGME49_211670","Not significant"
24251.6714407813,-0.354198320528386,0.158922186472644,-2.22875313000653,0.0258303350512258,0.0842906439151557,"TGME49_211680","Not significant"
344.3619573166,0.00652436437580231,0.0891784627013576,0.0731607630157431,0.94167818925655,0.965747229412412,"TGME49_211690","Not significant"
505.61488246638,0.827076960096765,0.232392723252934,3.55896238281343,0.000372322848567198,0.00260114210012754,"TGME49_211695","Not significant"
233.83028115666,0.223619727854329,0.137260115546625,1.62916756235987,0.103277551788506,0.239138112512566,"TGME49_211700","Not significant"
15016.8464094826,0.13893825559635,0.0765260449758898,1.81556822438849,0.0694366316226067,0.177231226727884,"TGME49_211710","Not significant"
18.204968204394,-0.0341287718478808,0.676174876306722,-0.0504732918121606,0.959745232315682,0.975581028648891,"TGME49_211720","Not significant"
432.577134732158,-0.44084548042523,0.19545487638238,-2.25548468569685,0.0241029224675023,0.0798065820463063,"TGME49_211730","Not significant"
68.3935475191567,-0.394317668461765,0.193432161068491,-2.03853209457834,0.0414967484411322,0.119578067110819,"TGME49_212410","Not significant"
15.1500273211545,-0.018201728398804,0.34589146077342,-0.052622659021719,0.958032562692686,0.974571028248301,"TGME49_212420","Not significant"
12.0411659673198,0.269410093318642,0.401955031620453,0.670249336679613,0.502698857748358,0.679060981928513,"TGME49_212740","Not significant"
397.365864081019,0.31444378361786,0.133760237502801,2.35080162452071,0.0187330180455909,0.0652685958640726,"TGME49_212760","Not significant"
1029.67212049729,-1.81073545306502,0.0676094363492761,-26.7822888466427,5.19670772050081e-158,1.05649067957781e-154,"TGME49_212770","Not significant"
492.892713083935,-0.802515119277296,0.181832277563707,-4.41349099307259,1.01716951765172e-05,0.000112081605928778,"TGME49_212780","Not significant"
703.310992132063,-0.411809408277566,0.254828131671311,-1.6160280483033,0.106088249095588,0.243290931090051,"TGME49_212800","Not significant"
186.808108700018,0.759207362691441,0.125459201114349,6.05142832050608,1.43567163717375e-09,3.58125207162482e-08,"TGME49_212810","Not significant"
429.175037034532,-0.0488700057377362,0.178257442776704,-0.274154082861795,0.783966213211508,0.872838615256844,"TGME49_212820","Not significant"
23.8423051008888,0.208130329513534,0.3128730453643,0.665222947765261,0.505907905051633,0.681584341265718,"TGME49_212830","Not significant"
2527.81398146186,-0.160491935752458,0.17504775219306,-0.916846596095972,0.359223031651809,0.552223033268005,"TGME49_212840","Not significant"
2375.2747372947,-0.253209492412411,0.274323367974587,-0.923032894652519,0.35599006310129,0.55063146912545,"TGME49_212850","Not significant"
513.467405273163,-0.0207763683080662,0.218498432944625,-0.095087035765294,0.924245695376494,0.955471761948518,"TGME49_212860","Not significant"
297.207795948734,-0.172273724181073,0.154807622792678,-1.11282455652579,0.265783786629477,0.455981804403146,"TGME49_212880","Not significant"
2630.16075376765,-0.597421307486208,0.127643085556033,-4.6804047777735,2.86309069012598e-06,3.63791460814132e-05,"TGME49_212900","Not significant"
1348.06992278836,-0.106493685141032,0.104535658889006,-1.01873070177999,0.308330832769608,0.503685482539664,"TGME49_212920","Not significant"
425.478106728934,0.0123599470082708,0.106095305691002,0.116498528636777,0.90725745213671,0.946580859313792,"TGME49_212930","Not significant"
102.327577450472,-0.683559934834388,0.167327682961297,-4.08515747506343,4.40469333674984e-05,0.000407033706982383,"TGME49_212940","Not significant"
43.4891587578109,-0.2537613631702,0.219346269476474,-1.15689846823411,0.247313844629765,0.43682801575353,"TGME49_212950","Not significant"
6.29829498998779,1.14198793758469,0.748464092662602,1.5257751825103,0.127065863341576,0.275693596769929,"TGME49_212955","Not significant"
312.40361273595,0.298016792842979,0.16315840954457,1.82654877351921,0.0677676415405899,0.173625224010106,"TGME49_212960","Not significant"
644.650422250887,0.225184459118163,0.244910593464385,0.919455773361265,0.357857228354924,0.551572210193753,"TGME49_212970","Not significant"
5421.9641359114,-0.383698479158506,0.239429591152291,-1.60255245524122,0.109033497751711,0.248364258744235,"TGME49_212980","Not significant"
1776.33698815684,0.159765608163692,0.0590238654990438,2.70679676454401,0.00679358328179304,0.0293234709381852,"TGME49_212990","Not significant"
126.46309195631,0.127822546645736,0.124623431705306,1.02567025234865,0.305047040800967,0.499927959652048,"TGME49_213000","Not significant"
162.404262002629,-0.585950989769215,0.202355350984785,-2.8956535466822,0.00378369873366048,0.0181850106986566,"TGME49_213010","Not significant"
633.280481185648,0.242237721558821,0.0768932875107588,3.15031037689639,0.0016309709268216,0.00922326535251267,"TGME49_213020","Not significant"
3784.74255772193,-0.0997721981125959,0.107926999063388,-0.924441511192186,0.355256490369859,0.550065837716621,"TGME49_213030","Not significant"
181.637761294239,-0.261484553892873,0.167931156165024,-1.55709375117929,0.119448228438,0.263811242166708,"TGME49_213040","Not significant"
887.48476819453,-0.763313177314523,0.299297117439531,-2.55035258556655,0.0107614023708228,0.0426279504169903,"TGME49_213050","Not significant"
214.02989334292,0.31914999682305,0.153290825005507,2.0819902092091,0.0373433640339967,0.110120381403743,"TGME49_213060","Not significant"
27.7159430121102,0.524001541032291,0.34256309475951,1.52964971722992,0.126103456109565,0.27463130827075,"TGME49_213065","Not significant"
3043.79097294172,-0.953863139932616,0.0525254289403803,-18.160025708982,1.06974591437747e-73,7.24931147976464e-71,"TGME49_213067","Not significant"
91.5458937809625,-0.359929553370014,0.157747173173924,-2.2816862332815,0.0225078714304687,0.0760739860650755,"TGME49_213069","Not significant"
329.350537073986,0.0655248457368781,0.0995057834926427,0.658502887339437,0.510215042315929,0.685343363745149,"TGME49_213072","Not significant"
384.128411922629,-0.0643305623433093,0.390954056956935,-0.164547627012848,0.869300056729892,0.92294248119917,"TGME49_213100","Not significant"
107.979172174984,0.18609662867507,0.204104905399585,0.911769505542951,0.361890066301191,0.554843517941418,"TGME49_213115","Not significant"
1076.99848128719,0.374827533103147,0.270775490022184,1.38427423055328,0.166274501491834,0.334689169834554,"TGME49_213240","Not significant"
72.3770306799088,0.913019531990922,0.165447979511934,5.51846891502875,3.41965944661033e-08,6.88333431184041e-07,"TGME49_213255","Not significant"
5067.62648201685,0.319755673113784,0.261424449140981,1.22312841880121,0.221281196362074,0.406198349619951,"TGME49_213280","Not significant"
175.79910941537,0.0534069426419377,0.201851230324151,0.264585668148626,0.791328661935787,0.877671123685463,"TGME49_213300","Not significant"
514.49022458774,0.35408435454589,0.191632343273092,1.84772752082507,0.0646417706127266,0.167795205806353,"TGME49_213310","Not significant"
379.202956787907,0.221180553444961,0.111721028591567,1.97975758219663,0.0477307748088177,0.132926938611406,"TGME49_213325","Not significant"
27.7334210327594,0.467236753846646,0.346027951620982,1.3502861594211,0.176924210203575,0.348533836573516,"TGME49_213340","Not significant"
1687.57636952514,0.213057484227189,0.100286277333111,2.12449290065375,0.0336289490701195,0.101889200386815,"TGME49_213350","Not significant"
591.233129793254,0.349888197010164,0.258248307307262,1.35485185037,0.175464762948256,0.346843804157294,"TGME49_213370","Not significant"
15.4103181310891,-0.185756207143474,0.379256970079605,-0.489789830637745,0.624282627532349,0.768678208535,"TGME49_213380","Not significant"
1220.75917822843,0.113247426734192,0.103202783019132,1.09732919424467,0.272497513260206,0.463393930956085,"TGME49_213388","Not significant"
668.96570598858,-0.325133466933238,0.112193973467,-2.89795839193512,0.00375600415468172,0.0180732696957821,"TGME49_213392","Not significant"
638.147135396988,-0.129928723575183,0.0792366736679851,-1.63975489581511,0.101056139790872,0.235469492486925,"TGME49_213400","Not significant"
1909.89102283047,0.156926596541932,0.0873367799344767,1.79679851558146,0.0723676121234937,0.182448264398349,"TGME49_213410","Not significant"
74.4798781591645,0.141971215499428,0.176351644390326,0.805046167787342,0.420793038560858,0.610833450477846,"TGME49_213415","Not significant"
312.188909328526,-0.0317266546638617,0.096874132436852,-0.32750388432684,0.743286805546698,0.84631872062528,"TGME49_213420","Not significant"
680.646692959419,-0.737148248453974,0.104987973089677,-7.02126373869825,2.19870365849455e-12,8.4338953541876e-11,"TGME49_213445","Not significant"
1015.73413426394,-0.793661582298286,0.1093111190926,-7.26057503469483,3.85448154226996e-13,1.63924906339979e-11,"TGME49_213460","Not significant"
2193.4458905103,-0.174233653551101,0.165120567258665,-1.05519049772983,0.291338209148951,0.485564800961158,"TGME49_213480","Not significant"
609.901824362405,0.105045054647434,0.167792694124127,0.626040693820233,0.531288250121359,0.700687001295312,"TGME49_213490","Not significant"
5972.69128304627,-0.0442706055452727,0.0677773273504184,-0.653177209487582,0.513642041102976,0.687448498724392,"TGME49_213520","Not significant"
17.302792137055,-0.942494870051434,0.452893156371032,-2.08105345994519,0.0374290130595112,0.110120381403743,"TGME49_213530","Not significant"
1402.71637173984,-0.0205855027137891,0.0959524111752788,-0.214538670385104,0.830127014294242,0.90304237591964,"TGME49_213550","Not significant"
88.0570104346525,0.283573187839701,0.182465975363319,1.5541154304251,0.120156885180442,0.264789269833739,"TGME49_213560","Not significant"
4966.75349896959,0.224982066187781,0.0992695177964618,2.26637613621812,0.0234283634207181,0.0784030663939421,"TGME49_213570","Not significant"
178.511277668901,0.963460321351591,0.174221661814452,5.53008340821412,3.20078561119608e-08,6.52777428104685e-07,"TGME49_213580","Not significant"
4369.97056898814,0.28739801838991,0.202770976049453,1.41735283810942,0.156379794053125,0.320476323296181,"TGME49_213590","Not significant"
107.244400899075,-0.0221722944189202,0.14931766330996,-0.148490767451229,0.881955471690363,0.929987279017898,"TGME49_213600","Not significant"
7076.82561224853,-0.36771484508998,0.0470002505468735,-7.82367840195356,5.1301766563875e-15,2.78123977131621e-13,"TGME49_213610","Not significant"
614.345226412965,-0.593627839414068,0.17768707589839,-3.34086109759347,0.00083518995701445,0.00522769889445668,"TGME49_213620","Not significant"
171.339390007805,0.662845650552768,0.354847785691981,1.86797178192944,0.0617660042554532,0.162235512469427,"TGME49_213635","Not significant"
2479.42919577545,0.0376768478275528,0.104370270979155,0.360992143395677,0.71810532029555,0.832497419502534,"TGME49_213650","Not significant"
5455.77746035745,-0.706263560921739,0.0714511268672881,-9.88456854198449,4.8566940609543e-23,6.17103689120006e-21,"TGME49_213660","Not significant"
403.883955869065,-0.181181959794915,0.174498563474723,-1.03830058074467,0.29913013841322,0.492214950541543,"TGME49_213670","Not significant"
916.408492100749,-0.253954646747948,0.0819528175393831,-3.09879091863935,0.00194312094771869,0.0106478837916768,"TGME49_213680","Not significant"
1195.28668118896,0.388255483575769,0.079323793653452,4.89456524573157,9.852328676899e-07,1.42055207093161e-05,"TGME49_213690","Not significant"
4136.4550364492,-0.655676907840436,0.29921007447223,-2.19135972943748,0.0284257708695698,0.0900149410869711,"TGME49_213700","Not significant"
750.786751940902,-0.785696321380753,0.141185745414948,-5.56498334213257,2.62177454083773e-08,5.41123618428742e-07,"TGME49_213710","Not significant"
63.4197058233234,0.143286196999416,0.182286462209703,0.786049579669714,0.431838441392191,0.619567785003757,"TGME49_213720","Not significant"
1406.55391698964,-0.0576065772672974,0.208157896090589,-0.276744617183425,0.781976209760402,0.871100073667341,"TGME49_213730","Not significant"
562.221598141839,0.235397625786411,0.101765633072621,2.31313478508436,0.0207152297389581,0.0711386183434154,"TGME49_213740","Not significant"
516.549001823897,0.319788483924032,0.195090980039414,1.63917616211383,0.101176576876263,0.235604472235952,"TGME49_213746","Not significant"
17.2911773697266,0.825744852887673,0.432479835742706,1.90932567172665,0.0562200926082413,0.150882098159959,"TGME49_213748","Not significant"
45.5937700694915,0.280453401088529,0.420884215731334,0.66634335669065,0.50519165880698,0.681296611843841,"TGME49_213752","Not significant"
579.954218201854,-0.156881007067039,0.0802208976763182,-1.95561270954652,0.0505107945524923,0.138673480156685,"TGME49_213770","Not significant"
266.951567801856,-0.140896513914782,0.107244854659473,-1.31378343848907,0.188919092486566,0.363877323567209,"TGME49_213780","Not significant"
1184.10774202167,-0.00548473670964561,0.239500010158361,-0.0229007786096503,0.981729419318746,0.988534367505142,"TGME49_213790","Not significant"
3151.85252814537,0.272225118336538,0.137799522287395,1.97551568987869,0.0482096558641395,0.133802362282315,"TGME49_213800","Not significant"
278.727939868726,-0.259588249368548,0.168857288004626,-1.53732333638709,0.124214149549279,0.271827089379639,"TGME49_213810","Not significant"
432.712975489616,-1.48395904334403,0.16680209522717,-8.89652519845755,5.7622384964536e-19,4.59397288756477e-17,"TGME49_213820","Not significant"
1186.80880215768,-0.0110859698402344,0.0903063830927704,-0.122759537704505,0.902297516076093,0.943121259734035,"TGME49_213830","Not significant"
30.4456619605056,0.152622542248525,0.353257183988877,0.432043704037822,0.665709649353233,0.797103851484968,"TGME49_213850","Not significant"
2.57666432144355,0.134065920020216,0.865550612082537,0.154890907762921,0.87690732169505,0.927105581666633,"TGME49_213860","Not significant"
177.305025648057,-0.188569242375832,0.126676948845145,-1.48858370915095,0.136597024081328,0.289725352068169,"TGME49_213870","Not significant"
62.2259654376592,0.418103848601688,0.234330796293133,1.78424626730951,0.0743836571949779,0.186348706195182,"TGME49_213880","Not significant"
6.01977119105281,1.09932005249107,0.705224373046893,1.55882311290732,0.119038252174839,0.263334893004839,"TGME49_213885","Not significant"
316.394949976523,-0.234234386720176,0.135079115988281,-1.73405329910878,0.0829086266521144,0.202588026422775,"TGME49_213890","Not significant"
1725.93473223033,-0.107395953954744,0.114838116680686,-0.93519431578075,0.349688167370789,0.545701446575467,"TGME49_213900","Not significant"
1134.09095755506,0.259375480326194,0.189114104001518,1.37152901258021,0.170210105751544,0.339751737842797,"TGME49_213910","Not significant"
414.72883847821,-0.833666752123468,0.109782017960918,-7.59383702001406,3.10568980659724e-14,1.50330175638386e-12,"TGME49_213920","Not significant"
611.616655186953,0.0752893514266154,0.0867150083140031,0.868238992193665,0.385263512450905,0.576972906676014,"TGME49_213930","Not significant"
3082.26004198829,0.370113518275585,0.248393463200974,1.49002922019783,0.136216553033644,0.289069156907513,"TGME49_213940","Not significant"
936.712930992182,-0.256142260539609,0.0719412665338747,-3.56043579548326,0.000370239831337722,0.00259104157352698,"TGME49_213950","Not significant"
127.783694814341,-1.04519281393315,0.264208355499266,-3.95594155967582,7.62337970002902e-05,0.000656708937718602,"TGME49_213960","Not significant"
1844.68687390239,0.357643413232575,0.0721609063517241,4.9561934753059,7.18876341907028e-07,1.07857978088339e-05,"TGME49_213970","Not significant"
24.0640074673453,-0.382192371105639,0.357154110269696,-1.07010492142184,0.284572084146052,0.478464418484617,"TGME49_220070","Not significant"
31.410660932221,-0.0377569075295169,0.251250614911682,-0.150275881087053,0.880546960992548,0.928983898130695,"TGME49_220080","Not significant"
917.824414812735,-0.250211681922927,0.0625429893932183,-4.00063515272358,6.31726941887068e-05,0.000554773595186353,"TGME49_220090","Not significant"
857.320029988672,0.013208731553527,0.279034205616302,0.047337320255604,0.962244384146319,0.976701446094318,"TGME49_220100","Not significant"
370.766046053873,-0.126186572316642,0.334390020281835,-0.377363451846701,0.705903523773343,0.823572008342,"TGME49_220110","Not significant"
123.354812474746,0.410194145604535,0.180380463774599,2.27404973366244,0.022962996455815,0.0771632591647468,"TGME49_220120","Not significant"
1.54863959552586,-0.418198893787022,1.20301371003666,-0.347626041414174,0.72812104642295,0.837493684513639,"TGME49_220125","Not significant"
6.12136819610898,0.807500373778402,0.814765229394591,0.991083498222442,0.321644810039572,0.516307855357638,"TGME49_220128","Not significant"
10.285562322279,0.234661903482751,0.620920328743339,0.377925947371824,0.705485606268927,0.823453625006833,"TGME49_220132","Not significant"
151.445089586166,0.185786682687523,0.153148666394282,1.21311329090659,0.225086509179651,0.410404370549086,"TGME49_220140","Not significant"
450.130279289894,0.312760545232953,0.204684071983266,1.52801604053745,0.126508555401977,0.275132561513732,"TGME49_220150","Not significant"
416.649784920529,0.344964886641096,0.0846826264251302,4.0736205430058,4.62878762315717e-05,0.000423888524228762,"TGME49_220160","Not significant"
833.488543124062,0.145724398709483,0.166952051762011,0.872851798893807,0.38274386172716,0.574257026488056,"TGME49_220170","Not significant"
482.109797264722,0.36755158885312,0.234845207805802,1.56508021725125,0.117564101504633,0.261353546592585,"TGME49_220175","Not significant"
63.3116149704843,0.092191785919419,0.209707786936263,0.439620231877414,0.66021218486522,0.794318895268916,"TGME49_220180","Not significant"
105.033584617218,0.441350130047982,0.187251241962678,2.35699440720371,0.0184235243326409,0.0643587110709171,"TGME49_220190","Not significant"
358.325410546354,0.250185283434642,0.293489812918853,0.852449633418165,0.393964582377363,0.586332354299546,"TGME49_220200","Not significant"
107.267139721895,-0.46986974659479,0.169069229602573,-2.77915589784907,0.00545003618039125,0.0244589923945594,"TGME49_220208","Not significant"
140.047934909771,0.193437093852885,0.14209112666354,1.36135942050011,0.173400133402603,0.34385836645968,"TGME49_220212","Not significant"
997.707461009049,0.132543384932322,0.0758552916415804,1.74731890239899,0.0805820360212142,0.198418191713907,"TGME49_220230","Not significant"
6854.62464711612,0.604702467565638,0.154160708268932,3.9225459869498,8.76181629588892e-05,0.000737588924618723,"TGME49_220240","Not significant"
823.095310066162,-0.0755705193462018,0.178913065492179,-0.422386811931883,0.672742702407102,0.800752877045456,"TGME49_220250","Not significant"
278.766320463399,0.376698883626169,0.32793732886561,1.14869168730877,0.250683134763719,0.440436442856372,"TGME49_220260","Not significant"
1870.14298137888,-0.765695787256465,0.142840297838756,-5.36050259514869,8.29907347100977e-08,1.55502454991363e-06,"TGME49_220270","Not significant"
4.56832585136805,-2.32576067694465,0.802025286627118,-2.8998595377529,0.00373329915354791,0.0180709456646736,"TGME49_220280","Down in 120DPI"
86.815284543805,0.417797614277336,0.187825783798411,2.22438903662848,0.0261222808421404,0.0848036643535709,"TGME49_220290","Not significant"
75.7601954199241,0.347917730742995,0.384142635728218,0.90569933765214,0.365095013191046,0.557509927446271,"TGME49_220300","Not significant"
2.14805288171244,3.50420619519153,1.2492218224386,2.80511125586246,0.00502992147434074,0.0230311494534566,"TGME49_220310","Up in 120DPI"
899.996471240883,0.290353092312909,0.0625465615766457,4.64219111320939,3.44733770727186e-06,4.26010292018093e-05,"TGME49_220320","Not significant"
823.379320080926,-0.191998741027786,0.171046408361134,-1.12249501680512,0.26165202514384,0.451369170231165,"TGME49_220330","Not significant"
98.342326702955,-1.6319975386621,0.228339206639558,-7.14725063067362,8.85331483559442e-13,3.49491049723562e-11,"TGME49_220340","Not significant"
417.608024698985,0.114607999306506,0.0938719521282672,1.22089715520036,0.222124961737728,0.407012210196305,"TGME49_220350","Not significant"
931.396443788817,-0.229783815451892,0.0560324183815505,-4.10090840425964,4.11531441336785e-05,0.00038378138543013,"TGME49_220360","Not significant"
1207.17617024104,-0.278374493810271,0.221849029151028,-1.25479248151571,0.209554102646127,0.391745738555931,"TGME49_220370","Not significant"
2795.01186534512,0.0215375213942463,0.100698381680842,0.213881504694964,0.830639463619238,0.903284316415037,"TGME49_220380","Not significant"
6263.42886127387,0.176395615283722,0.0916381911030065,1.92491376314318,0.054240147779669,0.146538498918362,"TGME49_220390","Not significant"
124.461566381627,-0.189838741296123,0.148262739981361,-1.28042110458763,0.200397075500911,0.380398930432635,"TGME49_220400","Not significant"
80.8459897637645,-2.87781410667022,0.378955827618671,-7.59406214902191,3.10029582803683e-14,1.50330175638386e-12,"TGME49_220420","Down in 120DPI"
574.568416232712,-0.251187724478556,0.312462190544891,-0.80389798215432,0.421455895529484,0.611359140643198,"TGME49_220430","Not significant"
144.619792325586,-1.15877656115837,0.299068595155482,-3.87461799710512,0.000106792088396015,0.00087898103525951,"TGME49_220440","Not significant"
145.474689512431,-0.548132991659117,0.205279429007118,-2.67017983394776,0.00758106319487378,0.0322433085254778,"TGME49_220450","Not significant"
1804.9160362849,0.3037817241024,0.0927080794037454,3.2767556620327,0.00105007197362451,0.00641079976690279,"TGME49_220460","Not significant"
3156.55780246679,-0.169498368631679,0.186994480865368,-0.906435141012074,0.364705579881002,0.557509927446271,"TGME49_220470","Not significant"
87.3221664569895,-0.00613704744984561,0.271561732168887,-0.0225990878789538,0.981970071410052,0.988534367505142,"TGME49_220480","Not significant"
1110.1240847958,0.22518953147073,0.191449110277589,1.1762370226961,0.239500173863407,0.427859273694469,"TGME49_220490","Not significant"
2070.67396924727,0.0447437817260757,0.0746214356943084,0.599610303792217,0.548765978586833,0.716043220536522,"TGME49_220500","Not significant"
1972.19632087768,0.413455074591144,0.0651161796530914,6.34949833964215,2.1601819774684e-10,6.50614808917518e-09,"TGME49_220510","Not significant"
206.268462065473,-0.364880800504545,0.133683749036338,-2.72943273310926,0.00634433909802443,0.0275893933396442,"TGME49_220520","Not significant"
4.41338186066516,-0.749239831025178,0.645907921256392,-1.159979319603,0.246057226077935,0.435554497706959,"TGME49_220525","Not significant"
185.596046576167,0.311070663656464,0.125889332561875,2.47098508925346,0.013474143672743,0.0510110504407569,"TGME49_220530","Not significant"
464.196667733914,0.341841007306234,0.0952312096404187,3.58959009968459,0.00033119834375211,0.00234720589612292,"TGME49_220540","Not significant"
5465.86788253374,0.217796046756009,0.135955153017651,1.60196978137145,0.109162291973875,0.248518409387332,"TGME49_220560","Not significant"
4176.79123371401,0.00402938525254264,0.114445901258049,0.035207772478084,0.971914064533867,0.98352478506588,"TGME49_220570","Not significant"
23.5346369990271,0.0979645161400769,0.294513193859453,0.332632011681037,0.739412076254778,0.844163078702492,"TGME49_220580","Not significant"
201.539006354332,1.04714095460441,0.212515362485607,4.92736592007708,8.33455789006397e-07,1.2323022684e-05,"TGME49_220585","Not significant"
1858.00693705867,0.0249850384540287,0.301529040613917,0.0828611347124603,0.933961957731301,0.961389701300119,"TGME49_220600","Not significant"
383.21958172228,-0.178503334514663,0.131099922393632,-1.36158230497422,0.173329742728942,0.34385836645968,"TGME49_220610","Not significant"
1438.95383586323,-1.19474988491888,0.0695774382078096,-17.1715130032594,4.33959245348729e-66,2.52068327369705e-63,"TGME49_220630","Not significant"
1124.09512454831,-0.185396294409644,0.138812949767313,-1.33558356565736,0.181685424720307,0.354818893810168,"TGME49_220640","Not significant"
49.7350757726865,0.103941187269361,0.196228172146778,0.52969553827171,0.596323041926138,0.748810836464385,"TGME49_220650","Not significant"
103.995222093513,-0.313758643131644,0.176618554869425,-1.77647610900003,0.0756544763086444,0.188826136297477,"TGME49_220850","Not significant"
1319.95371638182,-0.0610120380774884,0.12425401571369,-0.491026690180174,0.623407570304911,0.768678208535,"TGME49_220860","Not significant"
1069.81284840525,-0.0201482356794554,0.180955370000285,-0.111343673743551,0.911343824052454,0.947704344909789,"TGME49_220870","Not significant"
1211.81096586107,0.0362941449122278,0.148400114281888,0.244569521309711,0.806789765919951,0.889433676659526,"TGME49_220880","Not significant"
1972.67006668992,0.386101526519852,0.312689590336244,1.23477575989871,0.216913971191761,0.401078766196317,"TGME49_220890","Not significant"
4965.74180363322,-0.665256880758755,0.160395284791388,-4.14760871321123,3.35965951640652e-05,0.000319915119290607,"TGME49_220900","Not significant"
518.029705316894,-0.0916510632680678,0.115731375950312,-0.791929263049781,0.428401922999862,0.617032312758569,"TGME49_220910","Not significant"
611.265340487279,0.187206897195534,0.167585186726869,1.11708499332131,0.263957986267596,0.453806838124333,"TGME49_220920","Not significant"
869.722050438727,-0.551305335441483,0.094433041206899,-5.83805549832494,5.28135667114566e-09,1.19299979027101e-07,"TGME49_220930","Not significant"
728.176167989953,0.0796174223245822,0.0959401290915172,0.829865699353346,0.406614719991615,0.598241018708264,"TGME49_220940","Not significant"
8459.78841940408,0.402405944231394,0.280028766272717,1.43701645222939,0.150713318807777,0.312175422451565,"TGME49_220950","Not significant"
724.173097186112,0.189560612940756,0.120301837704777,1.5757083728508,0.115093026958071,0.257975880711972,"TGME49_221160","Not significant"
1071.86234140779,0.0692041177604878,0.170879098189484,0.404988781505325,0.685485757224986,0.808582851429299,"TGME49_221170","Not significant"
3405.29937565058,0.127647111403399,0.143264647857547,0.890988204782541,0.372935498128656,0.564961153275378,"TGME49_221180","Not significant"
1728.40692115266,0.280096376829809,0.278380922276913,1.00616225615917,0.314337525081165,0.509309220453776,"TGME49_221190","Not significant"
477.236297986699,-0.225835778286686,0.118315506184997,-1.9087589240718,0.056293197960811,0.150882098159959,"TGME49_221200","Not significant"
594.38318459362,-0.453964372131081,0.176976637002925,-2.56510904387667,0.0103143384490449,0.0411965620175017,"TGME49_221210","Not significant"
101.848350048552,-0.64543942616041,0.157341255845141,-4.10216266988275,4.09306337871023e-05,0.000382583809145651,"TGME49_221220","Not significant"
1774.69369282628,-0.0566352717112834,0.0807502344072659,-0.701363557976091,0.48307615829726,0.663788773000346,"TGME49_221230","Not significant"
994.365648073275,-0.391003326724348,0.369076202467621,-1.05941083199113,0.289412718687159,0.483250416460334,"TGME49_221250","Not significant"
574.534101109754,-0.469379568677362,0.0753303765932681,-6.2309467960274,4.63624555283786e-10,1.31824995928942e-08,"TGME49_221260","Not significant"
3217.70406807775,0.131459640536139,0.0628297080329279,2.0923165911776,0.0364102045183728,0.107825121319522,"TGME49_221270","Not significant"
8.82436444911898,-0.158122574553658,0.521951387694614,-0.302945021857424,0.761931760020145,0.859127713877402,"TGME49_221275","Not significant"
218.993737497333,-0.0735128379118091,0.156177068302509,-0.470701868787916,0.637853649693965,0.777665049372013,"TGME49_221280","Not significant"
1818.32348233653,0.290295154960931,0.0656445490845534,4.42222787739797,9.76883451585296e-06,0.000109121102036973,"TGME49_221295","Not significant"
599.74008339916,-0.179620682739208,0.14597520593052,-1.23048761325058,0.218514562663477,0.402391400267074,"TGME49_221310","Not significant"
260.433196556769,-0.590195348818413,0.215840445975617,-2.73440571414075,0.00624929901495494,0.0273222040804374,"TGME49_221320","Not significant"
329.898804161911,0.171051080111184,0.125676973366247,1.36103755150681,0.173501822755016,0.34385836645968,"TGME49_221330","Not significant"
521.065073800064,0.333969700206482,0.099657828432603,3.35116373153104,0.000804727071816793,0.00505721835240662,"TGME49_221340","Not significant"
1055.06721409766,-0.0798924448791888,0.100811808063,-0.792490943414703,0.428074470449223,0.616779162596223,"TGME49_221350","Not significant"
1671.56902162373,-0.276150679847228,0.388236309878903,-0.711295344666147,0.476901235800483,0.659102795637242,"TGME49_221360","Not significant"
618.108696590528,-0.332946740154621,0.0825683137637107,-4.0323790686513,5.52150295971334e-05,0.000494502886215737,"TGME49_221370","Not significant"
9885.50519293076,-0.256264452808527,0.145881422081444,-1.75666270010349,0.0789753188587597,0.19508727003628,"TGME49_221380","Not significant"
1058.8734757042,-0.397046796417317,0.1409827407381,-2.81627945618464,0.00485833865250072,0.0223461594582216,"TGME49_221390","Not significant"
5758.19985332133,0.0313585812483567,0.0349715995997843,0.896687072001996,0.369885920998844,0.562226599918243,"TGME49_221400","Not significant"
697.602074793717,0.184461303176668,0.0733569894168861,2.51457024944657,0.0119177556858265,0.0463709039412159,"TGME49_221410","Not significant"
17.2955096732217,0.62552523458152,0.391598762507219,1.59736264378514,0.110184894404305,0.250425813665682,"TGME49_221420","Not significant"
421.144886086056,-0.262163765177633,0.314785082756188,-0.832834144751034,0.404938274843722,0.596550371563252,"TGME49_221430","Not significant"
225.706167619115,0.259207461307141,0.163938829512157,1.58112304497037,0.113849906493255,0.25682471733707,"TGME49_221440","Not significant"
476.870014676943,0.164635861100643,0.154194567680462,1.06771505363158,0.285649065889896,0.479145669104091,"TGME49_221450","Not significant"
16.5277974572691,-0.0426284058010966,0.37182643061501,-0.114645980735119,0.908725732608381,0.946919228289513,"TGME49_221455","Not significant"
1093.82404406749,0.0186813905062668,0.2488657366166,0.0750661411259163,0.94016208725706,0.965158293819464,"TGME49_221460","Not significant"
9587.27698300861,0.0637702090578119,0.0399373498762375,1.5967561507068,0.110320073783037,0.250488297407555,"TGME49_221470","Not significant"
1440.11876500853,0.00200974652791444,0.0593214989843003,0.0338788898177764,0.972973727008347,0.984352120929569,"TGME49_221480","Not significant"
1319.84846374301,0.193936918615807,0.252697469935057,0.767466799986754,0.442804025228452,0.629745074004507,"TGME49_221490","Not significant"
1064.86746720184,-0.000582562538517081,0.242416298970057,-0.00240314921476892,0.998082566189801,0.999309590650205,"TGME49_221500","Not significant"
1252.35931895468,0.00564906196615048,0.298863926529153,0.0189017859457168,0.984919454817602,0.990767566375154,"TGME49_221510","Not significant"
3.90174951893389,-0.366011199838533,0.682517602753203,-0.536266315128113,0.591774507423274,0.745170376953556,"TGME49_221518","Not significant"
881.965575730755,0.0478239598767528,0.136017962494379,0.351600325425615,0.725138021114753,0.83619149003193,"TGME49_221522","Not significant"
1318.48422024163,-0.0600770956369387,0.185648241519517,-0.323607135436416,0.746235485139099,0.84801382967456,"TGME49_221530","Not significant"
1020.88911363313,0.280973161131775,0.142604476694574,1.97029691945475,0.0488043512918614,0.135268229279283,"TGME49_221540","Not significant"
1686.55952109131,-1.77704138138865,0.386203868549181,-4.60130393842068,4.19854247425073e-06,5.12650861870975e-05,"TGME49_221550","Not significant"
13.7053829701261,1.02362368319234,0.481095591787465,2.12769291730394,0.0333625525402663,0.101460088727541,"TGME49_221560","Not significant"
281.38738260505,-0.0123381557908675,0.178871910746575,-0.0689776038024668,0.945007446606957,0.968102866692841,"TGME49_221570","Not significant"
563.763391142438,-0.265465102681372,0.0720988848519924,-3.68195851054187,0.000231449082798136,0.00170175763229154,"TGME49_221580","Not significant"
183.523151308596,0.385366593327997,0.143089871546253,2.69317869366757,0.00707743253870046,0.0303233305609653,"TGME49_221585","Not significant"
6037.77070381075,0.158087771331964,0.322703007471269,0.489886265922202,0.624214382124586,0.768678208535,"TGME49_221590","Not significant"
45.4509253935714,0.849557664833231,0.209489059060045,4.05537963961032,5.00529411244776e-05,0.000454275130830638,"TGME49_221600","Not significant"
754.82128180292,-0.0362385314783997,0.091977764490315,-0.393992305414375,0.693586720131588,0.816071917064352,"TGME49_221610","Not significant"
1377.76065200937,-1.84875911066834,0.205877402556143,-8.97990302828007,2.71005505399829e-19,2.29564246865772e-17,"TGME49_221620","Not significant"
771.829401566585,0.207535850470381,0.21124672738359,0.9824334466187,0.325886355552365,0.520917200765476,"TGME49_221630","Not significant"
2648.48088968554,0.0389013480762498,0.175951337887343,0.221091516230228,0.82502117588491,0.901371719466785,"TGME49_221640","Not significant"
301.990165618546,0.00596275552063401,0.154872889458983,0.0385009638643903,0.969288263002543,0.981822372220113,"TGME49_221660","Not significant"
13.6775243972666,0.13554791621059,0.652069908686135,0.207873288438823,0.835327906319433,0.905718204558617,"TGME49_221665","Not significant"
2926.7584462676,-0.164505533176113,0.0446561949744022,-3.68382333672654,0.000229761510781648,0.00169625259237315,"TGME49_221670","Not significant"
1459.95955010567,0.290649677321555,0.223635538865361,1.29965782181221,0.193718272445643,0.370662821535993,"TGME49_221675","Not significant"
9.96679814034047,0.201274801782749,0.479818442358815,0.419481170405352,0.674864513146872,0.801635731947175,"TGME49_221685","Not significant"
339.066549974292,0.0354533453174738,0.133856701924287,0.264860442606208,0.791116972536362,0.877671123685463,"TGME49_221690","Not significant"
793.1911517733,0.127333868932898,0.100111072362473,1.27192593114835,0.203399437420068,0.383768961740138,"TGME49_221700","Not significant"
868.798522643774,-0.0214130116423469,0.139903886085337,-0.153055159806538,0.878354776441629,0.927393020257509,"TGME49_221710","Not significant"
338.152635717264,0.425033433186576,0.123362096460871,3.44541350528515,0.000570186414409484,0.0037575007471458,"TGME49_221720","Not significant"
511.123088643954,0.668544782194804,0.252745446975298,2.64513086267443,0.00816593296877227,0.03430029282131,"TGME49_221818","Not significant"
30.3874481507736,0.449722015026299,0.300953181136459,1.49432550713722,0.135090561404442,0.287429734521434,"TGME49_221830","Not significant"
3847.61817977201,0.0941422589856353,0.0821089429869086,1.14655304965557,0.251566390209727,0.441462642465581,"TGME49_221840","Not significant"
459.799423537406,0.177331223179002,0.199492964818021,0.888909658246669,0.374051634360644,0.566265193965261,"TGME49_221850","Not significant"
1.14535356390161,0.87752321635355,1.42917767780882,0.614005683113485,0.539211571755057,0.707368394465387,"TGME49_221855","Not significant"
1071.39110713803,0.0942019478266076,0.1122451230102,0.839252034300389,0.401327893363428,0.592519685699237,"TGME49_221870","Not significant"
140.196344871501,0.331768192771525,0.172949038407605,1.91830030294598,0.0550729440465013,0.148590969139399,"TGME49_221880","Not significant"
23.8259457542128,-0.294236460356962,0.306586944094492,-0.959716211093047,0.337198062134334,0.532585848563121,"TGME49_221890","Not significant"
4.4986148576368,0.190329142977028,0.643240633304494,0.295891044692338,0.767313290315689,0.863758537769543,"TGME49_221895","Not significant"
304.451717301481,0.285480123361281,0.159464952843341,1.79023740496595,0.0734157542318148,0.184720579645148,"TGME49_221900","Not significant"
1444.22871832168,0.352958488894039,0.167853824638095,2.10277299105363,0.0354856180669294,0.105955926272731,"TGME49_221905","Not significant"
3032.40031528906,0.221253432444633,0.174483995142659,1.26804428259299,0.204782137123699,0.386100958142618,"TGME49_221910","Not significant"
236.594174683443,-0.0319274266287233,0.14830570124569,-0.215281181778919,0.829548100428286,0.90304237591964,"TGME49_221922","Not significant"
314.452933186313,-0.152749401582514,0.127447059845433,-1.19853217302751,0.230709905644076,0.417632952437156,"TGME49_221940","Not significant"
2437.66567902551,0.219368699535185,0.21494912415602,1.02056102994845,0.307462460622408,0.502468796177939,"TGME49_221950","Not significant"
370.561960854958,0.212462358364113,0.26328575117801,0.806964894277414,0.419686709021067,0.609880685804023,"TGME49_221970","Not significant"
369.640471517392,-0.161431277077449,0.353936240785678,-0.456102705727729,0.648316124588834,0.786412101007815,"TGME49_221980","Not significant"
632.085398848031,-0.356039447668456,0.169100626632119,-2.10548863572827,0.0352487955198959,0.105461076220675,"TGME49_221990","Not significant"
1122.53750999616,0.223030195114556,0.096331585161281,2.31523435165271,0.0206001102589648,0.0708629850363374,"TGME49_222000","Not significant"
337.263868370919,0.00255171917145305,0.180218636742403,0.0141590193865487,0.988703114499141,0.992355053503867,"TGME49_222010","Not significant"
154.462291707328,-0.651684491829572,0.200766345180837,-3.24598473535281,0.00117045115173596,0.00698833242725172,"TGME49_222020","Not significant"
509.68932208793,-0.0753584015674509,0.224845268717618,-0.335156714647588,0.737506872220792,0.844128998182205,"TGME49_222030","Not significant"
1340.14846377955,-0.0323241300876426,0.125158273898638,-0.258266026533898,0.796201603929584,0.880913121517738,"TGME49_222040","Not significant"
173.961226221082,-0.229423189072626,0.286253585695951,-0.801468350221164,0.42286055963763,0.612740924977407,"TGME49_222050","Not significant"
157.27585856111,-0.175570880470504,0.121290184074912,-1.44752752920275,0.147749231915007,0.307760439019682,"TGME49_222060","Not significant"
548.173446869887,-0.449419458253395,0.100659400535357,-4.46475397094717,8.01608113250656e-06,9.15544547325047e-05,"TGME49_222070","Not significant"
351.375540220317,0.345874136808565,0.118594010857983,2.91645534463583,0.00354033398125787,0.0173642918791248,"TGME49_222090","Not significant"
1678.09978933883,-0.136798794765391,0.112108688576709,-1.2202336545199,0.222376312288628,0.407289227822325,"TGME49_222100","Not significant"
2099.28660141481,0.0934757367335483,0.0819369516934409,1.14082516864038,0.253942684696808,0.442679898642563,"TGME49_222110","Not significant"
343.94077083499,0.0853065417153154,0.0894522551761576,0.953654455634706,0.340258581233366,0.535940115769054,"TGME49_222120","Not significant"
1117.17530375184,0.155805704641742,0.286303593565266,0.544197516704324,0.586305560513522,0.742885138375812,"TGME49_222130","Not significant"
330.505410699116,0.0547438242598099,0.119663908334359,0.457479828478001,0.647326197698761,0.785445634092259,"TGME49_222140","Not significant"
8.51999430373088,-0.244747475159711,0.524720969631395,-0.466433570077522,0.640905187067254,0.78044938323314,"TGME49_222150","Not significant"
387.722581967272,0.219179835860019,0.144175741679405,1.52022686553884,0.128453967517063,0.277394938342745,"TGME49_222155","Not significant"
3466.45423220133,-0.0765792313826856,0.081661873218089,-0.937759916162717,0.348367804715756,0.544584196068536,"TGME49_222160","Not significant"
1211.15125340778,0.236513915033602,0.175495249062315,1.34769411877139,0.177756784463732,0.349737695435563,"TGME49_222170","Not significant"
298.985585293684,0.446237607711707,0.169490229050631,2.63282202290496,0.00846787073634656,0.0352048695439521,"TGME49_222180","Not significant"
78.7115974685457,-0.63048616074863,0.18872945500225,-3.3406876565246,0.000835711825232869,0.00522769889445668,"TGME49_222188","Not significant"
1150.37287169219,-0.0494690393155624,0.147669741289654,-0.334997805803214,0.737626741402207,0.844128998182205,"TGME49_222192","Not significant"
361.11560144101,0.410603217154299,0.0959764547039067,4.27816612335844,1.88439370112427e-05,0.000191070942363374,"TGME49_222200","Not significant"
519.237925078109,0.0348701094665974,0.0783592695987603,0.445002992564253,0.656317591492926,0.792335904694251,"TGME49_222210","Not significant"
4305.20901434189,-0.635633469166432,0.0846548960644571,-7.50852577602191,5.97969140363673e-14,2.73184553339179e-12,"TGME49_222220","Not significant"
258.640271016952,0.188827059508359,0.13526853804559,1.39594219200269,0.162731903815557,0.329515896869549,"TGME49_222230","Not significant"
1550.00423108597,-0.0102749248888755,0.164946013174426,-0.062292653766721,0.950329778562029,0.970587693232979,"TGME49_222240","Not significant"
825.989210108854,0.324765010155259,0.137727259222226,2.35803000792489,0.0183722077529466,0.0643587110709171,"TGME49_222245","Not significant"
285.365012719808,0.102616228465722,0.239797303776435,0.427929033603278,0.668702788372032,0.79851557636437,"TGME49_222250","Not significant"
291.450823532062,-0.2660775951899,0.170611505224051,-1.55955247473188,0.118865674861427,0.263334893004839,"TGME49_222270","Not significant"
677.025520611336,0.238378214997342,0.114101286464022,2.08918078300989,0.0366914526192084,0.108499960981601,"TGME49_222280","Not significant"
1019.30914423919,0.432592467580208,0.171899376179265,2.51654472049439,0.0118511859138479,0.0462003086536009,"TGME49_222290","Not significant"
365.308258073803,-0.604029998467977,0.161263872562393,-3.74560023190736,0.000179962975832436,0.00137285076873299,"TGME49_222300","Not significant"
50.52023676311,0.060175699267115,0.213592732953892,0.281731023499312,0.778149764334173,0.868946464870637,"TGME49_222305","Not significant"
491.360649089338,0.389763215268741,0.108312400348856,3.59850962598353,0.000320046006870329,0.00228446370740361,"TGME49_222310","Not significant"
191.681324323982,-0.631938556758742,0.195561623074947,-3.23140372237838,0.00123183814836312,0.00729061704693517,"TGME49_222330","Not significant"
257.361342536906,0.4676391276903,0.162481000861469,2.87811575021629,0.0040005831953578,0.0190302802336542,"TGME49_222340","Not significant"
2479.49559117334,-0.175750025304633,0.0612285107254764,-2.87039523291076,0.00409959024096734,0.0194050453082342,"TGME49_222350","Not significant"
785.268552915266,-0.115763799587509,0.0756397166566945,-1.53046315750924,0.125902126211705,0.27463130827075,"TGME49_222360","Not significant"
16671.3596272021,-0.15558876966349,0.130069340364776,-1.19619865240452,0.231619046630852,0.418004014026208,"TGME49_222370","Not significant"
1823.86991080829,0.127870809018393,0.0801561592173776,1.59527115903366,0.110651612116777,0.250925518609491,"TGME49_222380","Not significant"
2.22937370009419,-1.61962190700658,1.34802434155851,-1.20147823527731,0.229565744195268,0.416516874564017,"TGME49_222385","Not significant"
586.316539845916,0.174919945492932,0.210570860154324,0.830693978097143,0.40614652911068,0.598053007539224,"TGME49_222390","Not significant"
214.352312061773,-0.740667275824004,0.163049797708381,-4.54258322447419,5.55690469750661e-06,6.55394544643464e-05,"TGME49_222400","Not significant"
2308.53747204596,0.151434689513319,0.0852983273725914,1.77535356410727,0.0758395262273393,0.18894823139728,"TGME49_222410","Not significant"
189.094991030152,1.00763786900125,0.128121402126834,7.86471153354796,3.69948949750824e-15,2.08918393012063e-13,"TGME49_222420","Not significant"
713.121353495395,0.17597300027969,0.0786760695807104,2.23667757194157,0.0253074208847477,0.0829838494495033,"TGME49_222430","Not significant"
3.09715319136592,1.38802485197087,0.926952806826361,1.497406169709,0.134287603887586,0.286020637719708,"TGME49_222440","Not significant"
526.223731051679,-0.0436565058747782,0.0888049254730244,-0.491600050810689,0.623002107511574,0.768678208535,"TGME49_222660","Not significant"
2755.77422425008,-0.323412360252643,0.0783990657860009,-4.12520681222699,3.70401763994247e-05,0.000347818376997831,"TGME49_222710","Not significant"
281.698535045946,0.42055902854187,0.106113833199925,3.96328184422015,7.39264184066302e-05,0.000639542164343316,"TGME49_222800","Not significant"
2316.34148197337,-0.210340461335223,0.0499951582211004,-4.20721663495904,2.58535276900626e-05,0.000255146707737366,"TGME49_222840","Not significant"
6574.94464271301,0.237944532611786,0.170022241036565,1.39949062640936,0.161665907295358,0.328338451080381,"TGME49_222850","Not significant"
5355.73986429778,-0.047632256126431,0.071066254757952,-0.670251391306099,0.502697548196554,0.679060981928513,"TGME49_222860","Not significant"
1297.51988828454,-0.175110387091922,0.179134516335217,-0.977535712683286,0.328304006426503,0.52327874956102,"TGME49_222870","Not significant"
227.029120010901,0.0486232051035445,0.126058121834168,0.385720526341883,0.699703659246404,0.820592754108993,"TGME49_222880","Not significant"
1547.0776997643,0.00884962304320811,0.0633022494162043,0.139799503569343,0.888818405538357,0.934799699151308,"TGME49_222900","Not significant"
2272.41608782787,-0.190194555403995,0.101192095693755,-1.87953964289458,0.0601708458278635,0.159073250413584,"TGME49_222910","Not significant"
2626.12294041558,0.366461345806611,0.253116155544638,1.44779911427654,0.147673240563202,0.307759813495632,"TGME49_222920","Not significant"
1540.89714362358,-0.0922599110932995,0.204327777888355,-0.451528970004804,0.651608350364885,0.788993315242294,"TGME49_222930","Not significant"
571.85561503562,-0.41787991160407,0.0760488417120146,-5.49488857682431,3.90957178790602e-08,7.83069896040685e-07,"TGME49_222940","Not significant"
967.414629662924,0.228529408172181,0.132741795146489,1.72160854024902,0.0851404550851417,0.20679873977072,"TGME49_222948","Not significant"
3063.78616914125,0.0466228157750377,0.12416498512821,0.375490849750402,0.707295450304252,0.824265778428515,"TGME49_222952","Not significant"
330.986132128507,-0.20329046552031,0.106331760653611,-1.91185083620081,0.0558953291517056,0.150112555040182,"TGME49_222960","Not significant"
3789.35696238267,0.321102005338192,0.110778530336499,2.89859419837779,0.00374839691630466,0.0180732696957821,"TGME49_222970","Not significant"
19.9641736954723,-1.67363592695577,0.560060143283649,-2.98831464267962,0.00280520598403382,0.0143651984018659,"TGME49_222975","Not significant"
3.29927367297413,-1.70829303847146,0.929415188244418,-1.83803004306211,0.0660579784486774,0.170751265335234,"TGME49_222980","Not significant"
2133.11990524673,0.0724931208023483,0.075548739291312,0.95955434177159,0.337279557655801,0.532585848563121,"TGME49_222990","Not significant"
249.069152410446,-0.142544557971133,0.198045159938846,-0.719757847226104,0.471674102628416,0.655894027592353,"TGME49_223000","Not significant"
491.661509152812,-0.241726217976202,0.19234819809089,-1.25671163221389,0.208858074468795,0.391163947853579,"TGME49_223010","Not significant"
248.008987994016,0.464758110306505,0.0969828401682686,4.79216848568399,1.64988253672642e-06,2.25872807889887e-05,"TGME49_223020","Not significant"
11.2669266343877,-0.00894166762444205,0.695105768385125,-0.0128637511456931,0.989736494628418,0.992911075045435,"TGME49_223030","Not significant"
1605.59286637851,0.0733827261854206,0.0979405820995044,0.749257607136398,0.453701953775225,0.640855894190674,"TGME49_223040","Not significant"
1081.99224860377,0.486266822697442,0.146799246330255,3.3124613024476,0.000924789189482702,0.00570590719944866,"TGME49_223050","Not significant"
252.437046187696,-0.0681149185938476,0.174254180432972,-0.390894028623024,0.695875567990299,0.817581812648518,"TGME49_223060","Not significant"
6958.51394680869,0.257503342956587,0.0420941327748363,6.11732148834105,9.51612651789523e-10,2.49629486592013e-08,"TGME49_223070","Not significant"
3103.51674775959,0.324162149386662,0.249149551113622,1.30107458728204,0.193232925354702,0.369908227162061,"TGME49_223080","Not significant"
1137.53109594602,-0.835171637792271,0.139847655857045,-5.97201027556727,2.34347766556568e-09,5.63821312910653e-08,"TGME49_223095","Not significant"
10475.9772075222,-0.0690614724298673,0.13092243127151,-0.527499159304842,0.597847000088142,0.749716290853587,"TGME49_223110","Not significant"
17.4592846754592,-0.522144000473388,0.394232250026582,-1.32445785558686,0.18535103090697,0.360075151298491,"TGME49_223120","Not significant"
1476.74851991304,-0.110817665636956,0.0742655860257782,-1.49218058547993,0.13565181051833,0.288322144049938,"TGME49_223125","Not significant"
257.011453057086,0.220881381662679,0.192207280781792,1.14918321909689,0.250480438903897,0.440436442856372,"TGME49_223130","Not significant"
752.691943432985,-0.259187573941086,0.106099200857481,-2.44287960556125,0.0145705971169802,0.0538582568546389,"TGME49_223140","Not significant"
4.86644812567768,-0.0327811964882201,0.692747330649044,-0.047320567020456,0.962257736330969,0.976701446094318,"TGME49_228980","Not significant"
22.5737355276912,-0.088921948062297,0.419979504112969,-0.211729256288607,0.832318262295889,0.903724076172232,"TGME49_228990","Not significant"
4995.56068065331,-0.140487447328077,0.150418075572575,-0.93397982119705,0.350314302014656,0.545738678923981,"TGME49_229000","Not significant"
5.74706753046545,0.338272723315784,0.889117316084146,0.380459043139106,0.703604693597879,0.822085254071545,"TGME49_229005","Not significant"
4531.62517670771,-0.393626192694889,0.0605367397050925,-6.50226944187047,7.91172251883323e-11,2.49372587299038e-09,"TGME49_229010","Not significant"
1196.74559022744,-0.501700720972265,0.147985764770687,-3.39019581883217,0.000698427153917044,0.00448626351947346,"TGME49_229020","Not significant"
787.722132180415,0.0834277808506636,0.0696353949145911,1.19806573873802,0.230891425602111,0.417632952437156,"TGME49_229030","Not significant"
35.6968109549786,-0.282422077486206,0.266430193382737,-1.06002279208834,0.289134230437158,0.482999088314497,"TGME49_229140","Not significant"
113.998492181055,-0.191016423388281,0.165014536658183,-1.15757330994396,0.247038206367602,0.436720585691596,"TGME49_229150","Not significant"
358.466437125391,0.236779998854835,0.0902737145446531,2.62291188580386,0.00871818167779541,0.0360611665329768,"TGME49_229160","Not significant"
26.4062823236487,-0.955831840350393,0.273361524266951,-3.49658512811399,0.000471254106217346,0.00319353199313288,"TGME49_229170","Not significant"
622.215342656506,-0.0877436312394389,0.1056507374301,-0.830506566955972,0.406252436503526,0.598053007539224,"TGME49_229180","Not significant"
14.1901232964449,-0.564429687948558,0.426942807871332,-1.32202645774199,0.186159340823864,0.360439942757063,"TGME49_229190","Not significant"
296.448557556398,-0.159393886173078,0.235246198397585,-0.677562006352551,0.498049442682016,0.678187888126281,"TGME49_229200","Not significant"
1039.54997407249,0.0662795015514388,0.0702548952270498,0.943414709213312,0.345468822369233,0.541301052698768,"TGME49_229210","Not significant"
458.844028029934,-0.244601460698099,0.24804927118349,-0.986100299876143,0.324083896519063,0.518993746847779,"TGME49_229220","Not significant"
1.30401785480877,2.77057477605974,1.41437193269544,1.95887284809146,0.050127679544806,0.137901992577254,"TGME49_229230","Not significant"
639.45814765212,0.0790720410595306,0.209301077587697,0.377790893247549,0.705585939381162,0.823453625006833,"TGME49_229250","Not significant"
205.39085703382,0.043808042159615,0.201568527282306,0.217335725722001,0.827946717311314,0.902789002089501,"TGME49_229260","Not significant"
7.0810093204371,-1.43633800106204,0.754037934134315,-1.90486172650061,0.0567980475337309,0.151735125671583,"TGME49_229270","Not significant"
234.987427981987,-0.359083111323106,0.264869663362507,-1.35569739004673,0.175195470187334,0.346639796487445,"TGME49_229280","Not significant"
82.2635291567739,-0.603807921388978,0.171030916447855,-3.53040218651388,0.000414928405542161,0.00285948965582107,"TGME49_229290","Not significant"
110.481536214413,0.561226046044223,0.137528471738512,4.08079897165804,4.48811597151323e-05,0.000413802257146776,"TGME49_229310","Not significant"
7.93526254246712,-1.86116181554697,0.746833072722683,-2.49207203527,0.0127000277288053,0.0486236466528461,"TGME49_229320","Not significant"
1.45561766902912,-1.14694957944228,1.30766544160819,-0.87709710981713,0.380433894388993,0.57205777166629,"TGME49_229330","Not significant"
146.685183133657,-0.0945415709545878,0.148062576342711,-0.638524421834712,0.523132361710058,0.695116399579443,"TGME49_229340","Not significant"
586.709827373957,-0.411820677024942,0.14403038266589,-2.85926253476844,0.00424627201446729,0.01998303473475,"TGME49_229350","Not significant"
3676.95719599339,-0.0126166815907788,0.0671975174737665,-0.18775517407625,0.851068576645334,0.913263134224514,"TGME49_229360","Not significant"
228.596941063343,-0.140488602921943,0.193979601579483,-0.72424420804049,0.468915822432741,0.65294922397655,"TGME49_229370","Not significant"
518.866195928481,-0.218902083772299,0.185155323387344,-1.18226189648546,0.237101799580932,0.425068746515022,"TGME49_229380","Not significant"
958.019967225395,0.0604310221579461,0.194989203852084,0.309919836401754,0.75662191773885,0.856916817509793,"TGME49_229390","Not significant"
217.479382306138,-0.191315336590772,0.121320465531252,-1.57694199204577,0.11480887312311,0.257688460943906,"TGME49_229405","Not significant"
492.790196032964,0.0181229686819404,0.137473797678978,0.131828530148417,0.895119919691065,0.938272130307777,"TGME49_229420","Not significant"
429.2566379869,0.254178932306572,0.0983538585106195,2.58433106901574,0.0097568088103323,0.0395525270416861,"TGME49_229440","Not significant"
602.818327999898,0.258107371494385,0.0933446332063513,2.76510135214526,0.00569051121245839,0.0252043775488625,"TGME49_229450","Not significant"
388.346795234765,-0.28008011575072,0.142512120073624,-1.96530734091968,0.0493786764642259,0.13667372260282,"TGME49_229460","Not significant"
1164.28793926354,0.192384835903921,0.233869238823331,0.822617103779312,0.410725769135118,0.602518435581199,"TGME49_229470","Not significant"
4952.61981547228,-0.32306917481694,0.0758196569964725,-4.26102131841576,2.03494818819456e-05,0.00020531263854092,"TGME49_229480","Not significant"
846.468851569674,0.0210866365005295,0.141752756824798,0.148756447302057,0.881745818189572,0.929987279017898,"TGME49_229490","Not significant"
385.040139237297,-0.0419210737772419,0.0824281451352018,-0.508577182083635,0.611048626326337,0.759000182834823,"TGME49_229500","Not significant"
466.460535330682,0.0648750704271609,0.137537745579994,0.471689209050098,0.637148640586104,0.777320811224525,"TGME49_229620","Not significant"
2002.1938285039,0.263551103033927,0.100683019928459,2.61763208156842,0.00885422142824104,0.036438526646992,"TGME49_229630","Not significant"
679.094190247655,-0.153552453351335,0.101456781939987,-1.51347648146542,0.130158670719078,0.279569548411924,"TGME49_229640","Not significant"
794.154137675562,-0.279769356670742,0.126474823648008,-2.21205571671219,0.026962815388304,0.0868706872970237,"TGME49_229650","Not significant"
29.0776902266916,1.44667673920553,0.330907457536765,4.37184689028896,1.231999133077e-05,0.000132521388229923,"TGME49_229660","Not significant"
322.080681400622,0.293540484578963,0.223551043174406,1.31308036147232,0.189155870588682,0.364158744646726,"TGME49_229670","Not significant"
229.709823803179,0.0744177307437047,0.133607225370963,0.556988819557346,0.577535068088072,0.736760541189754,"TGME49_229680","Not significant"
353.213371500077,-0.268687846765352,0.121768200032304,-2.20655184764225,0.0273453841996865,0.0876863818264397,"TGME49_229690","Not significant"
19.2464478154054,-0.0760283582259616,0.311142963736506,-0.244351848143822,0.806958331155771,0.889433676659526,"TGME49_229700","Not significant"
403.338968918911,-0.0995788873116021,0.123329606780654,-0.807420780062217,0.419424098818728,0.60971697740327,"TGME49_229710","Not significant"
550.971180547183,0.730314940456452,0.189607290916656,3.85172393385162,0.000117289205575678,0.000951892035670076,"TGME49_229720","Not significant"
7.49436061559873,0.583530383402178,0.670901017031497,0.869771201099227,0.384425452702507,0.575954281931309,"TGME49_229730","Not significant"
442.805785929228,0.49623553277938,0.167098945003461,2.96971074694159,0.00298080273341411,0.0150933299054318,"TGME49_229740","Not significant"
147.117391653727,0.0413779359649669,0.166746944260332,0.2481480913999,0.804019827414118,0.887389961527091,"TGME49_229750","Not significant"
13.7995535564096,0.162090727549525,0.412051335408634,0.393375081259666,0.694042471522019,0.816071917064352,"TGME49_229760","Not significant"
307.642117560982,0.171244418667499,0.139961640769878,1.22350965397052,0.221137260133412,0.406117479540404,"TGME49_229770","Not significant"
345.952104691975,-0.188713589384862,0.101824592726268,-1.85332034562785,0.0638364566933165,0.166383995458349,"TGME49_229780","Not significant"
612.556226601435,0.0397649752410581,0.182050713959208,0.218428010394774,0.827095643246498,0.902326505350217,"TGME49_229790","Not significant"
137.575548763835,-0.0498636339539964,0.144251181354907,-0.345672274470425,0.729589022983602,0.838470595661765,"TGME49_229900","Not significant"
4.46240337661198,0.779019698663473,0.672305288966454,1.15872909442833,0.246566627592063,0.43626627841137,"TGME49_229910","Not significant"
3.73141758833096,0.489857081311604,0.762673018921173,0.642289774462618,0.520685052377268,0.692543481506697,"TGME49_229915","Not significant"
3561.11581180356,-0.0933553988072139,0.0558007839730155,-1.67301231560401,0.0943248715975039,0.224021570044072,"TGME49_229920","Not significant"
2610.57652594607,0.258056504497392,0.0757919594189915,3.40480054184652,0.000662123962642132,0.00428693635685177,"TGME49_229930","Not significant"
326.391186829714,-0.116125236261978,0.110190253803166,-1.05386122868375,0.291946455959646,0.48579962850593,"TGME49_229940","Not significant"
1839.280529548,-0.0147966118448255,0.12127530284191,-0.122008451004355,0.90289232534312,0.943258015119508,"TGME49_229950","Not significant"
3643.50462957464,0.0394112602691869,0.110241533728768,0.357499201400372,0.720718123939116,0.833823182429455,"TGME49_229990","Not significant"
348.226353728211,0.330981876098209,0.149948354763905,2.20730581952261,0.0272927010125938,0.0875865211659088,"TGME49_230000","Not significant"
355.167498116579,-0.0514541644765895,0.0876510567291234,-0.587034160188203,0.557180764584728,0.72080718701925,"TGME49_230010","Not significant"
167.079717175841,-0.179493425293633,0.325621038055479,-0.551234116706707,0.581473195519809,0.738834379057357,"TGME49_230030","Not significant"
14.8415566631665,0.624736606086292,0.439557717299847,1.42128458106475,0.155234044185654,0.318617679787416,"TGME49_230040","Not significant"
123.337181194423,0.317668464235875,0.251550964268112,1.26283938191266,0.206646908447573,0.388188572391702,"TGME49_230050","Not significant"
660.092360986724,-0.425610843821278,0.0839627305206294,-5.06904481526725,3.99817090135238e-07,6.37512269996031e-06,"TGME49_230060","Not significant"
309.473680507615,0.0387991916716415,0.267536075222613,0.145024149133373,0.884691805099062,0.931325433308345,"TGME49_230070","Not significant"
138.948275921936,0.315831741424167,0.175642535185067,1.79815066487961,0.0721531352226552,0.182107168103859,"TGME49_230080","Not significant"
53.4612457646943,0.0087090253624302,0.199468920193702,0.0436610643601669,0.965174575741365,0.979386030687394,"TGME49_230100","Not significant"
268.583312466251,-0.210334524599175,0.247347243351978,-0.850361304814975,0.395124242536099,0.587187995100345,"TGME49_230110","Not significant"
64.3291569837688,0.730728529306901,0.19257230228715,3.7945671346718,0.000147901260199327,0.0011587023583246,"TGME49_230118","Not significant"
22.8994140914151,0.580487238231198,0.283586800792861,2.04694730716752,0.0406632584984306,0.117593747549516,"TGME49_230122","Not significant"
30.3599044891237,-0.041371530082088,0.30936178136239,-0.133731871790669,0.893614601484731,0.937304920640743,"TGME49_230130","Not significant"
770.414770650498,-0.162797024914545,0.262372454220237,-0.620480627047428,0.53494140466142,0.703828450383313,"TGME49_230140","Not significant"
178.75454435599,-0.282913531023885,0.172330109170019,-1.64169530435779,0.100653165282749,0.234799638576969,"TGME49_230150","Not significant"
1357.69032871847,0.49323575145262,0.0842465483937976,5.85467014205811,4.77957684511535e-09,1.09711261298325e-07,"TGME49_230160","Not significant"
3025.69601668438,-0.0847956586517426,0.20167379424563,-0.420459479968256,0.674149824332052,0.801635731947175,"TGME49_230170","Not significant"
2.82801340918139,0.533787301317637,0.962272345355179,0.554715412839402,0.579089332169829,0.73734170271684,"TGME49_230180","Not significant"
4292.11885121089,0.162616078122058,0.0830146543024062,1.95888400052453,0.0501263731595279,0.137901992577254,"TGME49_230190","Not significant"
2.2583694028307,0.571004929674329,1.29380579843459,0.441337432839768,0.65896873040014,0.793650297623185,"TGME49_230200","Not significant"
4464.26868242689,-1.16792739719482,0.0686728123419885,-17.0071292752447,7.27145240354044e-65,3.69571568409943e-62,"TGME49_230210","Not significant"
340.006750772533,0.0128433878211602,0.132761330351818,0.0967404272548725,0.922932534072638,0.954871166294999,"TGME49_230220","Not significant"
432.085631414255,0.230586417596139,0.0907176529194323,2.54180316813229,0.0110282258972383,0.0433663118937824,"TGME49_230230","Not significant"
370.946688692757,-0.727803694528285,0.216691246079025,-3.35871295078926,0.000783063615696889,0.0049440010270552,"TGME49_230340","Not significant"
2281.6111041014,-0.279539907959065,0.0792899487525293,-3.52554027789238,0.000422619905164899,0.00290756774010233,"TGME49_230350","Not significant"
3415.80104071085,-0.0850889101137337,0.109878200372964,-0.774393008120929,0.438698417102508,0.626315928349297,"TGME49_230380","Not significant"
597.85834255944,0.0628171969616406,0.0991979661365098,0.63325085592174,0.526569840146916,0.696950836600703,"TGME49_230400","Not significant"
1276.61587406962,0.425364111614263,0.164876718692393,2.57989190340364,0.00988312461401685,0.0397429271668651,"TGME49_230410","Not significant"
2432.4203305437,0.0682441702972702,0.103893501724232,0.656866590928976,0.511266701800197,0.686507006148571,"TGME49_230420","Not significant"
436.790308531083,0.506818020607643,0.0964205912570078,5.25632558357505,1.4696202061357e-07,2.5867860424882e-06,"TGME49_230430","Not significant"
881.070660031393,0.505094751989324,0.0985794762354629,5.1237313412264,2.99547715567985e-07,4.93101624088837e-06,"TGME49_230440","Not significant"
944.139028098708,-0.0751931452083437,0.0723994342680974,-1.03858746920454,0.298996636053995,0.492194462427345,"TGME49_230450","Not significant"
153.095829077237,-0.157971338155242,0.217273960949757,-0.727060608020913,0.46718882856394,0.651436823367963,"TGME49_230460","Not significant"
39.7714574190558,0.640231729208483,0.240065707450104,2.66690205781078,0.00765539779034016,0.0324880858242195,"TGME49_230470","Not significant"
3469.50864035121,-0.589309335275465,0.174048919701342,-3.385883326864,0.00070949541767868,0.00454300530438033,"TGME49_230480","Not significant"
564.961241133811,-0.071074123013206,0.132897609555848,-0.534803622508637,0.59278565786055,0.745790413964968,"TGME49_230490","Not significant"
314.29585083465,-0.230278126249967,0.0923227384668846,-2.49427313437594,0.0126215380575611,0.0484600318621751,"TGME49_230500","Not significant"
229.674934832424,-0.331615134049026,0.136482899714875,-2.42971928894975,0.0151105209224579,0.0552015975478113,"TGME49_230510","Not significant"
216.923944810404,-0.886968226875249,0.12993645497519,-6.82616919974155,8.72120637010218e-12,3.05693319834788e-10,"TGME49_230520","Not significant"
4.36836733561865,-0.840584868396334,0.971184700374351,-0.865525237446929,0.386750570139406,0.577922755673218,"TGME49_230555","Not significant"
97.9050694062995,-0.347251752968605,0.156102202283742,-2.22451540009293,0.0261137875456261,0.0848036643535709,"TGME49_230570","Not significant"
228.351148434061,-0.20097447947328,0.283403946190508,-0.709144957841137,0.478234526324316,0.660414109317935,"TGME49_230580","Not significant"
264.193722795943,0.148054352286494,0.230455982936271,0.642440913879141,0.520586941844529,0.692543481506697,"TGME49_230590","Not significant"
15.6860503387729,-1.47922611868736,0.399088264212966,-3.70651369968124,0.000210131874643691,0.00157637675701338,"TGME49_230602","Not significant"
7.17251044584439,-1.48502787363933,0.681967670376113,-2.17756345080159,0.0294385531057121,0.0921105738564833,"TGME49_230605","Not significant"
1846.54025369344,0.266050150187137,0.0868761298135983,3.06240794517406,0.0021956399732094,0.0117932260648209,"TGME49_230610","Not significant"
532.699246965813,-0.246284621860972,0.0774728601520882,-3.1789793403456,0.00147794624814185,0.00848775345331181,"TGME49_230630","Not significant"
66.7430832957817,0.757056273367483,0.257772048347453,2.93692150960853,0.00331487992042236,0.0164369533615089,"TGME49_230640","Not significant"
266.464021298821,-0.408889922539831,0.270063212757574,-1.51405264850669,0.130012486923037,0.279550910538905,"TGME49_230650","Not significant"
2.61301182058981,-1.50072848458284,1.30098860449421,-1.15352930794216,0.248693195195341,0.438692638466055,"TGME49_230663","Not significant"
4393.80598729903,-0.114852743545773,0.0469526665235335,-2.44613888943255,0.0144395363746064,0.0538140741513745,"TGME49_230690","Not significant"
862.539293936442,-0.287954372432845,0.136348350373279,-2.11190213628926,0.0346948441244261,0.104208361896518,"TGME49_230700","Not significant"
907.133039001989,-0.382976246470959,0.0825098716662773,-4.64158092524928,3.45753557220784e-06,4.26010292018093e-05,"TGME49_230705","Not significant"
258.980276264901,-0.149005096168578,0.174313443751298,-0.854811269641206,0.392655638248033,0.584598251598865,"TGME49_230710","Not significant"
2843.54154155952,0.115351607593436,0.0634832841488849,1.81703907004726,0.0692111311674037,0.176766620180065,"TGME49_230820","Not significant"
41.1371870450731,-0.387616113522894,0.243401234543558,-1.59249855182443,0.111272728242171,0.251912535096141,"TGME49_230830","Not significant"
157.396659645357,-0.655782095584854,0.139682215102564,-4.69481454817519,2.66848703431806e-06,3.44446612112293e-05,"TGME49_230840","Not significant"
1496.28231230085,-0.732689310110249,0.149597267772148,-4.89774526648582,9.69425937521524e-07,1.40273518219307e-05,"TGME49_230850","Not significant"
834.10400150446,0.0622138505631922,0.0676358329211774,0.919835653324414,0.357658648791372,0.551475186191019,"TGME49_230860","Not significant"
40.3162964868338,0.135789885628889,0.225763780145948,0.60146886954633,0.547527740157475,0.715375254331714,"TGME49_230870","Not significant"
662.498342640332,0.520765865076341,0.134807096591881,3.86304488593003,0.000111982421717254,0.000916137880688847,"TGME49_230880","Not significant"
583.583195862205,0.171095896129041,0.110881961659764,1.54304535713429,0.122819771282838,0.269792106988666,"TGME49_230890","Not significant"
2.81881662681429,3.85623126451499,1.26669006769461,3.04433686097609,0.00233193866755768,0.0123298603670865,"TGME49_230900","Up in 120DPI"
230.300585877596,0.131225923695947,0.114933440879722,1.14175580833149,0.25355553599628,0.442679898642563,"TGME49_230905","Not significant"
104.130907247142,0.196263498572667,0.222219382141619,0.883197031155408,0.377129825383502,0.569194458058396,"TGME49_230910","Not significant"
497.991702952525,0.240294871708385,0.142725315243801,1.68361773311145,0.0922555693808869,0.220006536717118,"TGME49_230920","Not significant"
4882.18341663541,-0.042048140810234,0.126858599465134,-0.331456763573924,0.740299494516597,0.844582692488063,"TGME49_230940","Not significant"
141.914067141403,0.430983712920281,0.176744705091027,2.43845331999234,0.0147502636146858,0.0543208034268315,"TGME49_230950","Not significant"
473.865839994488,-0.201590521833277,0.137436276177128,-1.46679266523103,0.142432465601611,0.298983172501885,"TGME49_230960","Not significant"
54.640159648537,-1.11374580633264,0.33520571803027,-3.3225740088123,0.000891910077778596,0.00553665095610347,"TGME49_230970","Not significant"
2342.74962997018,0.0222264229583675,0.114910046497683,0.193424540636799,0.846626497673816,0.91068342315919,"TGME49_230980","Not significant"
276.315271532458,-0.290537797285706,0.38059300515526,-0.763381862909391,0.445235693323441,0.632012892911623,"TGME49_230990","Not significant"
531.881858129144,-0.391720342814787,0.105736472809916,-3.70468517064105,0.000211653446556298,0.0015848672443792,"TGME49_231000","Not significant"
419.766056038591,-0.0708691015669693,0.139045157770099,-0.509684067417482,0.610272816859539,0.758828523960516,"TGME49_231010","Not significant"
1006.00484518853,0.201842099391077,0.10921216376003,1.84816500691793,0.0645784759576851,0.167795205806353,"TGME49_231020","Not significant"
992.888703243513,-0.242240835052412,0.0985577717466908,-2.45785624775497,0.0139769108516361,0.0526204810395854,"TGME49_231030","Not significant"
132.502164157502,0.222814210719473,0.147712352446816,1.50843316099578,0.131443701227014,0.281718946539617,"TGME49_231040","Not significant"
9.64905175128893,0.691947426628149,0.470504695304801,1.47064935490154,0.141385969142855,0.297862875924792,"TGME49_231050","Not significant"
61.7210017182956,-1.32066547013975,0.256844148758739,-5.14189432199326,2.71982097221621e-07,4.53229183320947e-06,"TGME49_231060","Not significant"
3834.08123031708,-0.105296255581816,0.195528262183508,-0.538521922130075,0.590216774679966,0.744592431228279,"TGME49_231070","Not significant"
2168.91704091282,0.196562801062953,0.219991741567458,0.893500818087205,0.371589034220958,0.563761572068065,"TGME49_231080","Not significant"
140.769259692051,-0.590294741120888,0.264757465995922,-2.22956787601971,0.0257761444812594,0.084181368241607,"TGME49_231090","Not significant"
4074.22610589443,-0.34769233359131,0.135415806904382,-2.56759045741845,0.0102408066308971,0.0409833855917593,"TGME49_231100","Not significant"
705.969425202549,0.0367964524667976,0.166518754876223,0.2209748234915,0.82511203636384,0.901371719466785,"TGME49_231120","Not significant"
317.413983393289,0.346953971644176,0.125550525275814,2.76346093241726,0.0057191938419402,0.0252353201143059,"TGME49_231125","Not significant"
336.466695537996,0.145186185290341,0.228386174553628,0.635704790686659,0.524968853319763,0.695964576980162,"TGME49_231130","Not significant"
247.819593346221,0.26084845860429,0.182839405281743,1.4266533967464,0.153679824854581,0.316225793450773,"TGME49_231140","Not significant"
65.0427461423971,-0.226758930359024,0.2241205228707,-1.01177227080559,0.311646951139983,0.507258577440863,"TGME49_231150","Not significant"
5993.88266646937,-0.457880285510263,0.0879030450958038,-5.20892404820821,1.89938838430749e-07,3.30039024384369e-06,"TGME49_231160","Not significant"
152.195488548419,-0.588330454620941,0.151756941612968,-3.87679435528811,0.000105841742792173,0.000874700256489784,"TGME49_231170","Not significant"
74.1923890253711,-1.57461512250327,0.199777689069561,-7.88183670477335,3.22603449222151e-15,1.84747271061587e-13,"TGME49_231180","Not significant"
1086.90736712995,0.38218407593504,0.182568540701994,2.09337312148908,0.0363158598713071,0.107702615781717,"TGME49_231190","Not significant"
206.075886121121,-0.128416736664914,0.162374789479133,-0.790866224226376,0.429022059946676,0.617051183495997,"TGME49_231200","Not significant"
651.723605999524,-0.0333351899835633,0.0906867969726719,-0.36758592315934,0.713182012745584,0.828513732521013,"TGME49_231210","Not significant"
17.8019301346728,0.290010124650745,0.325349972573146,0.891378973715894,0.372725893932268,0.564854075560418,"TGME49_231215","Not significant"
478.83490399633,-0.173057264888472,0.186504935362017,-0.927896436373425,0.35346129313796,0.548812860054581,"TGME49_231220","Not significant"
67.9922812148281,0.283401438882724,0.226289407790835,1.25238490678573,0.210429643366826,0.392840647350557,"TGME49_231230","Not significant"
92.161004244077,-0.210593966265499,0.158376159217689,-1.32970749704845,0.183614663753667,0.357314777686627,"TGME49_231280","Not significant"
194.245955655173,-0.533218858207311,0.387305171132386,-1.37674086986318,0.168592378050655,0.337649832412606,"TGME49_231350","Not significant"
196.503011617442,0.454510539993079,0.160667774028252,2.82888427839398,0.00467105856239883,0.0215090873326315,"TGME49_231360","Not significant"
99.2148878340231,0.450153806212729,0.204134686875379,2.20518037920493,0.0274414394540339,0.0877866977341478,"TGME49_231370","Not significant"
636.156953952036,0.0566647383203438,0.334995906957762,0.169150539285509,0.865678233017993,0.920943928689472,"TGME49_231380","Not significant"
1.17951503759812,1.22062358346855,1.48443229429818,0.822283096478741,0.410915794851615,0.602518435581199,"TGME49_231390","Not significant"
135.641764248723,-0.095852091142127,0.194672999371465,-0.492374861699371,0.622454366929322,0.768678208535,"TGME49_231400","Not significant"
3188.03943488372,-0.521207104390097,0.050713263739884,-10.2775302939177,8.8978400103862e-25,1.29209348150822e-22,"TGME49_231410","Not significant"
4195.74904921414,-0.0651307129642392,0.0586426477672873,-1.11063731676473,0.266724493423653,0.45720986098675,"TGME49_231430","Not significant"
1257.45194574247,0.112293948657335,0.143903645521919,0.780341236318648,0.435190046773379,0.623057299359351,"TGME49_231440","Not significant"
636.746826463069,-0.334896710581213,0.129521881822722,-2.58563808576832,0.00971989303593096,0.0394422006827298,"TGME49_231460","Not significant"
29.7838820266447,-0.317214647987231,0.346282552344373,-0.916057265489267,0.359636860229884,0.552639256876307,"TGME49_231470","Not significant"
442.805501253164,0.373387531260981,0.116209781764701,3.21304734929293,0.00131334636005974,0.00770572337662757,"TGME49_231480","Not significant"
489.678228891523,-0.341509996582744,0.0786054269650283,-4.34461092278886,1.39522730188887e-05,0.000145835326721855,"TGME49_231590","Not significant"
246.778850187324,-0.241046117087862,0.147788387095172,-1.63102204324508,0.102885668351344,0.238638407025992,"TGME49_231600","Not significant"
12.6063092495077,-1.07915937061362,0.385903874723308,-2.79644606156748,0.0051668034602016,0.0234991307261518,"TGME49_231605","Not significant"
2.25921760700325,0.157313366050328,1.47403646164028,0.106722845834677,0.915008857760159,0.949899169918103,"TGME49_231620","Not significant"
433.659365242113,-0.184560551205139,0.109813166034977,-1.68067780821795,0.0928255133514061,0.221118074063928,"TGME49_231625","Not significant"
5590.42894258368,-0.912584693570544,0.206912411113684,-4.41048793863382,1.03137951058219e-05,0.000113340245676411,"TGME49_231630","Not significant"
8207.72717484842,-1.01552387686451,0.204557402449542,-4.96449341213651,6.88806241878793e-07,1.03729117758488e-05,"TGME49_231640","Not significant"
250.880181372951,-0.170879247693909,0.199319847169084,-0.857311753550317,0.391272614534853,0.582966086734595,"TGME49_231750","Not significant"
7.81228706653105,-0.419012558305416,0.980937835001953,-0.427155058510494,0.669266392564987,0.798953949550569,"TGME49_231770","Not significant"
4.67676834287764,-4.39617020135408,1.1527421843493,-3.81366298643407,0.000136922154071151,0.00109161858520255,"TGME49_231780","Down in 120DPI"
520.599318276254,-0.436836054639599,0.222481426414213,-1.96347201508095,0.0495913531187865,0.136951928810952,"TGME49_231790","Not significant"
56.7144569502306,-1.27111816565379,0.33370147929884,-3.80914753007572,0.000139446738974663,0.00110740320443551,"TGME49_231800","Not significant"
70.0200268940336,0.36587074470765,0.231617387971637,1.5796341885716,0.114190665017417,0.25705581285045,"TGME49_231815","Not significant"
388.515133145734,-0.553776941866822,0.141133431585848,-3.9237828744352,8.71693040163601e-05,0.000735332759606888,"TGME49_231840","Not significant"
11521.5126692634,-0.0848714484659974,0.0666089720093881,-1.27417442283954,0.202601607603337,0.382814951389544,"TGME49_231850","Not significant"
27.3469640959473,-1.25670228545292,0.292554086160042,-4.29562376635357,1.74202813150276e-05,0.000177520961972186,"TGME49_231860","Not significant"
292.850885678922,-0.359495317818269,0.0925261573894816,-3.88533716260367,0.000102187968615325,0.000847951592632473,"TGME49_231870","Not significant"
53.1713352294675,2.3845797909119,0.46206041827635,5.16075321882631,2.45958230150248e-07,4.14965213191248e-06,"TGME49_231880","Up in 120DPI"
252.441756475682,-0.394108659408029,0.24436173662697,-1.6128083915595,0.106786142432268,0.244477733744145,"TGME49_231890","Not significant"
54.940373882078,-0.897437825576012,0.434457654462388,-2.06565085540162,0.0388614588004664,0.113128468426508,"TGME49_231900","Not significant"
1215.06542616254,0.0374193681222487,0.114926648194649,0.325593486889762,0.744731940617963,0.846615215596826,"TGME49_231910","Not significant"
488.216090014184,-0.0507141977475719,0.0837600209234612,-0.605470213455579,0.54486661037884,0.712814555276822,"TGME49_231920","Not significant"
194.723128046526,-0.109746472783859,0.1708221049683,-0.642460604289035,0.520574160727262,0.692543481506697,"TGME49_231930","Not significant"
538.522562985308,-0.211776191658833,0.131439997269475,-1.61120051778954,0.1071360250023,0.245140730252872,"TGME49_231940","Not significant"
2815.51991570488,0.17944347347581,0.162841654078256,1.10195069247808,0.2704831084414,0.461441634079558,"TGME49_231950","Not significant"
492.809520754266,0.263049069756337,0.166548006074576,1.57941890723417,0.114240003399106,0.25705581285045,"TGME49_231960","Not significant"
1121.06591975291,0.138715487890349,0.0732398314826609,1.89398971955839,0.0582263744455043,0.154844835056076,"TGME49_231970","Not significant"
479.614390291693,-0.078238362365239,0.145832217643208,-0.536495732079287,0.591615984780451,0.745170376953556,"TGME49_231980","Not significant"
9.33519646463212,-0.592352393764999,0.499517389978056,-1.18584939313328,0.235681781471572,0.423643732742446,"TGME49_231990","Not significant"
2.39071710186039,-0.496386832863985,0.957752828546932,-0.518282815846219,0.604260960661483,0.755188715385967,"TGME49_231996","Not significant"
12448.6338380105,0.112411126336739,0.0560880726547772,2.00418950083435,0.0450497648204197,0.127296584583568,"TGME49_232000","Not significant"
235.679582983127,0.0186857814125119,0.185842525135548,0.100546316828633,0.919910613601118,0.952723642188096,"TGME49_232010","Not significant"
741.566577196857,-0.621348210936915,0.251635720569199,-2.46923691728435,0.0135401539895194,0.0511656748340018,"TGME49_232020","Not significant"
548.440361951519,0.188509429190503,0.146819459227069,1.28395398118826,0.199158057693653,0.37857721485853,"TGME49_232030","Not significant"
34.9084335956466,0.173415944082251,0.365080209104288,0.47500779214442,0.634781419326903,0.776480520753065,"TGME49_232040","Not significant"
1219.85011065231,-0.139082111283174,0.108673022483723,-1.27982187395226,0.200607789066312,0.380621218079154,"TGME49_232050","Not significant"
84.6926415848979,-0.0538831324076914,0.291081043676491,-0.185113849143599,0.853139739288359,0.914051976063182,"TGME49_232060","Not significant"
986.889187584226,0.457847515348549,0.147403497248378,3.10608312486009,0.00189583413590786,0.010445069914094,"TGME49_232080","Not significant"
444.475275996832,-0.013367287600374,0.116149821257188,-0.115086596394971,0.90837648383601,0.946919228289513,"TGME49_232090","Not significant"
268.593779269377,0.0723074534286056,0.235009365108951,0.307679029706257,0.758326578026518,0.856963831644197,"TGME49_232100","Not significant"
1285.029528067,-0.300854445769556,0.125221696703031,-2.40257442352859,0.0162801214478678,0.0585445197241978,"TGME49_232120","Not significant"
3040.82684395081,-0.241601579049621,0.201252837691875,-1.20048781334215,0.229949942793799,0.417027862354856,"TGME49_232130","Not significant"
3238.59619405465,0.0144455672291597,0.0417173176372524,0.346272676368343,0.729137801001541,0.838250901844017,"TGME49_232150","Not significant"
3523.16449194102,-0.00814192745623278,0.211907292407396,-0.0384221201815923,0.969351124647241,0.981822372220113,"TGME49_232160","Not significant"
54.6015515885461,0.584358495477892,0.258062559902296,2.26440633503416,0.0235491346978263,0.078677717075893,"TGME49_232170","Not significant"
654.419644858296,0.000404433601664542,0.141421799396887,0.00285976846136384,0.997718238007354,0.999192698457611,"TGME49_232180","Not significant"
185.824629620301,0.124250447185474,0.174819717525327,0.71073474402264,0.477248625162234,0.659358786921387,"TGME49_232190","Not significant"
344.246407411008,0.0607389703081476,0.103435018868966,0.587218632261221,0.557056880289112,0.72080718701925,"TGME49_232210","Not significant"
167.622551197496,0.283438068066924,0.297594718896284,0.952429764607841,0.340879070234074,0.536383242868322,"TGME49_232220","Not significant"
1833.11944285365,0.399462055244075,0.254897226844174,1.56714947506384,0.117079757054136,0.260840545466217,"TGME49_232230","Not significant"
180.507855765705,-0.227284819995144,0.113405822229878,-2.00417240954726,0.0450515949866587,0.127296584583568,"TGME49_232240","Not significant"
17727.9351729195,0.195856623525992,0.0493864893201252,3.96579360513847,7.31521431359746e-05,0.000634193206803567,"TGME49_232250","Not significant"
878.50545998678,-0.458833992531744,0.213410612416247,-2.15000550973918,0.0315547789639353,0.0969778769972495,"TGME49_232260","Not significant"
2680.69412568062,0.273144833219452,0.138063120304394,1.97840547582321,0.0478829824961687,0.133077379924417,"TGME49_232270","Not significant"
382.084091202741,0.0940187110408987,0.129024429298571,0.728689222281567,0.46619178702331,0.650492726848586,"TGME49_232280","Not significant"
134.876884307596,0.832497727601322,0.211029292188367,3.94493920236545,7.98202279501875e-05,0.000683261151253605,"TGME49_232290","Not significant"
7508.93116739747,0.112965035858005,0.159734896414128,0.707203237326001,0.479440187049491,0.66103892863453,"TGME49_232300","Not significant"
866.530589722401,0.215306963971769,0.228667130192516,0.941573735545205,0.346410921807751,0.542359186781023,"TGME49_232310","Not significant"
195.962341402501,0.0322230080871348,0.123735727863267,0.2604179782475,0.794541376606835,0.880273906616728,"TGME49_232320","Not significant"
1099.84019135553,-0.0190896166515946,0.0982113650067626,-0.194372786187017,0.845883997018398,0.91055761608075,"TGME49_232340","Not significant"
2514.16593128137,-1.14580427237659,0.161178361352635,-7.10892121473884,1.16953481087713e-12,4.57243128944846e-11,"TGME49_232350","Not significant"
969.612513991551,0.411555115806725,0.0846709527949325,4.86064113159899,1.17006193443692e-06,1.65189993938213e-05,"TGME49_232360","Not significant"
595.805887551006,-0.195898124590332,0.182334374334957,-1.07438943043432,0.282648177709602,0.475878878081674,"TGME49_232370","Not significant"
94.8421908790136,-0.295130070354572,0.244099730238131,-1.20905529091187,0.226641604165407,0.412499893704809,"TGME49_232380","Not significant"
145.002945569523,0.11938421029104,0.327523610873943,0.364505661049849,0.715480447242986,0.830472023548382,"TGME49_232390","Not significant"
8020.77902986803,0.266093824406744,0.0923977040339651,2.87987485391334,0.00397833051854133,0.0190043703146472,"TGME49_232400","Not significant"
8552.92304152776,0.104617856605323,0.0950930556154704,1.10016295015662,0.271261130162999,0.462258070093359,"TGME49_232410","Not significant"
44.2579879932926,-0.891135538226251,0.212516537404525,-4.19325267157905,2.74982861285026e-05,0.000267483328704526,"TGME49_232420","Not significant"
951.659806948542,0.192871841410957,0.194579327829673,0.991224728557955,0.321575858250463,0.516307855357638,"TGME49_232430","Not significant"
1972.79346182969,-0.282348218518812,0.118683883793482,-2.37899375630576,0.0173599700089107,0.061686894958275,"TGME49_232440","Not significant"
201.218007797007,-0.684130634731389,0.139862717218495,-4.89144389825227,1.0009892646753e-06,1.43329208017776e-05,"TGME49_232450","Not significant"
420.177610913158,-0.722344388070015,0.259459393205849,-2.78403637326371,0.00536870131946896,0.0241740194517838,"TGME49_232500","Not significant"
266.169765217969,-0.237526516241228,0.120610914454643,-1.96936170590557,0.0489115699078126,0.135473053981721,"TGME49_232510","Not significant"
204.125132468313,0.0771980342489713,0.129565058997248,0.595824482668672,0.55129248637236,0.71798694733825,"TGME49_232520","Not significant"
558.017820927084,-0.0139213113304278,0.32995360637107,-0.042191723507855,0.966345860370805,0.980085374973233,"TGME49_232530","Not significant"
583.160691601505,-0.22531011727227,0.141362692368385,-1.59384427034767,0.110970919184427,0.251369224180435,"TGME49_232540","Not significant"
1005.23216172501,-0.434755477088639,0.170336679378247,-2.55233035348322,0.0107005006110016,0.0424470590091047,"TGME49_232550","Not significant"
1517.95402817988,-0.83848876000321,0.139081954505895,-6.02873868850951,1.65244213679475e-09,4.09684739524846e-08,"TGME49_232560","Not significant"
90.7504530566226,0.395363472407736,0.372774148411712,1.06059788236998,0.288872685350681,0.482760517318482,"TGME49_232580","Not significant"
1967.34556760963,-0.00276799834100077,0.128251448252975,-0.0215825893485501,0.98278092198487,0.989105749700614,"TGME49_232590","Not significant"
621.836791320773,-0.88754527763454,0.0723800571104894,-12.2622903748154,1.44361015994987e-34,3.26095495019788e-32,"TGME49_232600","Not significant"
303.901845699554,0.436110572745154,0.0959708076862404,4.5442002965208,5.5144204170413e-06,6.54795638008075e-05,"TGME49_232610","Not significant"
285.020895388263,-0.32484125186926,0.153820569159765,-2.11181933368005,0.0347019483541282,0.104208361896518,"TGME49_232620","Not significant"
17493.4291694696,0.118682861706843,0.171067712280439,0.693777102205475,0.48782200451707,0.668966027105027,"TGME49_232630","Not significant"
1106.92916837108,0.301200638115905,0.0871949907766261,3.45433419320512,0.000551653313898573,0.00366506923907124,"TGME49_232640","Not significant"
1399.24838264591,0.0229058452830508,0.132435294264687,0.172958767602168,0.8626838377846,0.919442328815776,"TGME49_232650","Not significant"
4955.12188307242,0.00486100533756185,0.0790867878542034,0.0614641897774774,0.950989532880014,0.970587693232979,"TGME49_232660","Not significant"
2273.57943886249,0.0592542943646534,0.0830692838182294,0.713311727765856,0.475652881952471,0.658497182042714,"TGME49_232670","Not significant"
201.772693032103,-0.453702797279273,0.132473204302716,-3.42486467106595,0.000615105728736742,0.00401447815897848,"TGME49_232680","Not significant"
2646.57648146095,-0.0646406760707809,0.139105392244999,-0.464688500047019,0.6421545449134,0.781502657772488,"TGME49_232690","Not significant"
68.0697904384804,0.297389145703325,0.252262976418175,1.1788854231639,0.238443802911111,0.426346746981783,"TGME49_232700","Not significant"
4057.4878896669,0.1260388389334,0.151011713268527,0.834629554260332,0.403926316565695,0.595707074050096,"TGME49_232710","Not significant"
1137.18457699881,0.0129721985193317,0.203206414431291,0.0638375444773074,0.949099583043008,0.970095250038429,"TGME49_232720","Not significant"
620.390260955599,-0.240949622242934,0.113443657903919,-2.12395850675942,0.0336736133674878,0.101907441525145,"TGME49_232730","Not significant"
881.155211742232,0.10920531437733,0.087610861971251,1.24648145127444,0.212587694771413,0.395236198875431,"TGME49_232750","Not significant"
740.640763587717,0.23404219487152,0.10844632800748,2.15813849276092,0.0309170657739903,0.0952339313917005,"TGME49_232760","Not significant"
899.478280486214,-0.701299638982715,0.137286653008227,-5.10828710304921,3.25092424218605e-07,5.30853733683875e-06,"TGME49_232780","Not significant"
378.854347287859,-0.144902378470687,0.0988505537817925,-1.46587320886994,0.142682831922829,0.299354176779269,"TGME49_232800","Not significant"
965.964758723407,-0.0848351414749829,0.133757209911282,-0.634247241933738,0.525919481198471,0.696316708092798,"TGME49_232815","Not significant"
8119.32741482725,-0.217224362837272,0.147594779106199,-1.47176183434628,0.141085203221044,0.297681963297872,"TGME49_232830","Not significant"
2746.55600015695,0.357977479901088,0.081363379813267,4.39973708961777,1.08382106734127e-05,0.000118145213399722,"TGME49_232940","Not significant"
1.06610554688629,2.47223952239296,1.44377138373188,1.71234833315693,0.086832494480181,0.210280477996674,"TGME49_232950","Not significant"
1123.56542637659,0.259383404537183,0.0882334075652997,2.93974143915069,0.00328486236387937,0.0163079980116405,"TGME49_232960","Not significant"
287.157760786012,-0.518136753437898,0.338663236705622,-1.52994685362994,0.126029884548834,0.27463130827075,"TGME49_232970","Not significant"
175.651748363812,0.0495925603325648,0.130034397473677,0.381380321638387,0.702921060687122,0.822085254071545,"TGME49_232980","Not significant"
591.962614998898,0.0178077500734391,0.121524674636321,0.146536085175551,0.883498205505958,0.930648627872338,"TGME49_233000","Not significant"
914.64015478076,-0.183137679219742,0.142459425278604,-1.2855427351443,0.198602693081763,0.378051755650959,"TGME49_233010","Not significant"
1372.3779245591,0.110354091136066,0.19867844493218,0.555440682927308,0.578593272147039,0.737248588075794,"TGME49_233020","Not significant"
1995.85052721567,-0.921407942179319,0.137070464386448,-6.72214795728394,1.79064983126659e-11,5.96785427371306e-10,"TGME49_233030","Not significant"
183.969822638337,-0.620257643504241,0.125968237413381,-4.92392095214277,8.48271137071043e-07,1.24966320410538e-05,"TGME49_233040","Not significant"
13.8761284508098,-0.658805338627402,0.394938523971969,-1.66812123568417,0.0952916624208687,0.225527298837749,"TGME49_233065","Not significant"
199.318011611311,-0.0947313374357763,0.242036605979038,-0.391392603827789,0.69550705847544,0.81755758882947,"TGME49_233080","Not significant"
51.1213171377411,-0.728053057270692,0.290369870827529,-2.50732989340734,0.0121647118294999,0.047061577829445,"TGME49_233090","Not significant"
2220.31657767416,0.267528020241767,0.106983176664834,2.50065504298774,0.0123963858649478,0.0477760236273722,"TGME49_233100","Not significant"
1814.17118391788,0.0382092751321655,0.068661619263964,0.556486659384962,0.577878211792277,0.736760541189754,"TGME49_233110","Not significant"
281.106252362977,0.0421741687607374,0.20412856103693,0.206605918086629,0.83631763802381,0.905751287039871,"TGME49_233120","Not significant"
581.968115527113,-0.678558796005089,0.328567429680444,-2.06520407900758,0.0389036947437784,0.11314908642933,"TGME49_233130","Not significant"
149.459769638176,-0.383019825555127,0.270285028773417,-1.41709597195713,0.156454870079419,0.320476323296181,"TGME49_233140","Not significant"
14.1827283913811,-0.42814584795565,0.365497389863839,-1.17140603415841,0.241435607953733,0.429994385431397,"TGME49_233153","Not significant"
1.59974194153044,-0.580029808429967,1.08770143960831,-0.533261966297333,0.593852251828998,0.746830003326794,"TGME49_233157","Not significant"
77.2405422996172,0.435894081510866,0.270221586639545,1.61309866813977,0.106723073183986,0.24447099468512,"TGME49_233160","Not significant"
392.325301269872,0.389216808080834,0.147631246630309,2.63641212117846,0.00837878999762232,0.0349417026977768,"TGME49_233170","Not significant"
1.17662369804509,-0.205595028170732,1.33247223373581,-0.154295919243519,0.877376414759979,0.927105581666633,"TGME49_233180","Not significant"
1381.71964288962,0.187465468613864,0.101960668359234,1.83860572542909,0.0659731985542368,0.170640601349572,"TGME49_233190","Not significant"
310.950789685082,0.108253513668268,0.110855175133578,0.976530987730835,0.328801399529727,0.523614960487372,"TGME49_233200","Not significant"
80.6899963119325,0.426536353907979,0.241389125431832,1.76700732953454,0.0772270008137139,0.191291832930852,"TGME49_233210","Not significant"
1127.6287279212,0.173507270604492,0.109829189919762,1.57979195449999,0.114154518723512,0.25705581285045,"TGME49_233220","Not significant"
1580.79142242858,0.171007928265794,0.125013738430505,1.36791308229581,0.171339284292384,0.341168232092475,"TGME49_233230","Not significant"
78.7362243372716,0.556835072162865,0.193499912232064,2.87770193660375,0.00400583433278026,0.0190302802336542,"TGME49_233245","Not significant"
512.345966960687,-0.0936078080571524,0.0928167560519662,-1.00852272842571,0.313203582109679,0.508377550841499,"TGME49_233260","Not significant"
1.6530403214216,1.31503964376782,1.19285343959039,1.10243186641552,0.270273964095832,0.461441634079558,"TGME49_233280","Not significant"
447.64530010165,0.196370488031574,0.195026999430145,1.00688873133133,0.313988247778331,0.509309220453776,"TGME49_233300","Not significant"
411.614506452172,-0.167207328255026,0.110835390026493,-1.50860955345633,0.131398591328196,0.281718946539617,"TGME49_233310","Not significant"
15.6260842234671,-0.482189582018981,0.508249265373754,-0.948726569559112,0.342759697061497,0.538300860661277,"TGME49_233315","Not significant"
56.5936903455581,-0.733671504998825,0.215129280415638,-3.41037493167524,0.000648736301969813,0.00421367700289019,"TGME49_233320","Not significant"
447.666003166505,-0.289654366799441,0.185004867348191,-1.565658087548,0.117428683297685,0.261195309785769,"TGME49_233340","Not significant"
1398.65723009238,-0.21960023779713,0.183652593944933,-1.19573719640995,0.231799131045172,0.418042868881185,"TGME49_233350","Not significant"
6.03013082411216,-0.224138971737157,0.639749633187199,-0.350354201252931,0.726072892928567,0.836675555599759,"TGME49_233360","Not significant"
22849.0021857941,0.0734496063050333,0.033671085200477,2.18138518160956,0.0291549387332183,0.0917016750776484,"TGME49_233380","Not significant"
953.902701509355,-0.275628823897756,0.127045590796528,-2.16952687747498,0.0300427060879202,0.0933182910263435,"TGME49_233390","Not significant"
416.199448312124,0.337448353318456,0.219434689854887,1.53780768911977,0.12409564299902,0.271743563945603,"TGME49_233400","Not significant"
216.019426669539,-0.159227157145756,0.358687791453768,-0.443915742156726,0.657103502661935,0.792572935679034,"TGME49_233410","Not significant"
103.202416495408,-0.350140404356078,0.329828942188777,-1.06158180671627,0.288425576609639,0.482409870215876,"TGME49_233430","Not significant"
106.179123035403,0.411854512742095,0.179575052083681,2.29349515961813,0.0218195137140143,0.0743033021450438,"TGME49_233450","Not significant"
29.5795425346064,-2.6866466993807,0.683907314313119,-3.92837836816971,8.5520585568633e-05,0.000724208377000717,"TGME49_233460","Down in 120DPI"
1941.58831031332,-0.381762280946638,0.12243170608742,-3.11816516445542,0.00181980790492159,0.0100808432444294,"TGME49_233470","Not significant"
11.3601655268992,-2.41583959610844,0.637535550964835,-3.78934099040023,0.000151047459392075,0.00117654975074363,"TGME49_233480","Down in 120DPI"
204.685404792749,-0.082473269164851,0.112663131379407,-0.732034234758769,0.464147672445872,0.649423412307266,"TGME49_233490","Not significant"
451.520358532205,-0.668414961604452,0.20470636386066,-3.26523782162157,0.00109372204293064,0.00661766938475591,"TGME49_233500","Not significant"
52.2282102664328,0.407588793170491,0.236581646428157,1.72282507677224,0.0849201625020789,0.20651039517551,"TGME49_233510","Not significant"
663.911881218292,0.0377606838578329,0.224229120941658,0.168402229377057,0.86626685436291,0.921329068752182,"TGME49_233520","Not significant"
3817.7019264146,-0.361261060939229,0.0487196834104993,-7.41509459113963,1.21538030730355e-13,5.49081814388471e-12,"TGME49_233530","Not significant"
65.8327826804026,-0.591097830204648,0.305636134542328,-1.93399197084397,0.0531141150488958,0.144263187567676,"TGME49_233540","Not significant"
180.424374328452,-0.484162547862393,0.299002389100189,-1.61925979695153,0.105391376874049,0.241829197725667,"TGME49_233550","Not significant"
2.74679210781597,-0.215423827587058,0.847208670710258,-0.25427481449931,0.799283255618338,0.884082077623548,"TGME49_233610","Not significant"
64.663396015569,-0.0596533095630643,0.239658357543246,-0.248909782135597,0.803430568350623,0.887221263148732,"TGME49_233680","Not significant"
260.303688604613,0.181710015273413,0.202783085275595,0.896080730927127,0.370209647572975,0.56250838080408,"TGME49_233695","Not significant"
106.871476177316,-0.946046699809356,0.190176347439023,-4.97457603192578,6.53905955762241e-07,9.92082692585549e-06,"TGME49_233710","Not significant"
232.431920107227,-0.111426815257996,0.391902004754084,-0.284323157080852,0.776162741339327,0.867714519187711,"TGME49_233720","Not significant"
211.048933745434,-0.336450481668136,0.183197741300146,-1.83654273944844,0.066277427112827,0.171209668767951,"TGME49_233735","Not significant"
1632.68639202355,0.27261324567908,0.122401242456568,2.22720979140233,0.0259332560425942,0.0844685493803266,"TGME49_233760","Not significant"
192.923345610539,-0.00631656803267395,0.11340872272562,-0.0556973738956238,0.955582891584634,0.973774985966866,"TGME49_233770","Not significant"
570.243076028826,-0.481324449314237,0.117407812094861,-4.09959474353669,4.13874216881445e-05,0.000385082967011431,"TGME49_233790","Not significant"
1.64141124871169,-0.662493950534418,1.09234711017588,-0.606486660112783,0.544191637951295,0.71216066942709,"TGME49_233792","Not significant"
970.665409867709,-0.1074264103702,0.0799752090414048,-1.34324638419618,0.179192206773966,0.350961229644964,"TGME49_233810","Not significant"
180.165287418425,0.0209754616400143,0.203213220284293,0.103218981573492,0.917789175258349,0.951820100555426,"TGME49_233820","Not significant"
99.2661573289366,0.28693599589128,0.207993762402193,1.37954135055472,0.167727906117704,0.336781069765227,"TGME49_233830","Not significant"
85.9560354011737,0.104344656285565,0.161921220081634,0.644416193460985,0.519305586540534,0.691387201988806,"TGME49_233838","Not significant"
91.3207403924552,0.611406951427086,0.176979223059344,3.45468208560318,0.000550942049684535,0.00366506923907124,"TGME49_233850","Not significant"
205.733734214833,-0.37313977548107,0.160584998545263,-2.32362785354384,0.020145448259273,0.0696525447467721,"TGME49_233860","Not significant"
112.686284723472,-0.596875416157834,0.179329421272282,-3.32837418379652,0.000873544518535612,0.00543925269887565,"TGME49_233870","Not significant"
648.967258600168,-0.242574206669382,0.239916310669607,-1.0110784297756,0.31197889335382,0.507258577440863,"TGME49_233890","Not significant"
380.108639992787,0.0109297753554833,0.200999150277288,0.0543772216967344,0.956634626451676,0.973923806030761,"TGME49_233905","Not significant"
7192.98787526347,0.165712583432084,0.0828597030693884,1.99991765953244,0.0455091559113546,0.128321933381115,"TGME49_233920","Not significant"
5.46880092516711,0.0471637829544602,0.766561142577023,0.0615264462739465,0.950939953218428,0.970587693232979,"TGME49_233925","Not significant"
157.2314990609,0.076821205943635,0.201780583909029,0.380716540984286,0.703413593672055,0.822085254071545,"TGME49_233930","Not significant"
6.37018652515822,-0.657184356839449,0.573630896889423,-1.14565718200171,0.251937027112224,0.441922326246032,"TGME49_233940","Not significant"
1167.34207265309,-0.0956057104971738,0.155922010913063,-0.61316365750619,0.539768132311475,0.707528374188809,"TGME49_233950","Not significant"
92.5187339341299,0.169425475511291,0.239984041699019,0.705986424396417,0.480196579878066,0.661633105314881,"TGME49_233960","Not significant"
21.8390352308716,-0.758444072158071,0.332586864420729,-2.28043904704133,0.0225816619912479,0.0761967117480613,"TGME49_237800","Not significant"
5.38635255727512,-0.58574215186699,0.587437557524468,-0.997113896386498,0.318709228542819,0.513013350457285,"TGME49_237810","Not significant"
575.153724931387,-1.03934896800161,0.17025933214187,-6.10450513887583,1.03119673411133e-09,2.67060249738642e-08,"TGME49_237820","Not significant"
178.762674410594,0.0048899759375734,0.138229469254497,0.0353757846568185,0.971780093667572,0.98352478506588,"TGME49_237830","Not significant"
1055.49910402654,0.145361797094106,0.103655755114532,1.40235143657477,0.160810327599809,0.327254650661072,"TGME49_237840","Not significant"
278.384515311978,0.108863885876902,0.122820624800689,0.886364859758401,0.375420948663589,0.567625195289665,"TGME49_237860","Not significant"
363.612235951304,0.0230659711179895,0.106441302833167,0.21670132273881,0.828441117102674,0.902789002089501,"TGME49_237870","Not significant"
2064.60435066786,-2.00314311650912,0.273279689634951,-7.33001094660541,2.30133933535636e-13,9.9831682448276e-12,"TGME49_237880","Down in 120DPI"
640.234595280041,-0.0456346509679832,0.0977420410255881,-0.466888664173039,0.640579535973916,0.780286516857382,"TGME49_237890","Not significant"
3016.22044678895,0.479791241770313,0.0666661014718575,7.19692964156382,6.15835193866957e-13,2.52927868511419e-11,"TGME49_238000","Not significant"
2407.22701552435,0.126660579116727,0.161601749211508,0.783782228439559,0.433167903417456,0.620818010326181,"TGME49_238010","Not significant"
250.701811080031,-0.00493720716645168,0.129157691183166,-0.0382261956003066,0.969507335087003,0.981822372220113,"TGME49_238020","Not significant"
87.3719344293971,0.274463152950954,0.151753312020283,1.80861392280038,0.0705110039626316,0.179522693871046,"TGME49_238030","Not significant"
342.095652729252,-0.330410774261035,0.228633538926611,-1.44515444152353,0.148414509906104,0.308667580213127,"TGME49_238040","Not significant"
1302.21820127466,-0.440503934542608,0.153076362729488,-2.8776744279001,0.00400618362949284,0.0190302802336542,"TGME49_238050","Not significant"
223.181939498525,1.15255033022026,0.274183696500755,4.20356988737687,2.62737979193004e-05,0.000258666494769674,"TGME49_238060","Not significant"
138.755399733928,-0.367077062574153,0.130990218400438,-2.80232422738616,0.00507358554252217,0.0231788750740395,"TGME49_238070","Not significant"
195.646840343397,-0.129014609420474,0.131395645861816,-0.981878878666606,0.326159522360905,0.521086293877973,"TGME49_238073","Not significant"
193.331735699033,-0.0595910245734082,0.117264927846607,-0.508174316632492,0.611331100839929,0.759000182834823,"TGME49_238080","Not significant"
1915.16798065511,0.203455180391462,0.154473100894333,1.31709132019454,0.187808016117586,0.362596103292548,"TGME49_238100","Not significant"
289.247397925828,-0.246210644446624,0.158150653679191,-1.55681079223398,0.119515414128204,0.263816326734679,"TGME49_238110","Not significant"
1471.96082195944,0.410383040053154,0.341475164165638,1.20179469290508,0.229443082158091,0.416480166095892,"TGME49_238130","Not significant"
514.886502262906,-0.130247780720766,0.0985208454690114,-1.32203271399792,0.186157257614964,0.360439942757063,"TGME49_238140","Not significant"
4655.1411431259,-0.216950295906812,0.147461091283252,-1.47123755845589,0.141226883227151,0.297681963297872,"TGME49_238150","Not significant"
8.71039497690562,-1.20172255067444,0.7914100881726,-1.51845745793975,0.128899116311405,0.277891732196274,"TGME49_238160","Not significant"
415.708990011446,-0.0239813586263163,0.136049343858896,-0.176269564748424,0.860082171441005,0.917872469574573,"TGME49_238170","Not significant"
1066.51134046277,-0.522946675094236,0.184646691511873,-2.83214755061349,0.00462365073705739,0.0213876722376284,"TGME49_238180","Not significant"
1553.53702508734,0.474045643815714,0.0679601047305326,6.97535187291638,3.05106198858367e-12,1.13813009592488e-10,"TGME49_238190","Not significant"
2981.90056989593,-0.311548938198769,0.14069056404406,-2.21442667683955,0.026799441473094,0.0866188625036568,"TGME49_238200","Not significant"
649.25674392883,1.45857379536435,0.0937795807700451,15.5532130063674,1.5132005770551e-54,5.59333958755094e-52,"TGME49_238210","Not significant"
59.2924339683465,-0.576264920601333,0.358917208004574,-1.60556503770081,0.10836951248468,0.247267361258535,"TGME49_238220","Not significant"
964.366031603443,-0.179469456215347,0.162501598972406,-1.10441655559231,0.269412482422123,0.460846088989631,"TGME49_238230","Not significant"
2394.19180403608,-0.454416662899412,0.142108761747812,-3.19766816141728,0.00138543606969229,0.00804740437052695,"TGME49_238240","Not significant"
1767.87567117791,0.456469125462592,0.201990895154009,2.25985000519234,0.0238305616725096,0.0791626337911961,"TGME49_238250","Not significant"
402.501674667461,0.0209550469704175,0.110734969091343,0.189236039368307,0.849907822596446,0.912764185598824,"TGME49_238260","Not significant"
606.477831361197,0.173061875120612,0.0907671191042535,1.90665823514611,0.0565648586306359,0.151310996836951,"TGME49_238270","Not significant"
3300.04321547484,-0.0889496238190965,0.188070936682344,-0.472957839144143,0.636243258752126,0.776866393419262,"TGME49_238380","Not significant"
600.580070256134,0.371641178673222,0.0841831408447642,4.41467465984118,1.01162012414689e-05,0.000112077586506301,"TGME49_238390","Not significant"
450.706601734181,0.297123356268348,0.0891132313191671,3.33422267232319,0.000855381511134337,0.00533432703109235,"TGME49_238400","Not significant"
37.5089993108105,-2.96542589859677,0.33452759703133,-8.86451797972004,7.6835750307243e-19,6.00796462979327e-17,"TGME49_238410","Down in 120DPI"
869.440967823603,0.0742458874863532,0.123871145027604,0.599380004679929,0.548919507725612,0.716043220536522,"TGME49_238420","Not significant"
9642.4453801734,0.462398103309242,0.146359561211699,3.15932966374786,0.00158132507397333,0.00900513690584811,"TGME49_238440","Not significant"
6.73582477069261,2.00897483713515,0.939043619577738,2.13938393835052,0.0324045866631994,0.099214645611874,"TGME49_238470","Not significant"
11.551138408488,4.3747911270321,0.863371006276353,5.0671045184853,4.03912527863036e-07,6.39433673443565e-06,"TGME49_238480","Up in 120DPI"
153.916599511502,0.279530787003678,0.180475480983274,1.54885741531607,0.121415999821218,0.267102865360471,"TGME49_238510","Not significant"
73.6797842486836,-0.321399000730606,0.225660981720335,-1.42425597141521,0.154372387729555,0.317169342348848,"TGME49_238850","Not significant"
981.620481990533,0.188683088948344,0.0718372317950945,2.62653618789956,0.0086258819899817,0.0357157191153417,"TGME49_238870","Not significant"
198.970106437836,0.408750968648051,0.278196117943117,1.46929069920246,0.141753958431112,0.29832898290937,"TGME49_238880","Not significant"
1094.99045960341,-0.446400905658787,0.123526483313807,-3.61380728798657,0.000301733366131965,0.00216757573620595,"TGME49_238895","Not significant"
57.2271298530887,-1.23739233967149,0.319474492056982,-3.87321169744841,0.000107410450450979,0.000882284629360971,"TGME49_238915","Not significant"
380.305414333759,-0.123891800849346,0.0962725271407381,-1.28688634783869,0.198133904407517,0.377512865661182,"TGME49_238930","Not significant"
130.986371312219,0.204738046438608,0.194048944048624,1.05508456870193,0.29138664887979,0.485564800961158,"TGME49_238940","Not significant"
1027.80739106754,-0.974763640623737,0.108397672009975,-8.99247762935384,2.41718720911153e-19,2.09112408345691e-17,"TGME49_238950","Not significant"
1.22553834713937,-1.05731129175997,1.51004694624723,-0.700184384589898,0.483812162250719,0.664363475755293,"TGME49_238960","Not significant"
3.80098910342067,0.282045107459032,0.684281385304172,0.412177086088143,0.68020963084294,0.805489441475498,"TGME49_238970","Not significant"
2.67274370075613,0.945786212170407,1.12428293432085,0.841235051514622,0.400216267679609,0.591646425010261,"TGME49_238980","Not significant"
362.432404067338,-0.0873377279577972,0.0873125085737962,-1.00028884044695,0.317170746185803,0.511549485914905,"TGME49_238995","Not significant"
219.079658685568,-0.25828996389389,0.284784197835859,-0.906967331251857,0.364424073223203,0.557509927446271,"TGME49_239010","Not significant"
1114.78294435058,-0.114123774462131,0.187761888406517,-0.607811177394244,0.543312715163739,0.711239375356009,"TGME49_239020","Not significant"
308.638244933492,-0.0362215136524085,0.152077402527504,-0.238178145144593,0.811742927066777,0.892763522167573,"TGME49_239050","Not significant"
527.587882869469,0.0500397316808053,0.180373997360424,0.277422091948296,0.781456020170211,0.870968758462307,"TGME49_239070","Not significant"
152.857675095165,0.38994611120121,0.137013540584145,2.84604068721025,0.00442665384569028,0.0206407964868999,"TGME49_239080","Not significant"
445.186029030379,0.215713489191055,0.263987100269124,0.81713647739281,0.413850439079324,0.605374458170869,"TGME49_239087","Not significant"
54.4032455894087,-1.23697127966758,0.37297552485423,-3.31649450765175,0.000911543791118884,0.00564130449724412,"TGME49_239090","Not significant"
3136.2335536997,0.551047129697845,0.262593381582688,2.0984806485853,0.0358627075978832,0.106669911553031,"TGME49_239100","Not significant"
25.6042074183862,0.905031912265072,0.411489288336275,2.19940576320778,0.0278490832117717,0.088741671112119,"TGME49_239120","Not significant"
103.542344515512,0.745695940125698,0.167731351341502,4.44577554620338,8.75753491237255e-06,9.90680831788761e-05,"TGME49_239130","Not significant"
629.566532308263,0.172565245368918,0.125082239201721,1.37961429592431,0.16770543340147,0.336781069765227,"TGME49_239250","Not significant"
195.490971238912,-0.121813801686247,0.339051746667336,-0.359277906347924,0.719387200659437,0.833341412501787,"TGME49_239260","Not significant"
3548.51814079954,0.00377557296736865,0.0470810289750485,0.0801930851887197,0.936083689671105,0.962842469568103,"TGME49_239270","Not significant"
172.141121552651,-0.225135468485698,0.167102621284391,-1.34728867061002,0.177887279494827,0.349753229412944,"TGME49_239290","Not significant"
317.945739363653,0.130494009200011,0.182681111928373,0.714326773154176,0.475025140568198,0.658497182042714,"TGME49_239300","Not significant"
626.914464746517,0.205007353942633,0.149851424756565,1.36807076926808,0.171289925319362,0.341168232092475,"TGME49_239310","Not significant"
281.860022010438,0.102485602304937,0.109482711303403,0.936089370502743,0.349227175378668,0.545508142562298,"TGME49_239320","Not significant"
1466.69059302628,0.125500450524148,0.154264259029739,0.813541978637801,0.415907388438518,0.60742796026976,"TGME49_239330","Not significant"
216.462595872461,0.322453593347138,0.111681412769067,2.88726284304714,0.00388609442703249,0.0186330895522572,"TGME49_239340","Not significant"
53.8109154141866,0.129383923483063,0.23965461170904,0.539876627286212,0.589282117530588,0.74433708912065,"TGME49_239350","Not significant"
89.3849516655831,0.287237846334508,0.206842553886879,1.38867868790479,0.164930477666064,0.332807604064624,"TGME49_239365","Not significant"
1159.02302422002,-0.0296955369539139,0.101812619503173,-0.291668528899686,0.770540073738811,0.865474016525416,"TGME49_239400","Not significant"
668.730452634548,0.443081041559828,0.200523309892914,2.20962361830377,0.0271312947557829,0.0872574285139748,"TGME49_239410","Not significant"
6211.4545832307,0.256582115473313,0.0483335072724059,5.30857638836814,1.10484780032104e-07,2.01448930767055e-06,"TGME49_239420","Not significant"
6.8540065178074,-1.32982124460285,1.29918729189402,-1.02357931985631,0.306034017167428,0.501343397986609,"TGME49_239430","Not significant"
1131.49294615455,-0.182110064102254,0.0745383898953324,-2.44317142291341,0.0145588200998237,0.0538582568546389,"TGME49_239440","Not significant"
54.7367235061071,-0.176353614482946,0.319564333810388,-0.551856373895543,0.581046760050969,0.738523328029772,"TGME49_239475","Not significant"
1059.03999613955,-0.36643037020426,0.108773400098235,-3.36874980347522,0.000755099379367057,0.00478975674962005,"TGME49_239480","Not significant"
2130.26056273968,0.155377645845269,0.0712417084275231,2.18099269760411,0.0291839566036589,0.0917016750776484,"TGME49_239490","Not significant"
701.184527399163,-0.379064459609936,0.133975576752216,-2.82935493766155,0.00466419391797386,0.0215090873326315,"TGME49_239500","Not significant"
14.5824416323242,-1.43675575308453,0.373386650428889,-3.84790337692631,0.000119133019009968,0.000964929990626552,"TGME49_239510","Not significant"
466.435244727759,-0.5313614807459,0.153933953887325,-3.45187963621619,0.000556696001926647,0.00368652433849145,"TGME49_239530","Not significant"
2245.26716797771,-0.217580043976287,0.0679904797200035,-3.20015456387892,0.00137353907022307,0.00798971367600432,"TGME49_239540","Not significant"
79.9433382060983,-0.762811973166756,0.21560672997009,-3.53797849108224,0.000403202901651872,0.00279765016743432,"TGME49_239550","Not significant"
562.297049941702,-0.551715633910243,0.106272147598338,-5.19153556579551,2.08566735558291e-07,3.59335740161021e-06,"TGME49_239560","Not significant"
1.13297218057387,-2.99386371798801,1.77571637881734,-1.6860033244622,0.0917951590374591,0.219422563122711,"TGME49_239570","Not significant"
25.8075128955409,0.545092069021518,0.464721722007364,1.17294295318711,0.240818683100244,0.429475534565833,"TGME49_239580","Not significant"
558.188686694423,0.0782648150066452,0.0965625310847831,0.810509150158126,0.41764760825042,0.608136318035749,"TGME49_239590","Not significant"
3263.45570754957,-0.21382179098219,0.0614604304345849,-3.47901551405128,0.000503259451177879,0.00338223624543679,"TGME49_239600","Not significant"
1136.66348357688,0.177506169405255,0.159152260427609,1.11532295506412,0.264712051999493,0.454577522006161,"TGME49_239610","Not significant"
851.80529773401,0.447404412738086,0.10257992403186,4.361520219094,1.29161857597145e-05,0.000138200535966421,"TGME49_239620","Not significant"
2149.45882557674,0.109030482716145,0.184727390277963,0.59022369423443,0.555040688884209,0.720100651245436,"TGME49_239630","Not significant"
1.56979779866434,1.30923248496283,1.24263703164292,1.05359203985082,0.29206973517821,0.48579962850593,"TGME49_239650","Not significant"
3.08945273012113,0.76184335842076,0.800422977417669,0.951800960135633,0.341197935027399,0.536677293547932,"TGME49_239670","Not significant"
612.859695094961,-0.0752923681171666,0.138522303717848,-0.543539676256955,0.58675828082926,0.742995692884388,"TGME49_239680","Not significant"
96.5350961388676,0.482429174188042,0.15802374818811,3.05289033907589,0.00226648747165399,0.0120627651659099,"TGME49_239690","Not significant"
259.675787134576,0.16507426684052,0.170153258093256,0.970150490741986,0.331971484693428,0.526527696105277,"TGME49_239700","Not significant"
212.26193827803,0.283369309899446,0.147811596807517,1.91709795455667,0.0552254884537744,0.148832274832904,"TGME49_239710","Not significant"
388.072720301931,0.0618083907924126,0.105757505874948,0.584435026914283,0.558927666681261,0.722518977932136,"TGME49_239720","Not significant"
2.01107321440025,0.247372607507432,0.925789582886706,0.267201761696323,0.789313819813085,0.876632065381044,"TGME49_239730","Not significant"
15852.2039991209,0.222212436160523,0.104964183308098,2.11703105914014,0.03425721189409,0.103330729644933,"TGME49_239740","Not significant"
952.321521418916,0.431409040721646,0.067145685425872,6.42497039065773,1.3189518784965e-10,4.09378499081433e-09,"TGME49_239748","Not significant"
6672.20780279032,-0.587642190938542,0.138108839626684,-4.25492091981201,2.091229118556e-05,0.000209949076445647,"TGME49_239752","Not significant"
76.9335209931656,-0.197535430850148,0.993883616066959,-0.198751068693379,0.842457473795413,0.908393453790274,"TGME49_239755","Not significant"
555.11184863544,0.122282095347043,0.272077221686863,0.4494389298336,0.653115053476754,0.789407196027492,"TGME49_239760","Not significant"
717.539513116303,-0.147712081249745,0.0671551497537838,-2.19956446812066,0.0278378104669627,0.088741671112119,"TGME49_239770","Not significant"
3267.72037388998,0.0612968746810718,0.0656493634975413,0.933700974623577,0.350458162131587,0.54575369100997,"TGME49_239780","Not significant"
1054.79630755043,-0.27377184720254,0.109064683332585,-2.51017871997749,0.0120670072129193,0.0467725942113724,"TGME49_239790","Not significant"
131.846040228224,-0.0382070420098301,0.184920463478325,-0.206613380104947,0.836311809925227,0.905751287039871,"TGME49_239795","Not significant"
1217.69224992374,-0.241664690989614,0.179332292845109,-1.34758044496951,0.177793363616652,0.349737695435563,"TGME49_239800","Not significant"
552.411302565314,-0.0286321080061041,0.253033805403619,-0.113155267773144,0.909907458964936,0.947179653904616,"TGME49_239810","Not significant"
8699.3415190229,-0.7598799756448,0.0814760631595987,-9.32641988551062,1.0950738620814e-20,1.20339738465486e-18,"TGME49_239820","Not significant"
279.096466130142,-2.1528977548156,0.136854479097572,-15.7312918730315,9.23083222746056e-56,4.17028487076163e-53,"TGME49_239830","Down in 120DPI"
1.82104067343521,-1.55954705924163,1.51198206033695,-1.03145870586195,0.302325763287345,0.496669314556098,"TGME49_239855","Not significant"
906.596310401185,-0.264723063732609,0.0686532589889804,-3.85594315012926,0.000115284279658886,0.000939370503192442,"TGME49_239870","Not significant"
51.1758972295669,-0.957797870272424,0.300237229695296,-3.19013691687894,0.0014220540454884,0.00822485312795994,"TGME49_239880","Not significant"
668.143958739,0.600100245763353,0.0662033886143424,9.06449440615713,1.25183455947947e-19,1.13110207085412e-17,"TGME49_239885","Not significant"
1718.68984110505,-0.0240851567149252,0.124366387944318,-0.193662910960386,0.846439834738773,0.91068342315919,"TGME49_239890","Not significant"
396.214534404071,0.249277033340926,0.18527419625715,1.34544927667608,0.17848019118529,0.350405438735897,"TGME49_239910","Not significant"
657.485620324717,0.27115287873727,0.0977287094142218,2.77454680781664,0.00552786786428252,0.0246721303360842,"TGME49_239930","Not significant"
422.815157558925,-0.0765784337561504,0.102967048801457,-0.743717865545615,0.457047178810238,0.643920245683447,"TGME49_240050","Not significant"
4421.04825696633,-0.295353668408244,0.071589145402584,-4.12567668949409,3.69646259391811e-05,0.000347818376997831,"TGME49_240060","Not significant"
1454.16974329819,0.143344797674922,0.135963629395229,1.05428781441423,0.291751165994312,0.48579962850593,"TGME49_240070","Not significant"
1854.71734611193,-0.0789949296064276,0.185495287073663,-0.425859496770167,0.670210230070742,0.799276060324036,"TGME49_240080","Not significant"
3884.48311656112,0.230961691103697,0.108900610821249,2.12084844485217,0.0339345583822103,0.102509594637494,"TGME49_240090","Not significant"
3.74173426766223,0.0796152696820022,0.893700377717662,0.0890849681470698,0.929014383574016,0.958237565604249,"TGME49_240200","Not significant"
248.97438423102,-0.229561483926014,0.342444213632009,-0.670361696263618,0.502627246067277,0.679060981928513,"TGME49_240210","Not significant"
638.245842006846,0.024086970087098,0.0873793631299859,0.275659712136676,0.782809442107865,0.871789425256253,"TGME49_240220","Not significant"
4.21446231189971,0.37971873631146,0.64547955473163,0.588273840012385,0.556348501654778,0.720418155327493,"TGME49_240240","Not significant"
123.002828688725,-0.0566969463476132,0.212448481621692,-0.266873860028681,0.789566283599084,0.876672995388824,"TGME49_240243","Not significant"
4.67708477891382,0.588020635474329,0.678057917617641,0.867212991982073,0.38582531905498,0.577388939005354,"TGME49_240247","Not significant"
4455.29663005704,-0.311154469777953,0.0586308922471613,-5.30700553671035,1.11440794222584e-07,2.02284941655815e-06,"TGME49_240250","Not significant"
275.933980059468,-0.486226035082673,0.183861447182301,-2.64452413779042,0.00818058718272278,0.03431978880482,"TGME49_240255","Not significant"
221.223435077145,0.227633193901743,0.105987110774906,2.14774411942588,0.0317340884023944,0.0973817384484041,"TGME49_240270","Not significant"
1181.27042302439,0.0469764801108092,0.0739632390436919,0.635132813519146,0.525341797659708,0.696231991292169,"TGME49_240280","Not significant"
257.664606822695,0.358188684003514,0.15838782267781,2.26146605179451,0.0237304125990646,0.078999866198719,"TGME49_240285","Not significant"
24.9719253235197,0.643004095965279,0.373389746450494,1.72207218349669,0.0850564433122253,0.206718170058283,"TGME49_240290","Not significant"
15.7000852032625,-0.0633959398426249,0.402386172369078,-0.157549995988621,0.874811408739242,0.926297705191082,"TGME49_240295","Not significant"
779.787088222512,0.488622803241577,0.15150593926007,3.22510659072462,0.00125925774742329,0.00742530553068629,"TGME49_240300","Not significant"
21.8473889591309,0.973735964725165,0.398247049622328,2.44505506230013,0.0144830028649503,0.0538582568546389,"TGME49_240310","Not significant"
2.32344755631468,1.40447883329837,1.15638342196515,1.21454424771294,0.224539963908787,0.409591517834512,"TGME49_240325","Not significant"
723.435860454129,-0.188141531840451,0.16457351234704,-1.14320663852463,0.25295280666863,0.442679898642563,"TGME49_240380","Not significant"
137.050696824592,0.0439052648694323,0.216474966542511,0.202819132256617,0.839276403342484,0.907579217018761,"TGME49_240390","Not significant"
150.418588495147,0.288365541262089,0.329160538831766,0.87606352294092,0.380995501518318,0.572554433781908,"TGME49_240400","Not significant"
250.323861105266,-0.946052892324304,0.187684009022479,-5.04066860704684,4.6390819731877e-07,7.22436473398827e-06,"TGME49_240410","Not significant"
395.595083640517,-0.191923329277613,0.106170111201837,-1.80769641384996,0.070653763049981,0.179773592341191,"TGME49_240430","Not significant"
646.288195489118,0.0703251923154124,0.100998352199713,0.69630039286534,0.486240727203063,0.667247653326916,"TGME49_240440","Not significant"
125.499989887243,-0.641402775360375,0.21611591302365,-2.96786463517004,0.0029987636220607,0.0151465501705575,"TGME49_240450","Not significant"
28.1563936140197,0.80148671683767,0.368440466102425,2.17534931848354,0.0296039493522834,0.0923080199895584,"TGME49_240460","Not significant"
251.17556450671,-1.36069263987413,0.200938090565082,-6.771700855958,1.27277100787408e-11,4.34881253614789e-10,"TGME49_240470","Not significant"
250.518620565217,0.515065865168918,0.133120226605226,3.8691780979037,0.000109202854215854,0.000895199204116257,"TGME49_240480","Not significant"
130.326617889237,0.127342772264794,0.166870692656648,0.763122452705424,0.445390370826796,0.632012892911623,"TGME49_240490","Not significant"
1364.65219796764,0.250464293766739,0.11732047122228,2.13487289266167,0.0327713940965435,0.0997368925123847,"TGME49_240500","Not significant"
366.185189587739,-0.172510081537429,0.26033516855718,-0.662646090013531,0.507557244215478,0.683187135489302,"TGME49_240510","Not significant"
834.154104169611,-0.493881229646529,0.197185687225749,-2.50465049768601,0.0122572446472092,0.047284588933162,"TGME49_240520","Not significant"
3280.57692552945,0.103570564242957,0.082939412506804,1.24874967295507,0.21175664650616,0.394231925226212,"TGME49_240540","Not significant"
166.591487143169,-1.29347324164138,0.161047245719794,-8.03163839195298,9.61794995219724e-16,5.92524007661121e-14,"TGME49_240550","Not significant"
1510.3012554365,0.0141211530929635,0.121224053969386,0.116488045322504,0.907265760047604,0.946580859313792,"TGME49_240560","Not significant"
2537.39642122703,-0.122859102247936,0.0797652356769449,-1.54025875063573,0.123497294208576,0.270841423005431,"TGME49_240570","Not significant"
316.251743246356,-1.81567038910322,0.190695731649637,-9.52129538189734,1.71033596968864e-21,2.04536060375118e-19,"TGME49_240580","Not significant"
1548.74165668319,0.0808073879893686,0.244016270234717,0.331155737736835,0.740526851825207,0.844595281773153,"TGME49_240590","Not significant"
4330.96825860449,-0.0997507819185529,0.122999780679897,-0.810983412874135,0.417375196339548,0.608136318035749,"TGME49_240600","Not significant"
3.67860538418765,1.02635443921255,0.751272227469732,1.36615517209958,0.171890264341932,0.341930437776073,"TGME49_240610","Not significant"
791.548648483005,-0.569706316023925,0.283442458127824,-2.00995404777009,0.0444360525965124,0.12643596211156,"TGME49_240630","Not significant"
4981.23414721282,0.0692853488309266,0.0742570624262695,0.933047262672431,0.350795566404795,0.546069974349883,"TGME49_240640","Not significant"
291.104157376863,0.434003923322153,0.16603166126215,2.61398289954406,0.00894935156299926,0.0367894864052972,"TGME49_240650","Not significant"
329.582385898829,0.297713050045824,0.0898690576675265,3.31274253644923,0.000923859839601107,0.00570590719944866,"TGME49_240660","Not significant"
294.422517003362,0.208079945470921,0.0886620306471126,2.34688901158951,0.0189308929555487,0.0658451760113438,"TGME49_240670","Not significant"
2003.48982957385,-0.371068076561874,0.0729482331515282,-5.08673151536228,3.64286960091717e-07,5.83145976272804e-06,"TGME49_240690","Not significant"
482.605778665979,0.0144499416754176,0.116632736594237,0.123892674538612,0.901400253132585,0.942668063075384,"TGME49_240700","Not significant"
1039.35609777762,0.0686198055165095,0.0626898428131052,1.09459208122571,0.273695386366293,0.46523638836344,"TGME49_240710","Not significant"
485.582567734227,0.172566179063448,0.0828842977588917,2.08201292318888,0.0373412893186312,0.110120381403743,"TGME49_240730","Not significant"
738.787617493671,0.179462218994128,0.0952327083540477,1.88445988879093,0.0595027955484784,0.157614571140139,"TGME49_240740","Not significant"
109.489693955166,-1.15534542565338,0.228941169334925,-5.04647298259926,4.5004049769908e-07,7.06511453144579e-06,"TGME49_240770","Not significant"
1336.45012695418,0.380082519397092,0.143257029929083,2.65315091053644,0.00797442091975886,0.0336348500619705,"TGME49_240780","Not significant"
302.885092918541,-0.126474808341811,0.222632772165104,-0.568087110948867,0.569975819245087,0.731310091843018,"TGME49_240800","Not significant"
2759.88417005454,0.181892325147964,0.273389001762982,0.6653242229022,0.505843140713352,0.681584341265718,"TGME49_240810","Not significant"
30.3638020215605,0.110655015629523,0.336761725580119,0.328585487079638,0.742469019131537,0.845624378652333,"TGME49_240820","Not significant"
354.39515842057,0.0729342561319831,0.304522145397356,0.239503948183521,0.81071483533276,0.892216528962839,"TGME49_240830","Not significant"
499.845346295286,0.0505029204491554,0.105377970170891,0.479255012857576,0.631757222034486,0.773480180761809,"TGME49_240840","Not significant"
254.278217055708,0.109935299271099,0.1862373132072,0.590296849637159,0.554991651103502,0.720100651245436,"TGME49_240850","Not significant"
1244.29541737737,0.171302997722426,0.0659316912538761,2.59818904178884,0.00937168840214046,0.0382809507559633,"TGME49_240860","Not significant"
974.673449673595,-0.25812187850126,0.121582629938418,-2.12301608076745,0.0337525043575524,0.102035451834802,"TGME49_240870","Not significant"
395.629397654327,-0.251641645998718,0.193213585613646,-1.3024014082628,0.192779201433098,0.369561637447891,"TGME49_240880","Not significant"
2759.99808913305,-0.0312557365524699,0.162387660315635,-0.1924760569351,0.847369321056694,0.911000438766927,"TGME49_240890","Not significant"
1023.99768646408,-0.530075935695151,0.142526882869942,-3.71912950751089,0.000199910539701463,0.00150804499893534,"TGME49_240900","Not significant"
680.896367194795,-0.0853098958323669,0.0834779943662362,-1.02194472303795,0.306807063538218,0.50188307864458,"TGME49_240910","Not significant"
2.69548932926444,-1.85843259382742,1.78456782679736,-1.04139084316152,0.297694190584178,0.491006083158259,"TGME49_240920","Not significant"
1324.38352377966,0.0954121269772271,0.12267517121192,0.777762329855681,0.436709139331858,0.624792174709125,"TGME49_240930","Not significant"
250.011439389779,-0.10508208832483,0.215452790301825,-0.487726745973545,0.625743404483924,0.769592462985976,"TGME49_240940","Not significant"
2600.7319231685,-0.0725379359655154,0.137722627949652,-0.526695845449836,0.598404821148212,0.74980400702269,"TGME49_240950","Not significant"
1467.07051407647,0.105836147348514,0.177023214038829,0.597865923535313,0.549929398932649,0.717130511885872,"TGME49_240960","Not significant"
830.169742772025,-0.095740417455053,0.106467861898163,-0.899242416895996,0.368523551508667,0.560574919728485,"TGME49_240970","Not significant"
1006.61042774236,-0.069372930827717,0.0631184974612355,-1.09909033988527,0.271728663072443,0.462582160472829,"TGME49_240980","Not significant"
338.226172324348,-0.215016743204759,0.269453158293776,-0.797974477516916,0.4248853012073,0.61392453259022,"TGME49_240990","Not significant"
1989.05509793925,-0.919379937189158,0.117079334279926,-7.85262354662017,4.07423207133284e-15,2.26929145233415e-13,"TGME49_241000","Not significant"
3430.42863188388,0.0683600794817727,0.114421917464276,0.597438681300856,0.550214534759266,0.717272298278672,"TGME49_241010","Not significant"
1103.84406473103,0.251140919712805,0.113554614823695,2.21163111779057,0.0269921634949559,0.086896386991679,"TGME49_241130","Not significant"
461.628859579723,-0.190789017222892,0.0893514240871064,-2.13526554469794,0.0327393256619056,0.0997139311919911,"TGME49_241140","Not significant"
2075.08698029267,0.158032551536581,0.184868603040646,0.854837159676246,0.392641303241207,0.584598251598865,"TGME49_241150","Not significant"
951.629242667621,-0.114225537172447,0.202197029481171,-0.564921935132008,0.572126863191961,0.732682779760162,"TGME49_241155","Not significant"
870.66641686698,-0.113502270840706,0.178880831549291,-0.634513322962896,0.52574587485236,0.696316708092798,"TGME49_241160","Not significant"
16.7838019094272,-0.449087666286623,0.488616910551605,-0.919099721251243,0.358043415058848,0.551650066551451,"TGME49_241165","Not significant"
349.431503629485,0.0111327331648678,0.168514994880918,0.0660637539866101,0.947327067912011,0.968770588060925,"TGME49_241170","Not significant"
16.5626815498439,0.230632158869145,0.528118492944156,0.436705326456979,0.662325065876231,0.795722093187222,"TGME49_241175","Not significant"
4395.17368969559,0.259146968198583,0.132614511832156,1.95413733096249,0.0506849782776453,0.138871375793063,"TGME49_241180","Not significant"
123.490983089527,-1.00325073669165,0.160354465254894,-6.25645650151942,3.93822881196472e-10,1.13566229428713e-08,"TGME49_241240","Not significant"
62.5704638482686,1.19257373098271,0.262541078992042,4.54242717201165,5.56102109940962e-06,6.55394544643464e-05,"TGME49_241300","Not significant"
33.1775218376858,0.636201780047376,0.302851477429663,2.10070555193224,0.0356668216657118,0.106320598895003,"TGME49_241305","Not significant"
225.475713617582,0.677973206540035,0.115816418628059,5.85386091688196,4.80290322457005e-09,1.09711261298325e-07,"TGME49_241610","Not significant"
52.5980449566502,0.765769701094592,0.335365980560911,2.28338515377683,0.0224076909981697,0.075861508408458,"TGME49_241710","Not significant"
14886.2934726149,0.227655659073085,0.177962734958942,1.2792321893997,0.200815303662742,0.380659685171427,"TGME49_241820","Not significant"
1031.90468454327,0.036210280817055,0.076165666890866,0.475414741250003,0.63449138946263,0.776359310729779,"TGME49_241830","Not significant"
1789.37659664782,0.336137621082466,0.332581844675165,1.01069143269313,0.312164138790316,0.507258577440863,"TGME49_241840","Not significant"
573.353382204542,0.432320559954864,0.166176408142507,2.60157602867503,0.00927964936693558,0.0379970335608863,"TGME49_241850","Not significant"
230.350376609725,-0.0651396181177469,0.226839332317187,-0.287161919638622,0.77398834261441,0.866254711408282,"TGME49_241860","Not significant"
284.021288571434,0.0689636082122032,0.172669546238576,0.399396475606166,0.689601090438802,0.812466705257457,"TGME49_241870","Not significant"
1556.87250061359,-0.595365057443072,0.0742812620408272,-8.0150099915621,1.10128062879962e-15,6.68329408462577e-14,"TGME49_241880","Not significant"
673.890138165914,0.191028779161655,0.0905370156889933,2.10995224116801,0.0348624697817412,0.104535989773274,"TGME49_241890","Not significant"
3205.06163244646,0.122372424420787,0.124732615412539,0.981077996449073,0.326554280225794,0.521307304043219,"TGME49_242000","Not significant"
1696.36063273318,0.205951873929319,0.147613565670081,1.39520966785414,0.162952622482012,0.329798587860558,"TGME49_242010","Not significant"
245.20847560291,0.15182705368798,0.187895868886923,0.808038274536789,0.419068549038717,0.609417997278764,"TGME49_242020","Not significant"
439.334795761149,-0.0847795633344954,0.115358112961195,-0.73492501878055,0.46238516045645,0.647420976110456,"TGME49_242030","Not significant"
56.0968041249412,0.286664068692321,0.320664262840541,0.893969493678416,0.371338213554623,0.563591331210563,"TGME49_242055","Not significant"
6844.20188921453,0.17151304690572,0.0919727940097814,1.86482370957959,0.0622061187871006,0.163075486130465,"TGME49_242070","Not significant"
408.92261878475,0.145472496444654,0.0925533616130934,1.5717689115689,0.11600415387871,0.259303402787704,"TGME49_242080","Not significant"
34007.4002319271,0.148084566373618,0.0363200515792447,4.07721244697356,4.55788445520331e-05,0.000418337656768773,"TGME49_242090","Not significant"
59.039816034446,-0.0355947159281303,0.256530490907764,-0.138754328197689,0.889644285586786,0.935184504962738,"TGME49_242100","Not significant"
12.197250406146,-1.31900374942044,0.419929346691496,-3.14101350575399,0.00168364268127076,0.00944730929447782,"TGME49_242240","Not significant"
135.891887028557,-0.0447874558656063,0.35135183791815,-0.12747181324277,0.898566980941868,0.940672848740895,"TGME49_242260","Not significant"
1983.31070669745,0.340187537852125,0.0950106604857868,3.58051966077024,0.000342911538525249,0.00242483185329332,"TGME49_242270","Not significant"
2387.57335432888,0.00652257840396677,0.106172218184553,0.061433946803569,0.951013617766893,0.970587693232979,"TGME49_242290","Not significant"
24.2997586873674,0.176488112244734,0.37420665405026,0.471632747131829,0.63718894830579,0.777320811224525,"TGME49_242310","Not significant"
1154.25246532478,-0.329242512675962,0.105246776319584,-3.12829071055069,0.00175826180434338,0.00980671124342963,"TGME49_242320","Not significant"
4165.21802557675,0.156768027910123,0.143743579576986,1.09060890490877,0.275445009525796,0.467592955025291,"TGME49_242330","Not significant"
1643.32848359191,0.470268083441594,0.231178590091907,2.03421987846987,0.0419294311716801,0.12039905871755,"TGME49_242340","Not significant"
2.85590882486526,-0.0810709014958166,1.20717250324586,-0.0671576773641151,0.946456177591157,0.968123476247961,"TGME49_242360","Not significant"
2787.09607240149,-0.72543798017735,0.253372036816476,-2.86313355369521,0.00419473712466861,0.0197633848770597,"TGME49_242380","Not significant"
2.17864807550485,-0.201560192148352,0.967158346932065,-0.208404541808198,0.834913110335371,0.905509924412809,"TGME49_242400","Not significant"
250.961614146256,0.381432633917747,0.124788043262899,3.05664408179043,0.00223829878084481,0.012006494515719,"TGME49_242415","Not significant"
136.93990501993,0.267698892592999,0.158547793115394,1.68844288105709,0.091326244849115,0.218688169350119,"TGME49_242435","Not significant"
1224.22908509214,0.455398439220535,0.0537218219227209,8.47697309811323,2.31128363565611e-17,1.6781570111746e-15,"TGME49_242460","Not significant"
4220.45771826128,-0.617719858068915,0.14604218157828,-4.2297358981714,2.33965823181077e-05,0.000232025618793721,"TGME49_242570","Not significant"
1050.18953018818,-0.305827596760678,0.273012285333341,-1.12019719694031,0.262629738197491,0.452671689491733,"TGME49_242580","Not significant"
9.28049599050511,-0.0511408289972558,0.437662279936513,-0.116849980776672,0.906978936071136,0.946580859313792,"TGME49_242590","Not significant"
1.65608750084902,3.17076084942643,1.32933889666865,2.38521633375237,0.0170690805157578,0.0609046761748923,"TGME49_242600","Not significant"
244.506056209319,-0.170913089830148,0.100374523592406,-1.70275368403421,0.0886141737544089,0.213787137246793,"TGME49_242610","Not significant"
374.365415341899,-0.08074930128845,0.120216262293071,-0.671700315316693,0.501774500600658,0.679060981928513,"TGME49_242625","Not significant"
588.422499940254,0.600121874697844,0.0777561297098151,7.71800084363112,1.18168419122052e-14,6.00590990187831e-13,"TGME49_242640","Not significant"
212.885901118902,-0.155450709141193,0.22798503229531,-0.681846117598793,0.495336259503815,0.676139048624889,"TGME49_242650","Not significant"
4121.1490574023,-0.0308979199501354,0.0652656768821148,-0.473417597521348,0.635915277510473,0.776866393419262,"TGME49_242660","Not significant"
185.569419659569,-0.752529588192402,0.271103382142713,-2.77580302482637,0.00550655584305349,0.0246242782773832,"TGME49_242670","Not significant"
1785.06276515153,0.198790084411405,0.447496254278583,0.444227370644427,0.656878205420305,0.792572935679034,"TGME49_242680","Not significant"
1380.88975145438,0.0144281685058924,0.0754135497829306,0.191320638630885,0.848274392452859,0.911732402779097,"TGME49_242700","Not significant"
664.723379285599,0.186625435322936,0.105085896281032,1.77593227947395,0.0757440797592682,0.188826136297477,"TGME49_242720","Not significant"
583.5180776471,0.230974054238769,0.14379814028522,1.60623811810526,0.108221601071877,0.247203184345759,"TGME49_242730","Not significant"
33.9632453184954,-0.149491700325831,0.278190925254805,-0.537370872859731,0.591011458765663,0.744901609219214,"TGME49_242750","Not significant"
10.8230215894077,-0.220165937716831,0.610216383553102,-0.360799781275737,0.718249126319451,0.832497419502534,"TGME49_242760","Not significant"
848.857111031322,-0.018366376439491,0.0786698989812072,-0.23346129431129,0.815403221836562,0.895336078851596,"TGME49_242770","Not significant"
385.645851388144,0.370362960103013,0.124753957078323,2.96874719469213,0.00299016488677872,0.0151219035194556,"TGME49_242780","Not significant"
340.665088243529,-0.106155845876668,0.141446749028365,-0.750500429355078,0.452953365297592,0.640371482371353,"TGME49_242790","Not significant"
3923.50470338045,0.319022846720966,0.234711716453128,1.35921142558162,0.174079601773368,0.344767491870684,"TGME49_242800","Not significant"
316.163756316294,0.0719956019965391,0.196953226278512,0.365546700386262,0.714703353176326,0.829806920049955,"TGME49_242810","Not significant"
4169.77754880695,-0.141509014812602,0.0376275040382893,-3.76078664873982,0.000169379852707619,0.00130188748791905,"TGME49_242820","Not significant"
287.448739396116,0.0562528783246252,0.103354570196789,0.54427083599224,0.586255112824484,0.742885138375812,"TGME49_242830","Not significant"
176.44972866003,0.129640344158771,0.20722160582819,0.625612100826286,0.531569399757188,0.700830473220728,"TGME49_242840","Not significant"
1480.82219858184,0.465766589631102,0.115189428965654,4.04348379719791,5.2662797145663e-05,0.000472686386742308,"TGME49_242850","Not significant"
309.092442792163,-0.939657470670424,0.205622995392048,-4.56980732567795,4.88172812104759e-06,5.88994259352507e-05,"TGME49_242860","Not significant"
974.638893225119,-0.0890443752342514,0.120956801843149,-0.736166746122468,0.461629226924057,0.647248281635088,"TGME49_242870","Not significant"
461.029546950389,0.488478259354149,0.188216089019271,2.5953055442786,0.00945068633096065,0.0385034976169198,"TGME49_242880","Not significant"
304.553767723218,-0.0991014069256988,0.147856281116826,-0.670254967710136,0.502695268717751,0.679060981928513,"TGME49_242890","Not significant"
3.57066006910099,0.781619418239382,0.778059704964344,1.00457511583279,0.31510148451458,0.510209037580019,"TGME49_242900","Not significant"
11.5497833186552,1.29858527128087,0.551031865774708,2.35664278590342,0.018440976545767,0.0643613825193895,"TGME49_243110","Not significant"
1.77129918555111,-0.85568829421914,1.13964363370411,-0.750838480480034,0.452749867848158,0.640306421798473,"TGME49_243120","Not significant"
220.35299607501,-0.752318124215526,0.104482295121326,-7.20043643128175,6.00201349374028e-13,2.49022314954571e-11,"TGME49_243170","Not significant"
219.991784275416,-0.636089910229737,0.122200184554101,-5.20531055293233,1.93672441158431e-07,3.3509453010646e-06,"TGME49_243190","Not significant"
1520.94344588477,-2.13315879829839,0.154955756128121,-13.766244324184,4.06818844444244e-43,1.18151815822164e-40,"TGME49_243200","Down in 120DPI"
2325.90478591816,-0.078512827222093,0.0762820600663166,-1.02924366690985,0.303365187445004,0.497974506318687,"TGME49_243210","Not significant"
292.841091678198,0.564749485668194,0.105376092995228,5.35937013430333,8.35126002943085e-08,1.55762492108559e-06,"TGME49_243240","Not significant"
1456.90806823316,-0.248455485583093,0.0626434697507327,-3.96618333198549,7.3032695527237e-05,0.000634193206803567,"TGME49_243250","Not significant"
85.6165275988082,0.385991497321436,0.257005240528079,1.50188181582727,0.133127633632621,0.283996305535277,"TGME49_243265","Not significant"
536.245691551554,0.0636524013807445,0.0948372227487352,0.671175299485385,0.502108862084091,0.679060981928513,"TGME49_243280","Not significant"
766.135024926297,-0.130811426948952,0.182081133256733,-0.718423840017015,0.472495991687586,0.656202084358833,"TGME49_243290","Not significant"
73.6308881938007,0.0725303402361142,0.248361048507346,0.292035891586151,0.770259181980761,0.865397577765618,"TGME49_243298","Not significant"
852.74068661078,-0.284700767771007,0.220635901410804,-1.29036465031555,0.19692407964751,0.375679429116552,"TGME49_243310","Not significant"
5.56753286012138,1.45816003154239,0.816937966665315,1.78490912534583,0.0742760582595058,0.186273748430323,"TGME49_243330","Not significant"
345.883090589348,0.450464189726706,0.196239231293005,2.29548488729105,0.0217053515216193,0.0740828433226657,"TGME49_243340","Not significant"
2455.67182523096,0.0671556858173059,0.146661691625042,0.457895208170632,0.647027729696074,0.785317835505743,"TGME49_243350","Not significant"
3.19732111480079,1.8458632437282,1.28028905078453,1.44175508069611,0.149371478952375,0.309711592769176,"TGME49_243355","Not significant"
4.70320780506447,-0.88983109315655,0.91203411655796,-0.975655490295467,0.329235216129062,0.523941443749811,"TGME49_243360","Not significant"
12.7759605973035,-0.41762864034125,0.416856672480796,-1.00185187838271,0.316415136981828,0.51093881928837,"TGME49_243370","Not significant"
3.39800531018129,0.100415158528604,1.19633862515247,0.083935397902752,0.933107795394736,0.961236495726736,"TGME49_243378","Not significant"
41.5874126368743,0.658426193474231,0.354955631168095,1.85495350871732,0.0636028658609936,0.166094574560565,"TGME49_243382","Not significant"
846.884079222771,0.167930780750915,0.234495797992412,0.716135564852848,0.473907645291563,0.657647947356824,"TGME49_243390","Not significant"
76.7808322494271,0.259921791438476,0.218503845269557,1.18955248186971,0.234222331856689,0.421392920942168,"TGME49_243400","Not significant"
508.643582452473,-0.156897294268973,0.207527049871664,-0.756032981560713,0.449629421529414,0.637001124717281,"TGME49_243410","Not significant"
3.88465252264388,1.70813684198585,0.884408859863968,1.93138820686235,0.0534350624636071,0.144867150128211,"TGME49_243420","Not significant"
3916.98838785994,0.196615642997944,0.202978879625912,0.968650745143065,0.332719475460686,0.526918066758582,"TGME49_243430","Not significant"
1204.01247137297,-0.101943031545509,0.0601415849124925,-1.69505063250061,0.0900658161363407,0.216051686377794,"TGME49_243440","Not significant"
883.932273557734,0.103129102632624,0.112298432747378,0.91834854778979,0.358436418443855,0.551750993547207,"TGME49_243450","Not significant"
7820.15587407132,0.0404224772616052,0.190864352691479,0.211786416329642,0.832273666346789,0.903724076172232,"TGME49_243460","Not significant"
6.30567325757534,-0.328042587454142,0.588104826202083,-0.557796115316049,0.576983615679767,0.736760541189754,"TGME49_243465","Not significant"
335.492279812402,-0.508984089771259,0.381402752194154,-1.33450555047951,0.182038229026645,0.355166717477129,"TGME49_243470","Not significant"
485.610980931254,0.185969769763871,0.109268002282167,1.70196000548847,0.0887628658668718,0.213787137246793,"TGME49_243480","Not significant"
319.704934601812,0.464786788585398,0.121382112097401,3.82912095163115,0.000128601794411525,0.00103543543777675,"TGME49_243482","Not significant"
144.270720556923,0.251442576207772,0.215660178857022,1.16592028041706,0.243646678528798,0.432228357285381,"TGME49_243490","Not significant"
307.157763589844,0.0398563179072685,0.112254807442598,0.35505221393435,0.722550475049198,0.834390863831309,"TGME49_243510","Not significant"
2.88550379328359,1.26957862964942,0.889445848297017,1.42738159054903,0.15346993425684,0.316147789048012,"TGME49_243520","Not significant"
232.435605688046,0.293109341156767,0.14522223473043,2.01835030083963,0.0435547914894183,0.124363611092679,"TGME49_243530","Not significant"
423.833780240473,-0.254756443849929,0.226833571129845,-1.12309850160627,0.261395662447135,0.451127630596932,"TGME49_243540","Not significant"
12.1849056189878,-1.33808107518169,0.611840863005036,-2.18697565999392,0.0287443008992961,0.0908000541579809,"TGME49_243545","Not significant"
1997.83402537821,0.134559464886114,0.232850104028501,0.577880200859363,0.563345003374066,0.726009757121696,"TGME49_243570","Not significant"
1506.41623320218,0.252911908905819,0.106933378067255,2.36513531581085,0.0180234842634984,0.063614138034188,"TGME49_243580","Not significant"
466.671050584499,0.182869399924714,0.100292832610232,1.82335462231284,0.0682496983440421,0.174530360670991,"TGME49_243590","Not significant"
6511.17427285723,0.0279494536933128,0.119467018680744,0.233951210986549,0.81502285556623,0.895160164973606,"TGME49_243600","Not significant"
286.569524013332,-0.1518567749183,0.298839120403744,-0.508155607984441,0.61134422006494,0.759000182834823,"TGME49_243610","Not significant"
8.29589407888997,2.28186526238325,0.790013595821686,2.8883873321318,0.00387222722854538,0.0185885193757562,"TGME49_243615","Up in 120DPI"
380.091664872487,0.331178099501873,0.169129445412561,1.95813389379964,0.050214303556853,0.138046895376717,"TGME49_243620","Not significant"
24.1948570222632,0.210690714114798,0.414585697261168,0.50819580971235,0.611316029217982,0.759000182834823,"TGME49_243635","Not significant"
4.92339852102257,0.386257274447917,0.778847462890006,0.495934432417182,0.619940671901085,0.767615374255495,"TGME49_243655","Not significant"
349.569929457588,0.162606878995443,0.224376268183841,0.724706228121293,0.468632273466863,0.652777945843188,"TGME49_243680","Not significant"
6698.46508438356,-0.332578352609558,0.159765243070978,-2.08166899268451,0.0373727147471773,0.110120381403743,"TGME49_243690","Not significant"
7.17494700969577,0.85423240163582,0.758819659845436,1.12573836293306,0.260276280492545,0.449872408123653,"TGME49_243700","Not significant"
2073.64022568483,-0.0550910896206339,0.0724058785036931,-0.760864873945613,0.446737780893322,0.633566730768137,"TGME49_243710","Not significant"
1483.01993537029,-0.95815502407202,0.140770383820031,-6.80650999216556,9.99947883892959e-12,3.47503256060579e-10,"TGME49_243720","Not significant"
4455.94340149048,-0.377668088715567,0.305188094981906,-1.23749286071581,0.215904163176369,0.399756979724553,"TGME49_243730","Not significant"
18.9029376441203,-0.187173083541836,0.338754231893738,-0.552533565397787,0.580582844240118,0.738395322077047,"TGME49_243740","Not significant"
556.474585897041,0.0643373807799237,0.135860756820117,0.473553822941733,0.635818111078254,0.776866393419262,"TGME49_243750","Not significant"
1109.60494021884,0.1853014679303,0.201034101395776,0.921741468953555,0.356663444349891,0.550985396932621,"TGME49_243760","Not significant"
3.44545220496805,0.112297947585764,0.837517990423141,0.134084221318072,0.893335976533043,0.937304920640743,"TGME49_243770","Not significant"
593.120888467179,0.00829766511269591,0.132921089668425,0.0624254972133815,0.950223990713288,0.970587693232979,"TGME49_243780","Not significant"
1125.48413170273,0.0122430381680843,0.0944915931958386,0.129567485889565,0.89690862885338,0.939178595137224,"TGME49_243790","Not significant"
649.824681420202,-0.226789761097303,0.087869365031695,-2.58098782226887,0.00985180569287051,0.0397395257412812,"TGME49_243800","Not significant"
1002.68015524459,0.0803294654004142,0.0703266991389963,1.14223284163598,0.253357248210244,0.442679898642563,"TGME49_243910","Not significant"
946.328542600165,-1.0763133050736,0.146138235032531,-7.36503561052322,1.77099585791508e-13,7.91304303107989e-12,"TGME49_243920","Not significant"
9049.45000966299,-0.0342795266786503,0.162681557822418,-0.210715505417458,0.833109274680162,0.904059325120998,"TGME49_243930","Not significant"
14.4627109788862,1.33359141078506,0.537085468753169,2.48301525245314,0.0130275509399733,0.0496103786405944,"TGME49_243940","Not significant"
3287.48768360905,-0.117595595234456,0.105151522913873,-1.11834419488889,0.263420018401759,0.453265253838998,"TGME49_243950","Not significant"
182.205975058756,-0.045388509872096,0.243117938425028,-0.186693380859236,0.851901046165627,0.913527137517368,"TGME49_243960","Not significant"
151.54632134812,0.374714505899981,0.240205812743158,1.55997268184616,0.118766337005473,0.263306393819113,"TGME49_243970","Not significant"
1275.88748169737,0.447618147670256,0.151890964469472,2.94697021138621,0.00320904115447041,0.0159705769082946,"TGME49_243980","Not significant"
252.310069499206,0.278234326018604,0.14736443190494,1.8880697494093,0.0590165873164639,0.156530622327947,"TGME49_243990","Not significant"
452.418760890117,0.180687723185668,0.0900326594627504,2.00691309424692,0.0447589173500655,0.126921707189378,"TGME49_244000","Not significant"
343.982124165424,0.0554453645530211,0.196969769869722,0.281491746625349,0.778333257515706,0.868946464870637,"TGME49_244010","Not significant"
877.946120485185,-0.0682390321204423,0.0783281668395576,-0.871194040072695,0.383648213573515,0.575211882811576,"TGME49_244020","Not significant"
6.0950831107105,-1.2401364280315,0.948305142196696,-1.30773985381836,0.190961560767535,0.366422702256158,"TGME49_244030","Not significant"
227.097838579744,-0.166249051496866,0.115904468984075,-1.43436273815903,0.151468775249835,0.313261464987706,"TGME49_244040","Not significant"
41.6597070804684,0.419059603250147,0.400072651133344,1.04745876046017,0.294888042833195,0.48897473043441,"TGME49_244050","Not significant"
1963.38758610485,-0.247526528185836,0.133605211201506,-1.85267120915299,0.0639294990645446,0.16651975861399,"TGME49_244060","Not significant"
238.520500285555,0.341491932324966,0.335942756310882,1.01651821898177,0.309382676130227,0.504592844422584,"TGME49_244070","Not significant"
2936.74722053944,0.0305850203192006,0.208654601412923,0.146582055282229,0.88346191848249,0.930648627872338,"TGME49_244080","Not significant"
1073.55848623114,0.158642362284176,0.0591821208120509,2.68057920377657,0.00734948696660292,0.0314227276616272,"TGME49_244090","Not significant"
923.514629262593,0.0505111653529985,0.085130976194907,0.593334736786683,0.552957155986956,0.71923346009052,"TGME49_244100","Not significant"
134.673949066638,0.301466985091171,0.180448308054293,1.67065564837807,0.094789713958088,0.224661863708065,"TGME49_244105","Not significant"
1773.28565406412,-0.0877773173391225,0.224783465674276,-0.39049721506793,0.696168914237734,0.817626460222595,"TGME49_244110","Not significant"
1261.49605536373,0.26311980235371,0.156225782055757,1.6842277816846,0.0921376561135672,0.219854289763946,"TGME49_244120","Not significant"
69.610951927024,0.411753162254486,0.205938096050206,1.99940258821323,0.0455648121262627,0.128389830980862,"TGME49_244130","Not significant"
146.771962547888,-0.0437568619362303,0.128260577814644,-0.341155970772762,0.732986167264083,0.840649726827022,"TGME49_244140","Not significant"
299.559028239105,-0.342393548154928,0.0972369639694691,-3.5212282878601,0.000429552636646351,0.00294975534073402,"TGME49_244150","Not significant"
502.157062181459,-0.223466845971171,0.148285012021846,-1.50700898846236,0.131808353266023,0.282218411995602,"TGME49_244160","Not significant"
18.9075777243453,-0.910677265193313,0.42879186746723,-2.1238212155759,0.0336850962640911,0.101907441525145,"TGME49_244165","Not significant"
477.797092814426,-0.104382758196403,0.388162951145257,-0.268914789235877,0.787995255885978,0.875406751484258,"TGME49_244170","Not significant"
2201.37253548773,0.327677667213553,0.221950144933112,1.4763570770017,0.13984805909048,0.295388160136048,"TGME49_244180","Not significant"
5004.57755890184,-0.10032923021711,0.104926863035798,-0.956182500022708,0.338980039690181,0.534636478425242,"TGME49_244190","Not significant"
3135.56759501959,-0.142769763092912,0.13325713239329,-1.07138552757947,0.283996117475763,0.47795041955979,"TGME49_244200","Not significant"
1170.33296639836,0.021916759279188,0.143105584162937,0.153150971762457,0.878279220309599,0.927393020257509,"TGME49_244210","Not significant"
285.337238688708,0.480468223381773,0.181727674613442,2.64389133027642,0.00819589644109203,0.03431978880482,"TGME49_244220","Not significant"
266.448038983327,0.364759320672319,0.168063228763386,2.17036958861393,0.0299788587217787,0.0931940798266393,"TGME49_244230","Not significant"
150.725808115025,-0.0239820487709605,0.206331649025039,-0.116230587426994,0.907469795771068,0.946580859313792,"TGME49_244240","Not significant"
10970.2589198847,0.087167108787639,0.0952827506782857,0.914825696856207,0.36028314228846,0.553005381859145,"TGME49_244250","Not significant"
465.328245648259,-0.168801801878863,0.374137626994842,-0.451175689637842,0.651862929355308,0.789066588496184,"TGME49_244260","Not significant"
1003.76292619152,0.309188581215197,0.119677574680583,2.58351309374722,0.00977997547195907,0.039606952459149,"TGME49_244270","Not significant"
6.68018375445717,-2.88524375497227,1.23564455031497,-2.33501111159906,0.0195428402731359,0.0677174353116476,"TGME49_244280","Not significant"
636.929417718823,-0.247702035639796,0.119488418331948,-2.07302129442923,0.0381702978408382,0.111654986345934,"TGME49_244290","Not significant"
212.784752960111,-0.433428572983587,0.143802751883855,-3.01404922580101,0.00257785975496906,0.0133693593924799,"TGME49_244300","Not significant"
925.435967700958,0.306557982714274,0.313028375541319,0.979329692345443,0.327417103912545,0.522399659140197,"TGME49_244310","Not significant"
1018.85698367141,0.255719505522246,0.215309098129613,1.1876855541344,0.234957317200637,0.422528284713751,"TGME49_244320","Not significant"
729.60680831418,0.88662444373308,0.144871183405606,6.12008836326499,9.35234804936197e-10,2.46926280316271e-08,"TGME49_244335","Not significant"
320.460781136428,0.0217863078512091,0.0927330869052477,0.234935647871507,0.814258680783896,0.894664275784485,"TGME49_244350","Not significant"
1933.6750915088,0.393552590916309,0.0733461822542082,5.36568610418341,8.06420815712458e-08,1.51801251698465e-06,"TGME49_244370","Not significant"
942.109363431396,0.20042372621089,0.185259618475665,1.08185328168112,0.279317726714053,0.472205534656536,"TGME49_244380","Not significant"
2673.35552221214,0.0908618349047389,0.064406262721803,1.41076086493651,0.158315137476318,0.323309567543299,"TGME49_244390","Not significant"
476.497449057511,-0.266368507376282,0.140640116346511,-1.89397246174057,0.0582286652239892,0.154844835056076,"TGME49_244400","Not significant"
310.978209803703,0.183535921177045,0.119353357947419,1.53775247159701,0.124109148609686,0.271743563945603,"TGME49_244406","Not significant"
52.6342856000098,-0.184588350466436,0.251228352301725,-0.734743307334776,0.462495839884714,0.647420976110456,"TGME49_244408","Not significant"
1775.77495186411,0.476285052621696,0.083579025818571,5.69861933609505,1.20781574036801e-08,2.59840148165944e-07,"TGME49_244412","Not significant"
552.578829928312,0.298675819946252,0.0768701458486081,3.88545925923543,0.000102136621071603,0.000847951592632473,"TGME49_244420","Not significant"
613.455112549767,0.493939998031159,0.105008218675997,4.70382227466608,2.55335536483519e-06,3.33824530978131e-05,"TGME49_244430","Not significant"
732.345493950517,-0.0939713339602412,0.333314364566763,-0.281930045476389,0.777997150666994,0.868946464870637,"TGME49_244440","Not significant"
166.873234929829,-0.214194356941959,0.152698464981276,-1.40272763690338,0.160698072734707,0.327189966819888,"TGME49_244450","Not significant"
799.966551258091,0.0393531684676075,0.155180083444029,0.253596773466111,0.799807089567272,0.884228491135165,"TGME49_244460","Not significant"
1898.17208638491,-0.260611586678462,0.0989330405005694,-2.63422194809591,0.00843303428862158,0.0350959236617557,"TGME49_244470","Not significant"
4.34636707308082,-0.389374451683123,0.70399939898127,-0.553089181960342,0.580202343983532,0.738142281175545,"TGME49_244480","Not significant"
17.9954570741487,0.15253533928936,0.349982642925843,0.435836868977758,0.662955091828221,0.795722093187222,"TGME49_244490","Not significant"
117.97362172735,-1.3497429980921,0.305203175714324,-4.42244087052188,9.75920624947122e-06,0.000109121102036973,"TGME49_244500","Not significant"
191.448045452409,-1.78941282020805,0.295270347685274,-6.06025235597096,1.35908149193017e-09,3.41112675690623e-08,"TGME49_244510","Not significant"
43.9127135102383,0.298749387294151,0.348413374360662,0.857456714577492,0.391192527040784,0.582966086734595,"TGME49_244515","Not significant"
335.107977859895,-0.0682704823365871,0.125893563476556,-0.542287313594874,0.587620593770528,0.743143061414128,"TGME49_244520","Not significant"
649.439591667798,0.534312884767565,0.274298145205333,1.94792744357637,0.0514236454983173,0.140610990313489,"TGME49_244530","Not significant"
874.091039700692,0.0729880911400224,0.140960160311288,0.517792339188888,0.604603163912753,0.755188715385967,"TGME49_244540","Not significant"
434.276280833725,-0.489200639194171,0.144664725599355,-3.38161661156431,0.000720606402097898,0.00460689564611644,"TGME49_244550","Not significant"
7381.54814772785,-0.588174319805638,0.0843744843742144,-6.97099750200535,3.14701560618814e-12,1.16325140497827e-10,"TGME49_244560","Not significant"
518.553860181937,0.205582538262954,0.106918363772417,1.92279914328422,0.0545052797395772,0.147157016879894,"TGME49_244570","Not significant"
423.520207187455,0.206414348223185,0.211047886088286,0.978045087534481,0.328052024892901,0.523082169888052,"TGME49_244580","Not significant"
2.66549286702837,-0.644361595787454,0.967392825339456,-0.666080602325482,0.505359582399236,0.681297102796848,"TGME49_244590","Not significant"
1242.00265539379,-0.00552385556933866,0.398421010065561,-0.0138643681678075,0.988938189079603,0.992355053503867,"TGME49_244600","Not significant"
472.662202376223,0.279206685947126,0.12420054588918,2.24803106901199,0.0245742088571637,0.0810413739675848,"TGME49_244610","Not significant"
49.3137428549799,-0.427637082839699,0.257785422733191,-1.6588877614011,0.0971384112559426,0.229230864867477,"TGME49_244620","Not significant"
441.162576843933,0.00928016404424144,0.218582385392974,0.0424561385747406,0.966135076546605,0.980085374973233,"TGME49_244630","Not significant"
2447.45401712251,-0.0691344674870354,0.156838860278985,-0.440799348860729,0.659358264970762,0.793650297623185,"TGME49_244640","Not significant"
128.091133794973,-0.183255061621058,0.246257147346607,-0.744161392250382,0.456778841832152,0.643765258540565,"TGME49_244645","Not significant"
1045.60797138536,-0.0707898965770926,0.190324890938289,-0.371942399273701,0.709935736083538,0.825546251798792,"TGME49_244650","Not significant"
169.686110495592,-0.0162677804813121,0.155557996957981,-0.104576947501492,0.916711507614519,0.951096960949383,"TGME49_244660","Not significant"
2449.9153489711,-0.339237755678602,0.210981150476304,-1.60790551626413,0.10785587353563,0.246510388867832,"TGME49_244670","Not significant"
271.882717997272,0.130228108304629,0.224550381017848,0.579950511392264,0.561947991408033,0.724898646276987,"TGME49_244680","Not significant"
1082.29402121894,-0.320641864965715,0.0783459163855176,-4.09264298330406,4.26484099194983e-05,0.000395909668339452,"TGME49_244690","Not significant"
689.725173839734,0.249212306781999,0.152253369286872,1.63682621901418,0.101666785703524,0.23630030994159,"TGME49_244700","Not significant"
24.4287160899859,-0.122440835744767,0.292752447714627,-0.418240177667519,0.675771523074515,0.802478683650987,"TGME49_244720","Not significant"
1.82693174361996,-2.08736729294461,1.29344342329094,-1.61380641422542,0.106569422840701,0.244256636567244,"TGME49_244726","Not significant"
2.16882355425023,-0.832692514832535,0.983468140911103,-0.846689872496646,0.397168005126721,0.589374127315783,"TGME49_244728","Not significant"
6.676776950615,-0.103098357814876,0.59729775669791,-0.172607977610435,0.862959580799273,0.919495192748911,"TGME49_244732","Not significant"
546.215999433537,0.269191829234365,0.310635450865727,0.866584378840661,0.386169775622267,0.577574827923494,"TGME49_244840","Not significant"
493.364529253277,-0.0297591753053573,0.082213431252955,-0.36197461718626,0.717370998634881,0.832191292567597,"TGME49_244850","Not significant"
974.515230558017,0.0784008072393688,0.0582255378094094,1.34650207089541,0.178140652972271,0.350082114540964,"TGME49_244860","Not significant"
327.936642522261,-0.119231215285919,0.109857230122886,-1.08532879586121,0.27777605647591,0.470402934456913,"TGME49_244870","Not significant"
178.66292204512,0.177962071876622,0.198449970771294,0.896760383410268,0.369846791831364,0.562226599918243,"TGME49_244880","Not significant"
1589.74871363669,-0.309517703507559,0.154341493139504,-2.00540824901697,0.0449194205608409,0.127099766179805,"TGME49_244910","Not significant"
13.9550303963651,0.475300484507957,0.510650701430669,0.930774173375905,0.351970391939779,0.54685197310934,"TGME49_244920","Not significant"
5.51506084669415,1.50550634832159,0.760386313915553,1.97992299541675,0.0477121820615335,0.132926938611406,"TGME49_244940","Not significant"
1424.05191868218,0.123715782854023,0.177931148543165,0.695301434667071,0.486866415365745,0.667880851847881,"TGME49_252065","Not significant"
998.96302058821,-0.645333909574444,0.198571815991168,-3.24987665723492,0.001154550721913,0.00693412590147451,"TGME49_252070","Not significant"
19.6243131427887,0.230607798904666,0.345979409800159,0.666536193693916,0.505068437380905,0.681296611843841,"TGME49_252080","Not significant"
1154.54669287577,0.688088356291401,0.284433560462234,2.41915319406467,0.0155566870434485,0.0563756591075417,"TGME49_252190","Not significant"
2381.3383456286,0.254478594303845,0.16173285767231,1.57345018177722,0.115614615150553,0.258859595375633,"TGME49_252200","Not significant"
15823.5368463984,0.562857715454229,0.214876452171459,2.6194481050213,0.00880721718799132,0.0362818085981487,"TGME49_252210","Not significant"
1152.63867400856,0.570389976073944,0.16836522974605,3.38781336820126,0.000704521856552681,0.00451827424091987,"TGME49_252220","Not significant"
2331.56083764567,0.618544015575887,0.199508129834703,3.10034491370534,0.00193295408950117,0.0106064660295705,"TGME49_252230","Not significant"
923.165321566824,0.146613672146039,0.303096960241221,0.483718715058562,0.628585509349556,0.771723088626069,"TGME49_252250","Not significant"
40.3317112857144,1.63315735078997,0.368734159037953,4.42909155758979,9.46308460279747e-06,0.000106584216052561,"TGME49_252255","Not significant"
350.826236519097,-0.225335209932414,0.161242439324981,-1.39749318402617,0.162265314895586,0.329062728361822,"TGME49_252260","Not significant"
633.061306517443,0.41130360155692,0.264653475779297,1.55412129142002,0.120155487399303,0.264789269833739,"TGME49_252270","Not significant"
355.012876527355,0.582986006479464,0.369038124172655,1.57974466130419,0.114165353284622,0.25705581285045,"TGME49_252280","Not significant"
501.240315736467,-0.0710290891132148,0.227666487037136,-0.311987460418928,0.755050053181323,0.856116429513458,"TGME49_252290","Not significant"
150.302433047687,0.496192720408698,0.17192442390459,2.88610954243512,0.0039003637740877,0.0186794806895649,"TGME49_252295","Not significant"
8.41622416479481,-0.675382556246406,0.692797050830491,-0.974863497811936,0.329627974663553,0.524156177153699,"TGME49_252300","Not significant"
1288.280357075,0.335535773511287,0.250395595431392,1.34002266666557,0.180237975878671,0.352762177136043,"TGME49_252310","Not significant"
1201.92769110066,0.712761073847219,0.300545093776063,2.37156116871533,0.0177131144517629,0.0626819176334796,"TGME49_252320","Not significant"
3.10481143203358,1.35407769339801,0.98622082395279,1.37299645323939,0.16975344931109,0.339006642877649,"TGME49_252330","Not significant"
711.194854065511,0.605617201065556,0.319615426376862,1.89483094708785,0.0581148018301297,0.154744455953705,"TGME49_252340","Not significant"
59.1612987916123,-0.236867851541137,0.528143473036913,-0.44849148694219,0.653798528696487,0.789998459934596,"TGME49_252350","Not significant"
3389.166114241,-0.336645565372183,0.184574304934662,-1.82390265801815,0.0681667897761987,0.174428047344257,"TGME49_252360","Not significant"
593.856070008306,0.542786338271198,0.287009955401984,1.89117599600674,0.0586008545045865,0.15552942194233,"TGME49_252380","Not significant"
34.9174558790119,0.552590725280595,0.452216317153314,1.2219610489934,0.221722357116671,0.406641003173832,"TGME49_252385","Not significant"
4137.82814637847,0.88800698057353,0.150470768896988,5.9015248415555,3.60157181663717e-09,8.54162822908804e-08,"TGME49_252390","Not significant"
38.9186172176792,0.171050087431857,0.317076766787552,0.53945954213184,0.589569806010998,0.744469202248671,"TGME49_252395","Not significant"
387.783046119509,0.627746978258999,0.194238843370356,3.23183029391331,0.0012300008163001,0.0072903546925309,"TGME49_252400","Not significant"
69.3949029438778,0.728577157280642,0.229447712910736,3.17535157809172,0.00149655058531532,0.00858247486585627,"TGME49_252410","Not significant"
304.399535004074,0.346586521451129,0.304664840229528,1.13759934093484,0.255287821964954,0.443589865004062,"TGME49_252420","Not significant"
1648.2752141363,0.664126315815762,0.223977173811257,2.96515178093734,0.00302533626291229,0.0152577439962664,"TGME49_252430","Not significant"
489.282857921133,0.411647851043081,0.280321532727374,1.46848458995631,0.141972639092167,0.29863463556583,"TGME49_252440","Not significant"
369.305960272677,0.520587342295453,0.300973250434204,1.7296797690307,0.0836875052226636,0.203756524691826,"TGME49_252450","Not significant"
181.987059093052,0.537374637330438,0.289584295652995,1.8556760342224,0.0634997487883493,0.165983091081886,"TGME49_252465","Not significant"
642.314142532825,0.574436204646194,0.331739589099737,1.7315877378551,0.0833469910090229,0.203414685139668,"TGME49_252480","Not significant"
2146.63934043832,0.658732662342362,0.271523271094193,2.42606337087713,0.0152636047619092,0.0555866426072195,"TGME49_252490","Not significant"
2890.4533959827,-0.195031030233994,0.159144953061664,-1.22549302684091,0.220389515809039,0.405110204014265,"TGME49_252500","Not significant"
1131.27538749318,0.501489898546704,0.257545279769221,1.94719118516198,0.0515118180961488,0.14075742767402,"TGME49_252510","Not significant"
7600.16437259758,0.612552993543626,0.220128609659078,2.7827050490725,0.00539077889134844,0.024246578509096,"TGME49_252630","Not significant"
21192.6441446573,0.114462709569888,0.194528993316939,0.588409509647737,0.556257456238461,0.720418155327493,"TGME49_252640","Not significant"
1.88220804893539,2.02464273454186,1.24985523561392,1.6199017909041,0.105253375093835,0.241648911988443,"TGME49_252860","Not significant"
67.5696352949924,1.01616467051288,0.648452620807394,1.56706078116801,0.11710048515844,0.260840545466217,"TGME49_252870","Not significant"
1053.43294419001,0.805730280515661,0.273830062838228,2.94244639235125,0.00325630159213414,0.0161859685496546,"TGME49_252880","Not significant"
48.4391818538781,0.67313164088794,0.337175593645012,1.99638305255461,0.0458922440824448,0.129133470200153,"TGME49_252890","Not significant"
1650.07406561402,0.794190598009268,0.272929032638122,2.90987950359348,0.00361568125021557,0.0176064191178162,"TGME49_252990","Not significant"
1704.40015212592,0.594751465407323,0.316780967153749,1.87748484623655,0.0604516723551025,0.159513679723888,"TGME49_253000","Not significant"
1389.19729400192,0.416896450204846,0.199103282329495,2.09387030352883,0.0362715353088423,0.107649680704929,"TGME49_253020","Not significant"
1382.7077455051,0.200801190148951,0.185493057169676,1.08252671670224,0.279018550553624,0.471917398731712,"TGME49_253030","Not significant"
164.14440559278,0.301450430154371,0.278702578814663,1.08162052693038,0.279421179631979,0.472205534656536,"TGME49_253040","Not significant"
70.5099093983178,0.614672884941745,0.249369153285552,2.46491146496329,0.0137047109997823,0.0516435170761029,"TGME49_253050","Not significant"
170.780907008275,0.844377846189467,0.424981445362072,1.9868581449952,0.0469381189954986,0.131349202915139,"TGME49_253060","Not significant"
302.228523843896,0.411601674069256,0.268102482004094,1.53524007309626,0.124724868269123,0.272651244291535,"TGME49_253070","Not significant"
984.349833946227,0.516112087884736,0.225352249414904,2.29024600031617,0.0220070601936134,0.0748166444374851,"TGME49_253080","Not significant"
284.328652173999,0.357684289272746,0.223487573194654,1.60046612059816,0.109495216981006,0.249136850724549,"TGME49_253090","Not significant"
1931.32602625433,-0.099479195348962,0.181414747131744,-0.548352308297846,0.583450016787921,0.740420651766444,"TGME49_253100","Not significant"
16.6553317264212,0.939760090449352,0.413800930809847,2.27104392590455,0.0231443189685105,0.0776442251864386,"TGME49_253120","Not significant"
2872.7937488067,-0.0506983863300726,0.174536155797098,-0.290474979803099,0.771452889250124,0.86607250544394,"TGME49_253130","Not significant"
454.961864568624,0.0552110720486819,0.25491823673473,0.216583453407985,0.828532981939299,0.902789002089501,"TGME49_253140","Not significant"
24.4102577570614,1.97619478755562,0.476349008073685,4.14862790529822,3.34473952077685e-05,0.000319242039706072,"TGME49_253150","Not significant"
1643.58013269694,0.672614778246237,0.2743901373737,2.45130814352188,0.0142338043520889,0.0532915732003622,"TGME49_253160","Not significant"
6178.21277250546,0.557822065998997,0.209930701556946,2.65717239956768,0.00787991348220873,0.0333399877405418,"TGME49_253170","Not significant"
991.68751205351,0.226504014953119,0.282832233286268,0.800842295523874,0.423222949811214,0.612895749258317,"TGME49_253290","Not significant"
1802.39296392352,0.231016258977734,0.531174792090276,0.434915704618889,0.66362361485437,0.795722093187222,"TGME49_253300","Not significant"
1019.71435439429,0.298559807592185,0.244912541417406,1.21904662727479,0.222826495657703,0.407567160028658,"TGME49_253310","Not significant"
1216.18264782157,0.748475866428904,0.249740649587405,2.99701257150351,0.00272639469850294,0.014014564910383,"TGME49_253320","Not significant"
47540.1726583243,-0.105542990431752,0.156995406542185,-0.672268015710332,0.501413087696261,0.679060981928513,"TGME49_253330","Not significant"
55.8391731967204,0.457316618881012,0.232752518773469,1.96481920492601,0.0494351665915393,0.136736998204897,"TGME49_253340","Not significant"
100.054666050648,-0.0095222855915113,0.37287243902518,-0.0255376493269546,0.979626118451153,0.987397074274266,"TGME49_253350","Not significant"
2813.27334829592,0.501128273504461,0.303451322608216,1.65142886574749,0.0986510347036172,0.2317106640865,"TGME49_253360","Not significant"
2368.78299833365,0.369244440094523,0.201834320961598,1.82944326978353,0.0673332305321174,0.173128313352739,"TGME49_253370","Not significant"
1307.10604967913,0.0655716195255429,0.154521761905553,0.424352005289853,0.671309117365991,0.79941423871459,"TGME49_253380","Not significant"
1390.07891918556,0.234318480750412,0.253813372553779,0.923192022519473,0.355907145412425,0.55063146912545,"TGME49_253400","Not significant"
610.189724862268,0.398928398259794,0.317582203349016,1.25614217060324,0.209064429006775,0.391370151170141,"TGME49_253410","Not significant"
1121.29253498367,0.822168403161167,0.359986731782313,2.28388529513454,0.0223782730624746,0.075825048560018,"TGME49_253420","Not significant"
3856.81791228773,0.0928949203025375,0.298101600446601,0.311621675842622,0.755328059034693,0.856192887659622,"TGME49_253430","Not significant"
3183.540264513,0.584182259941558,0.223607010442185,2.61254000393964,0.00898721737531907,0.0368738908658399,"TGME49_253440","Not significant"
2181.25462504905,-0.353358044777045,0.246213483953852,-1.43516934614058,0.151238846459007,0.313104455041915,"TGME49_253470","Not significant"
87.0688047120465,-0.255068482338264,0.331309057935325,-0.769880799299051,0.441370604535596,0.628513207701851,"TGME49_253480","Not significant"
1095.58922470576,0.34589721495157,0.262099944892733,1.31971494726232,0.186930207614551,0.361588118059355,"TGME49_253490","Not significant"
840.321725428594,0.726128811730759,0.256557882431805,2.83027286025316,0.00465083213512178,0.0214889584788695,"TGME49_253510","Not significant"
308.77426960758,0.214322950244137,0.274217941831327,0.78157887413497,0.434462106375721,0.622234210822009,"TGME49_253520","Not significant"
409.692044124089,0.634365300569584,0.252129447668474,2.51603018384315,0.0118685017977441,0.0462234945494516,"TGME49_253530","Not significant"
418.576762284036,-0.163214104082601,0.249669088288999,-0.65372171301269,0.513291111740238,0.687448498724392,"TGME49_253540","Not significant"
2.75395939741749,2.13803865998321,1.31620848622441,1.62439209468725,0.104292153179974,0.240480730736349,"TGME49_253550","Not significant"
1028.3603262217,0.484912277821696,0.226810560456584,2.13796164008209,0.0325198567136246,0.0993046041975862,"TGME49_253560","Not significant"
1196.96248556947,0.503839365092286,0.2850805392244,1.76735797702308,0.0771682959367709,0.191291832930852,"TGME49_253570","Not significant"
26.7233364845409,0.563423233079856,0.356377944764672,1.58097110485303,0.1138846447021,0.25682471733707,"TGME49_253580","Not significant"
821.164656381819,0.595133445901374,0.243494645565663,2.44413360515102,0.0145200482717098,0.0538582568546389,"TGME49_253600","Not significant"
256.272618308651,0.923287799489829,0.229295769308312,4.02662378933112,5.65834562458058e-05,0.000503431801084128,"TGME49_253615","Not significant"
11014.4877487383,0.629293102136443,0.224965704916711,2.7972846010881,0.00515341165832974,0.0234724484716831,"TGME49_253640","Not significant"
3583.33972446875,0.317417186668372,0.279857279078193,1.1342109367814,0.25670607747644,0.445103160349341,"TGME49_253650","Not significant"
7.42075893958655,0.665413763652344,1.17479323707435,0.566409256244494,0.57111560388548,0.732079459457239,"TGME49_253660","Not significant"
3.39173345233284,0.770534125733361,1.07713993672333,0.715351923611091,0.474391611650025,0.658094948129991,"TGME49_253670","Not significant"
43.7049721978056,0.132821700060911,0.312201594974519,0.425435687065441,0.670519095367754,0.799276060324036,"TGME49_253680","Not significant"
3085.85771580452,1.11925489871233,0.18607429849899,6.0150966992274,1.7977935048598e-09,4.37714274895804e-08,"TGME49_253690","Not significant"
2167.42535227695,0.674752516352418,0.266342766571603,2.53339906706653,0.0112962267135746,0.0442489959705149,"TGME49_253700","Not significant"
1775.93499805263,-1.23535404002571,0.136007183884537,-9.08300579971177,1.05616988679209e-19,9.75996990840143e-18,"TGME49_253710","Not significant"
316.745043023556,0.337434261904948,0.264868508335892,1.27396897436003,0.20267441187254,0.382814951389544,"TGME49_253730","Not significant"
565.531406224499,0.0883019650164597,0.3412959084388,0.258725530641085,0.795847019499065,0.880776391714377,"TGME49_253740","Not significant"
1608.76685137582,0.607206683948886,0.181018059401764,3.35439837304414,0.000795377635024117,0.00500620040868121,"TGME49_253750","Not significant"
13.5405294480854,1.17667616179628,0.733165378795983,1.60492597690393,0.10851009599595,0.247449271070966,"TGME49_253755","Not significant"
1.67740071700222,1.80460373993727,1.35730382445291,1.3295503242722,0.183666474511818,0.357314777686627,"TGME49_253760","Not significant"
1.87567473932908,0.713968596499133,0.976443230680623,0.731193144737627,0.46466118682593,0.649527077530239,"TGME49_253770","Not significant"
813.586054209146,-0.0640024802063735,0.264126262594111,-0.242317744467265,0.808533965330259,0.890438543616694,"TGME49_253780","Not significant"
3756.04665576126,0.150496081690248,0.187940860283108,0.80076297120033,0.423268879468114,0.612895749258317,"TGME49_253790","Not significant"
792.007899223052,0.686339559062114,0.287765488505047,2.38506557067588,0.0170760774322128,0.0609046761748923,"TGME49_253800","Not significant"
2194.60547483706,0.58460782176543,0.260055622430921,2.24801069979066,0.0245755076492947,0.0810413739675848,"TGME49_253810","Not significant"
3214.8731169672,0.98745457252413,0.211880033282874,4.66044184166147,3.15531309845102e-06,3.94753940255442e-05,"TGME49_253820","Not significant"
441.876693737713,0.874598896924936,0.19324834393699,4.52577693090145,6.01740260898281e-06,7.05093919542482e-05,"TGME49_253830","Not significant"
528.375772739963,0.493120501405855,0.36234098361954,1.3609294109651,0.17353599802638,0.34385836645968,"TGME49_253850","Not significant"
633.128836509037,0.631906154579228,0.236971921886067,2.66658661308845,0.00766258590886044,0.0324880858242195,"TGME49_253860","Not significant"
288.608679078449,0.586561664342126,0.292364250590765,2.00627013445349,0.0448274346274958,0.126927819773954,"TGME49_253870","Not significant"
3575.98152301472,-0.541275755774638,0.273083645658336,-1.98208777559622,0.0474694174854038,0.132471277622273,"TGME49_253880","Not significant"
241.741548769493,0.763849464029449,0.340984070583863,2.24013239891682,0.0250823287383562,0.0825787438462803,"TGME49_253890","Not significant"
488.941773455134,0.621614799787691,0.26332437528373,2.36064283497457,0.0182432913897956,0.0641780067218802,"TGME49_253900","Not significant"
784.201080761531,0.671897795076455,0.304685099632687,2.20522039274799,0.0274386328583467,0.0877866977341478,"TGME49_253910","Not significant"
91.4973222480172,0.430448554520907,0.307550610377345,1.39960234184798,0.161632432312524,0.328338451080381,"TGME49_253920","Not significant"
69.4641380544057,0.404518510401119,0.357409956645789,1.1318053760937,0.257716267024965,0.446551136314041,"TGME49_253930","Not significant"
1183.45058965043,0.488899141443333,0.215944530408234,2.26400335548712,0.0235739083999802,0.0786958222941868,"TGME49_253940","Not significant"
2605.381399881,0.220552723839879,0.275538121759657,0.800443591730149,0.423453833218553,0.612921657958726,"TGME49_253950","Not significant"
180.99492440581,0.631733403248794,0.310915460373074,2.03184943743474,0.0421689005922222,0.120915902544411,"TGME49_253960","Not significant"
423.342303946337,0.483265649769831,0.220721118054931,2.18948532894601,0.0285615837317177,0.0903363397813651,"TGME49_253970","Not significant"
490.277642300361,0.253389526332927,0.328163940844906,0.772143111398951,0.44002967080309,0.627335428290801,"TGME49_253990","Not significant"
3189.46238295649,0.0968881136413738,0.223315920242058,0.433861202266072,0.664389235017873,0.796038304685047,"TGME49_254000","Not significant"
5073.30599111611,0.229410092678637,0.220245976761429,1.04160855082104,0.297593202655712,0.491006083158259,"TGME49_254010","Not significant"
24.3305208718744,0.35989033245718,0.309670122890627,1.16217324777015,0.245165099033793,0.434164326076394,"TGME49_254020","Not significant"
1267.67870911623,0.650097896358117,0.216749249166602,2.99930864285682,0.00270593040221548,0.0139269785005166,"TGME49_254030","Not significant"
7.8920004322274,0.206135964943874,0.576290335456084,0.357694641505198,0.720571843611905,0.833823182429455,"TGME49_254040","Not significant"
844.774100935634,0.204684185615453,0.168211912966809,1.21682336289607,0.223671429014433,0.408557066654396,"TGME49_254050","Not significant"
76.0693707867683,0.00387992153017157,0.239507251278124,0.0161995994253471,0.987075155034558,0.991862014157473,"TGME49_254060","Not significant"
7903.77511022969,-0.0343680551129654,0.177021802214406,-0.19414588871567,0.846061651144386,0.91055761608075,"TGME49_254070","Not significant"
6254.50756377194,0.507443271556109,0.351755268210347,1.44260318868249,0.149132284621471,0.309373402689236,"TGME49_254080","Not significant"
492.242576558606,0.0551761199992836,0.42065609210474,0.131166815445871,0.895643346552893,0.938336987138382,"TGME49_254090","Not significant"
1483.709065826,0.138165301743871,0.291151087502791,0.474548465296551,0.635108845809186,0.776647388589519,"TGME49_254110","Not significant"
4354.9816262165,0.464451840835195,0.194053355517429,2.39342339428643,0.0166919666172658,0.0597969482518087,"TGME49_254120","Not significant"
200.687531323417,0.327516431504359,0.288643506762296,1.13467451659696,0.256511718455556,0.444955907525722,"TGME49_254135","Not significant"
1.03267327899413,0.754552031256506,1.34957652615903,0.559102812349591,0.576091555514306,0.736300760253889,"TGME49_254140","Not significant"
1547.93769229351,0.369351385921247,0.257728924699811,1.43310024806664,0.151829190570067,0.31366153172194,"TGME49_254150","Not significant"
286.158359404731,0.79159514989977,0.309193172079822,2.56019608898546,0.0104613117595098,0.0416608164683318,"TGME49_254160","Not significant"
1.47001487869549,-0.263901343210987,1.14291305281623,-0.230902379284856,0.817390642278267,0.896791783999847,"TGME49_254190","Not significant"
168.634075926996,0.553767379463213,0.283556014906502,1.95293822155671,0.0508269159867143,0.139166491853185,"TGME49_254200","Not significant"
358.407648437701,0.434167653635215,0.348667960169847,1.24521809639096,0.213051592410291,0.395917630137223,"TGME49_254210","Not significant"
612.955134269464,0.794824494219346,0.216162992736723,3.67696840313182,0.000236022262339281,0.0017322500337031,"TGME49_254220","Not significant"
605.928680106944,0.514650906383624,0.215674514549238,2.38623885376188,0.0170216917006405,0.0608708869435395,"TGME49_254230","Not significant"
186.180921175882,0.430629568755641,0.222024833817913,1.93955586566865,0.0524336889345041,0.142892345313468,"TGME49_254250","Not significant"
14.1023892377797,1.54547426741427,0.458900385643114,3.36777722522155,0.000757767995518723,0.00479919730495191,"TGME49_254255","Not significant"
474.575683166214,0.233730836645178,0.347315122002451,0.672964756897421,0.500969712545821,0.679060981928513,"TGME49_254260","Not significant"
318.902604093585,-0.124358423465079,0.323819940463546,-0.384035718390477,0.70095197412407,0.821582798151763,"TGME49_254270","Not significant"
172.459453933977,0.0461865875812972,0.258859279048146,0.178423534791298,0.858390367751456,0.91648692180337,"TGME49_254280","Not significant"
172.077633937531,0.230437476922145,0.311494176987696,0.739781010196048,0.459432883415271,0.645793169194947,"TGME49_254290","Not significant"
321.224408522203,0.450490723496396,0.286941822524862,1.56997233631693,0.116421547235958,0.259950582680617,"TGME49_254300","Not significant"
3.06066414597593,0.251961384810153,1.27710874856827,0.197290469658609,0.843600236892052,0.908630082967704,"TGME49_254310","Not significant"
23.9666966991517,0.750193949700744,0.600349082717233,1.24959622875628,0.211447081454587,0.393835929085823,"TGME49_254320","Not significant"
710.415150187217,0.0973050689763666,0.224000086632024,0.434397461355515,0.663999840926415,0.795938488563327,"TGME49_254330","Not significant"
15.8992544326177,0.522454191948705,0.345191461739031,1.51352003122165,0.130147616919001,0.279569548411924,"TGME49_254335","Not significant"
229.428647789764,0.445751885427488,0.167068962020247,2.66807119669222,0.00762880901092186,0.0324124738123389,"TGME49_254340","Not significant"
8.74884652289397,0.156875459008286,0.465186179956218,0.337231555380796,0.735942351332112,0.843150634126899,"TGME49_254350","Not significant"
1305.38145872076,0.140818161215444,0.154837529452339,0.909457556662898,0.363108652030049,0.556292305634582,"TGME49_254365","Not significant"
739.289311826678,0.853339622843428,0.2241501215396,3.8070004913768,0.000140662465945056,0.00111271125784552,"TGME49_254370","Not significant"
399.551408580825,0.826448614530056,0.289351704817451,2.85620786320044,0.00428734347787536,0.0201297212252208,"TGME49_254380","Not significant"
3363.91216096175,0.683427667656074,0.279949923650628,2.44124970188947,0.0146365305409569,0.0540528003447147,"TGME49_254390","Not significant"
850.826878427798,0.881417133878755,0.217395613889457,4.05443844109452,5.02548819907846e-05,0.000455092093929911,"TGME49_254400","Not significant"
1009.22285754779,0.71608167024286,0.213963395793843,3.346748482777,0.000817653616126303,0.00513052407896535,"TGME49_254410","Not significant"
1547.74198837993,0.938908540306893,0.233523581905257,4.02061553118785,5.80462733033922e-05,0.000515319098802604,"TGME49_254420","Not significant"
724.089460891289,-0.773105192840329,0.175626613413892,-4.40198201065565,1.07266452673501e-05,0.000117559406083681,"TGME49_254430","Not significant"
2068.08695325836,0.492523666751798,0.110793119446581,4.44543550368459,8.7713993960638e-06,9.90680831788761e-05,"TGME49_254440","Not significant"
135.636939633877,0.292711355846954,0.299737423119043,0.976559259104263,0.328787396997153,0.523614960487372,"TGME49_254450","Not significant"
465.657410686747,0.458553717094802,0.202720700037892,2.26199750202663,0.0236975576320229,0.0789789092883647,"TGME49_254460","Not significant"
3290.72248039735,0.219266722733402,0.307795346164716,0.712378291178133,0.476230554774651,0.658788757802749,"TGME49_254470","Not significant"
913.928613832013,0.523911827766327,0.260122370855224,2.01409754202925,0.0439992935495649,0.125456611200933,"TGME49_254480","Not significant"
20.1709416453906,1.29299203260714,0.552151481720241,2.34173424397738,0.0191943769004956,0.0667045610918077,"TGME49_254485","Not significant"
661.887412707692,0.550110491746071,0.30885825930542,1.78110986244368,0.07489450488046,0.187282322782257,"TGME49_254490","Not significant"
204.224692692187,0.439613785596593,0.33836466931174,1.29923075742749,0.193864749048383,0.37076861224399,"TGME49_254500","Not significant"
267.859528244641,0.397185329141928,0.21754543827888,1.82575802225171,0.0678867189828778,0.173820780468754,"TGME49_254510","Not significant"
1687.43889896513,0.641693186341015,0.271637205691692,2.36231699080772,0.0181611058123882,0.0639887835642724,"TGME49_254520","Not significant"
69.481604849893,0.6725476169041,0.276147297493965,2.4354669519038,0.0148725831022673,0.0545551109061324,"TGME49_254530","Not significant"
783.357900770138,0.90878542298332,0.365488049093943,2.48649832801983,0.0129007175829445,0.0492991707633951,"TGME49_254540","Not significant"
1191.87799577065,0.592546585379579,0.202603375729718,2.92466294426438,0.00344829495258175,0.0170154942684434,"TGME49_254555","Not significant"
1832.5549799185,0.210185690026116,0.266710535470597,0.788066694310571,0.430657695415926,0.618528502140994,"TGME49_254570","Not significant"
1347.69333789737,0.55938326822461,0.224387948665866,2.49292919495236,0.0126694107910528,0.0485521435216031,"TGME49_254580","Not significant"
1.37508911290106,1.13362473871625,1.17465939103533,0.965066765198282,0.334511372013347,0.529230832142517,"TGME49_254590","Not significant"
17.776579906749,0.577981702080769,0.390229018345885,1.48113460277951,0.138570708681922,0.293146983090892,"TGME49_254600","Not significant"
177.491642995105,0.9285780448708,0.346695856482785,2.67836499198804,0.007398255061967,0.0315473049384958,"TGME49_254603","Not significant"
292.266058496806,0.852378333126443,0.287023487663428,2.96971631160014,0.00298074874333396,0.0150933299054318,"TGME49_254606","Not significant"
183.08074319707,0.99752055729338,0.272695280380636,3.65800447994923,0.000254186604963706,0.00185219128276421,"TGME49_254610","Not significant"
4.19006796761816,0.486666747120678,0.763561597978907,0.637364095324922,0.523887709954643,0.695665391468184,"TGME49_254620","Not significant"
6.25882062391548,1.66418884465518,0.924585471599684,1.79992969365597,0.0718717403223028,0.181848473024569,"TGME49_254625","Not significant"
416.081251119317,-0.277585422388819,0.241695286936934,-1.14849331944669,0.250764969309518,0.440436442856372,"TGME49_254630","Not significant"
33.3902733527757,1.28886603459594,0.256379321970662,5.02718403609564,4.97734633875262e-07,7.69501529025404e-06,"TGME49_254635","Not significant"
623.541828112561,0.851671486798223,0.16687633513035,5.1036085262357,3.33237263354998e-07,5.41977085120569e-06,"TGME49_254640","Not significant"
1038.82112274827,0.636998694720629,0.140189357279395,4.54384489010175,5.52373103386054e-06,6.54795638008075e-05,"TGME49_254650","Not significant"
3139.55888971755,0.407677490107444,0.183946743387207,2.21628000909636,0.0266723312628612,0.0862766101151898,"TGME49_254660","Not significant"
25.9434496752459,1.2950134092859,0.427183751463612,3.03151373349042,0.00243330850893112,0.0127662353513728,"TGME49_254680","Not significant"
3949.88107834856,0.648088966290093,0.210446987413138,3.07958300689665,0.00207290597803281,0.0112830464614209,"TGME49_254690","Not significant"
299.733252099627,0.612965050482641,0.433757297805705,1.41315213273301,0.157610997427142,0.322357301578854,"TGME49_254700","Not significant"
535.727306407547,0.107210984542569,0.262498263657449,0.408425499844355,0.682961315517466,0.806306826043559,"TGME49_254710","Not significant"
2938.09159336386,0.689908147822058,0.120989401885946,5.70221967435148,1.18257289067813e-08,2.55762839015812e-07,"TGME49_254720","Not significant"
676.118275370467,0.0698990799370719,0.232241498503533,0.300975839320158,0.763432918230842,0.860343194436421,"TGME49_254730","Not significant"
5.28595699117523,2.31955003807976,0.759791553690287,3.05287684077793,0.00226658942123836,0.0120627651659099,"TGME49_254740","Up in 120DPI"
31.4326456911049,0.95488397716654,0.389216803994901,2.45334725367883,0.0141533634532035,0.0531280679687685,"TGME49_254760","Not significant"
2047.51791668198,0.629810996442508,0.249255102121096,2.52677273637723,0.0115115967575654,0.0449626824363697,"TGME49_254770","Not significant"
302.554478002518,0.703622081422603,0.253072072311925,2.78032291352699,0.00543048689928115,0.0243981875496985,"TGME49_254790","Not significant"
561.652030997259,0.713644925852606,0.285568651094145,2.49903104951578,0.0124533399317407,0.04790471160119,"TGME49_254800","Not significant"
399.808046139012,0.710498974579695,0.338104306439695,2.10141947631897,0.0356041597454036,0.106211675366699,"TGME49_254810","Not significant"
891.217296327839,0.334082157184603,0.289116192114057,1.15552904436707,0.247873845839471,0.43762703308002,"TGME49_254820","Not significant"
90.7758370771396,-0.32601972773642,0.462577112947097,-0.704790009301013,0.480940926855165,0.662209891159194,"TGME49_254830","Not significant"
142.947940558631,0.562578673517011,0.265795404494198,2.11658540367763,0.0342950499845652,0.103368178826718,"TGME49_254835","Not significant"
465.820780004617,0.0238495378058443,0.231984970801385,0.102806391825543,0.918116632205195,0.951826166890954,"TGME49_254840","Not significant"
19.0308675375206,0.72336112974032,0.678523822708455,1.06608066737125,0.2863871780395,0.480185676663343,"TGME49_254850","Not significant"
101.716290223183,1.03442814765798,0.423276994697724,2.44385629414302,0.0145312133696268,0.0538582568546389,"TGME49_254860","Not significant"
7690.33953868605,0.737507353665428,0.157024706558394,4.69675995472195,2.64320776801429e-06,3.4227015238045e-05,"TGME49_254870","Not significant"
4597.39573533752,-0.0292017029771161,0.218611343049022,-0.133578169228702,0.893736147890842,0.937304920640743,"TGME49_254880","Not significant"
252.292256707412,0.146412287145595,0.103197725104752,1.41875498705982,0.15597045999775,0.319806298714499,"TGME49_254890","Not significant"
157.680004671564,0.973716083876043,0.276593999572271,3.52038036031805,0.000430928350318742,0.00294975534073402,"TGME49_254900","Not significant"
83.7564824810541,-1.57819310086077,0.28874986077003,-5.4656064479203,4.61326845137747e-08,9.10560656470913e-07,"TGME49_254910","Not significant"
28.8641729710326,-1.04892170450503,0.284721645697485,-3.68402515353363,0.000229579571062987,0.00169625259237315,"TGME49_254915","Not significant"
340.594612611559,0.217381214645277,0.390786475162036,0.556265962262746,0.57802905223692,0.736760541189754,"TGME49_254920","Not significant"
1623.60261902126,0.573713564627814,0.337530637191994,1.69973774647744,0.0891802659181144,0.214560332084647,"TGME49_254930","Not significant"
2478.91614802056,0.898548588759105,0.184977356466173,4.8576139584059,1.18808760409225e-06,1.67154470527304e-05,"TGME49_254940","Not significant"
533.426974491573,0.253335952294301,0.314877755860447,0.804553346748886,0.421077473181325,0.611028196272401,"TGME49_254950","Not significant"
12.4100278478275,1.55644927406728,0.630056810383279,2.4703316406031,0.0134987842930638,0.0510567971493929,"TGME49_254960","Not significant"
490.87558375346,-0.902546988672404,0.230302216061685,-3.91896788535747,8.8928961461298e-05,0.000747076771284375,"TGME49_255170","Not significant"
220.272956750461,0.32161080229713,0.110590277428874,2.90812908489153,0.00363598218441426,0.0176418896919193,"TGME49_255180","Not significant"
3383.46485858643,-0.162316961334204,0.125795386098538,-1.29032523662719,0.196937758168438,0.375679429116552,"TGME49_255190","Not significant"
9.26192694965149,1.11182191070985,0.503463835943213,2.20834513094055,0.0272202235370156,0.0874229296220421,"TGME49_255195","Not significant"
1.05051738965335,-0.121238378392097,1.7863550142965,-0.0678691399088119,0.945889804875562,0.968123476247961,"TGME49_255200","Not significant"
11.0101040143465,-3.33362536020871,0.577131908408509,-5.77619312264585,7.64096677468803e-09,1.68848754923269e-07,"TGME49_255210","Down in 120DPI"
24.4480362728198,-1.74710228104587,0.438135629818209,-3.98758320972612,6.67497962597889e-05,0.000584923861190305,"TGME49_255215","Not significant"
773.64489797413,-0.346443875352876,0.219119572305897,-1.58107225067613,0.11386151871093,0.25682471733707,"TGME49_255220","Not significant"
209.773365696389,-0.467496733693154,0.151927839016865,-3.07709723720391,0.0020902710269329,0.0113471855747786,"TGME49_255240","Not significant"
3.00331981646644,-0.525430940083424,0.826274010373639,-0.635903990064779,0.524839001849839,0.695964576980162,"TGME49_255245","Not significant"
507.081552808552,0.156488832723867,0.0949953945722936,1.64733073038373,0.0994900847477756,0.232754133823047,"TGME49_255250","Not significant"
16764.975932198,0.138363433140012,0.12445368596855,1.11176645402835,0.266238578778434,0.456569405868036,"TGME49_255260","Not significant"
221.055152725645,0.00286622340608999,0.185206955864494,0.0154757870335445,0.987652601328594,0.992044337204067,"TGME49_255270","Not significant"
3.6463278460688,0.807697752292401,0.955120105291228,0.845650455704861,0.397747769471559,0.589803949916615,"TGME49_255280","Not significant"
67.6038023075485,-0.117352495767754,0.238127743500343,-0.49281320203492,0.622144581519429,0.768678208535,"TGME49_255290","Not significant"
406.152351195403,-0.402807715096313,0.112671950211946,-3.57504875293803,0.000350162639354522,0.0024669844539964,"TGME49_255300","Not significant"
95.5676485140119,-0.685330635789807,0.284292225266324,-2.41065556804373,0.015923878617408,0.0576008832087946,"TGME49_255310","Not significant"
43.0553842112245,0.393304797124182,0.251664333690086,1.5628150058344,0.118096113621424,0.262249480057187,"TGME49_255320","Not significant"
2100.66578896942,-0.157071154495063,0.0472329705191659,-3.32545577313051,0.000882741037491269,0.00548811171015214,"TGME49_255330","Not significant"
646.58109165475,-0.10072904499376,0.0802405730826951,-1.25533805559875,0.209356065851682,0.391611028475663,"TGME49_255340","Not significant"
638.389415829157,0.13352646077551,0.151164908842153,0.883316517029353,0.377065282133778,0.569194458058396,"TGME49_255350","Not significant"
1169.5377452476,0.276294533101922,0.117299761339178,2.35545690756354,0.0184999426319377,0.0645118068108565,"TGME49_255370","Not significant"
1.06934534482419,0.365740745640652,1.2632044082605,0.289534095391812,0.772172692271861,0.866254711408282,"TGME49_255380","Not significant"
53.537945138061,-0.206476226717032,0.204125776549428,-1.01151471512974,0.311770141805658,0.507258577440863,"TGME49_255390","Not significant"
786.200929194662,-0.677042202068189,0.080010399907006,-8.46192748511565,2.62994041978009e-17,1.8760241661098e-15,"TGME49_255400","Not significant"
2720.96404962459,-0.148251288357453,0.158669708191062,-0.934338948798823,0.350129079195091,0.545738678923981,"TGME49_255410","Not significant"
2962.65246516308,0.0372770376759149,0.0896724725728184,0.415702128048762,0.677627983864281,0.803978810152368,"TGME49_255420","Not significant"
442.716498048339,-0.10669656602982,0.0884613451603104,-1.20613772983514,0.227764389117775,0.413987485986979,"TGME49_255430","Not significant"
610.748621879474,0.162189325542308,0.0915895921019074,1.7708270319825,0.0765894692733863,0.190193460273824,"TGME49_255440","Not significant"
551.263661708718,-1.63188635715568,0.0867270108787615,-18.816356526307,5.54703341443656e-79,5.63855946577477e-76,"TGME49_255450","Not significant"
2207.0554916588,0.212958138050341,0.213751318618361,0.996289236608473,0.319109631947997,0.513048542309433,"TGME49_255460","Not significant"
241.506483341433,-0.343021420320895,0.139604965135839,-2.45708610712468,0.0140069109185712,0.0526846436585668,"TGME49_255470","Not significant"
5.46876664595072,-0.770462348139853,0.873614477149809,-0.881924885967444,0.377817428350514,0.569386828640916,"TGME49_255500","Not significant"
923.947390151947,-0.477172790730831,0.082751865429647,-5.76630856903774,8.10266483954963e-09,1.78083433716804e-07,"TGME49_255510","Not significant"
14.929583363513,0.829986412070219,0.41791344303375,1.98602468024268,0.0470305835524065,0.13151743653651,"TGME49_255620","Not significant"
789.158221425931,0.0275922591130169,0.138854505257654,0.198713459543985,0.842486894796636,0.908393453790274,"TGME49_255635","Not significant"
2008.61102726441,0.0796206783570649,0.0503198634699006,1.5822912239158,0.113583103278966,0.256571609962375,"TGME49_255650","Not significant"
654.393942730699,0.210674335697564,0.159265835829527,1.32278422801901,0.185907143706143,0.360439942757063,"TGME49_255660","Not significant"
1739.49341617558,0.21101099979398,0.125899907408369,1.67602188228419,0.0937339065004894,0.222878399901164,"TGME49_255670","Not significant"
247.259524222628,0.720779380176706,0.252890167992243,2.85016766724919,0.00436961878462547,0.0204451898484317,"TGME49_255680","Not significant"
62.6348595433484,0.504094642110336,0.220582534794185,2.28528810125734,0.0222959401706502,0.0756090848489271,"TGME49_255690","Not significant"
167.445295839811,-0.307022524967614,0.171601224656428,-1.78916278471976,0.073588603193171,0.184926613463185,"TGME49_255700","Not significant"
3.88048776286849,0.356833710871179,0.74456067461288,0.479254039379273,0.631757914488433,0.773480180761809,"TGME49_255710","Not significant"
207.334038287756,-0.0640336549143143,0.109755780457573,-0.583419430369475,0.559610980730585,0.723030901700209,"TGME49_255715","Not significant"
313.183434831745,0.367125301708716,0.304599535198596,1.20527203519649,0.228098301545042,0.414409157319991,"TGME49_255720","Not significant"
27.4684779883245,-0.567598108881503,0.373661610641365,-1.51901638465685,0.128758371822022,0.277882982923749,"TGME49_255730","Not significant"
1616.51054776966,-0.747587819056791,0.340161003967238,-2.19774697962966,0.0279671416669742,0.0888501947185951,"TGME49_255740","Not significant"
66.0739175992221,0.646009823195835,0.364360792551454,1.77299488968646,0.0762295536712424,0.189687494019138,"TGME49_255860","Not significant"
203.037768588909,-0.390842206260394,0.397306304517283,-0.983730189570632,0.325248191942344,0.520448307137966,"TGME49_255870","Not significant"
1778.41700158382,0.0319479622228154,0.0660330947972165,0.48381743004664,0.628515443909532,0.771723088626069,"TGME49_255880","Not significant"
2977.23699530661,-0.1750778595413,0.108037320073221,-1.6205313073542,0.105118194742011,0.241474903853682,"TGME49_255890","Not significant"
836.236638064043,-0.105793407044266,0.277724023768508,-0.380929980808748,0.703255205246137,0.822085254071545,"TGME49_255895","Not significant"
7749.45246682799,0.0405554629269212,0.191612613625377,0.211653409238556,0.832377438579688,0.903724076172232,"TGME49_255900","Not significant"
165.905092052059,0.567980841400016,0.194075329109422,2.92659991358191,0.00342689411580006,0.0169332297126171,"TGME49_255910","Not significant"
229.28867773942,0.181022828174498,0.248369085006382,0.728846056544622,0.46609583511516,0.650492726848586,"TGME49_255920","Not significant"
847.796720983925,0.258641322523577,0.0883775919728433,2.92654865051146,0.00342745894084699,0.0169332297126171,"TGME49_255930","Not significant"
665.965427870362,0.235742813715487,0.0994842170025598,2.36965039097027,0.0178049123225176,0.0629519769594406,"TGME49_255940","Not significant"
171.823289471183,-0.351175212536041,0.158946379378947,-2.20939422406595,0.0271472324324098,0.0872574285139748,"TGME49_255960","Not significant"
213.651936644662,-0.203284144234545,0.112997860139829,-1.79900879523727,0.0720172894506044,0.182060780837028,"TGME49_255970","Not significant"
1133.0950974424,-0.334406753173913,0.0684597983185848,-4.88471718274302,1.03577417457448e-06,1.47253769014679e-05,"TGME49_255980","Not significant"
37.2109013584257,-0.312407101875384,0.237415229551451,-1.31586799408621,0.188218352839504,0.362699442012048,"TGME49_255990","Not significant"
9070.2090805901,0.0970480100195373,0.0419712011275705,2.31225238764462,0.0207637788334098,0.071185096742533,"TGME49_256000","Not significant"
645.329582761209,0.223867036269543,0.0729515546136431,3.06870823322628,0.00214986442938164,0.0116241340024811,"TGME49_256010","Not significant"
4.18199410820197,0.454582652114503,0.878270166719574,0.517588629717908,0.604745316600272,0.755188715385967,"TGME49_256020","Not significant"
12.1869780444151,1.62331371497825,0.525465586863045,3.08928644532025,0.00200637891441562,0.0109355719383565,"TGME49_256025","Not significant"
2128.53764277367,-0.82641356358945,0.25266726813683,-3.27075829680445,0.0010725954093224,0.00651894310060522,"TGME49_256030","Not significant"
2103.43025546393,0.266376275873715,0.0544578797967542,4.89141841121753,1.00111891483149e-06,1.43329208017776e-05,"TGME49_256050","Not significant"
2422.84098490648,0.054228978272899,0.0588062473923759,0.922163557063321,0.356443268947723,0.550854553987625,"TGME49_256060","Not significant"
764.429877029877,-0.101164017167637,0.105422191016427,-0.959608372699007,0.337252353572883,0.532585848563121,"TGME49_256070","Not significant"
427.282320937495,-0.0670505333240897,0.159536323032599,-0.42028380778457,0.674278137275705,0.801635731947175,"TGME49_256090","Not significant"
488.737768161148,0.0526630272782012,0.264557585756964,0.199060734272727,0.842215236015937,0.908393453790274,"TGME49_256100","Not significant"
1.85003668917071,0.574505436687501,1.46999770648631,0.390820634721073,0.695929821341987,0.817581812648518,"TGME49_256220","Not significant"
22.7358109353237,0.211369614131719,0.29864991684054,0.70775045366772,0.479100239571975,0.661018518527197,"TGME49_256650","Not significant"
87.5793541654707,0.494148738953317,0.191679737172212,2.57799153026464,0.00993764337295184,0.0398093181816967,"TGME49_256700","Not significant"
30345.9056058547,-0.194352442319456,0.104848192234962,-1.85365563465241,0.0637884426895405,0.166365495815056,"TGME49_256760","Not significant"
3498.02824088982,-0.0495727900721137,0.171408205847902,-0.289208966553805,0.772421470594711,0.866254711408282,"TGME49_256770","Not significant"
300.464445234204,-0.184082088558854,0.0982569766265686,-1.87347601034448,0.0610026824287882,0.160437843955662,"TGME49_256780","Not significant"
2.65579401533285,-0.828459772120929,1.3350397556259,-0.620550638008923,0.534895326429553,0.703828450383313,"TGME49_256788","Not significant"
54.8940727212019,-0.0584347196623179,0.295803515895084,-0.197545723841375,0.843400503879771,0.908630082967704,"TGME49_256800","Not significant"
176.577764339312,-0.125581952094285,0.159748011440739,-0.786125291712138,0.431794088445526,0.619567785003757,"TGME49_256810","Not significant"
46.048969534472,0.445900277701636,0.212061238801102,2.10269580722321,0.0354923688104919,0.105955926272731,"TGME49_256820","Not significant"
143.086501959312,0.529319014846451,0.130839725442297,4.04555277884538,5.21998030127861e-05,0.000470608423614164,"TGME49_256830","Not significant"
160.804307845131,-0.355657143306959,0.222747004324303,-1.59668653855002,0.110335597800524,0.250488297407555,"TGME49_256840","Not significant"
45.618507310903,-1.76414073531442,0.343234707301041,-5.13975043254335,2.7510361202247e-07,4.5655970876872e-06,"TGME49_256865","Not significant"
119.183268464539,-0.0258136871318549,0.226019879213825,-0.114209808542699,0.909071476695961,0.947036798423207,"TGME49_256880","Not significant"
274.324610036177,0.112585519914993,0.126233089566229,0.891885957175472,0.372454062321265,0.564652579193984,"TGME49_256900","Not significant"
267.938720195774,-0.464149813689644,0.11103795359863,-4.18010057504673,2.91380195031599e-05,0.000281413746555459,"TGME49_256910","Not significant"
220.784336805095,0.213475599953738,0.195779270168008,1.09038919069697,0.275541741328233,0.467592955025291,"TGME49_256920","Not significant"
12.495507423934,-0.751937980031931,0.571332866105853,-1.31611189315445,0.188136489737179,0.362699442012048,"TGME49_256960","Not significant"
3335.26474430201,-0.395370346535687,0.0725941561645562,-5.44631093499403,5.1425209205262e-08,9.9569000299331e-07,"TGME49_256970","Not significant"
584.114888579924,-0.0856478613473621,0.101716252732134,-0.84202729698382,0.399772674268276,0.591299937575408,"TGME49_256980","Not significant"
874.072515694732,-0.129242624605036,0.140070017460695,-0.922700139173628,0.356163493310363,0.55063146912545,"TGME49_256990","Not significant"
119.975805256061,-1.214713016583,0.209002598883249,-5.81195173205262,6.17486467271434e-09,1.37950548127783e-07,"TGME49_257000","Not significant"
27.9093580203263,-0.042409261355696,0.387672965299712,-0.109394425589902,0.912889654949767,0.948863084395649,"TGME49_257010","Not significant"
955.909287812333,0.0981923291732806,0.0677069803665503,1.45025414871095,0.146987660079753,0.306960362549705,"TGME49_257020","Not significant"
427.22002109013,0.310165575721943,0.101801486299445,3.04676863763661,0.00231315679240488,0.0122624452645609,"TGME49_257030","Not significant"
4234.18998232914,0.246084105624158,0.154644166780085,1.59129251848282,0.1115437597465,0.252385602186572,"TGME49_257040","Not significant"
850.347542039031,-0.229090988173176,0.062198131569878,-3.68324549935714,0.00023028318519183,0.00169625259237315,"TGME49_257050","Not significant"
316.070901861332,0.192646148864334,0.132285779824186,1.45628766085342,0.145313115126407,0.304088073136372,"TGME49_257060","Not significant"
182.400956294809,0.339647330176375,0.144039499790517,2.35801520187406,0.0183729405468994,0.0643587110709171,"TGME49_257070","Not significant"
933.84598049317,-0.109823385687243,0.173972776941423,-0.631267647835619,0.527865536723138,0.697757240674994,"TGME49_257080","Not significant"
3890.67536684183,0.149554558205107,0.12153009607979,1.23059688940687,0.21847366921961,0.402391400267074,"TGME49_257090","Not significant"
216.926299342511,-0.00795794485060626,0.45978168551465,-0.0173080944746606,0.986190828114439,0.991601018719172,"TGME49_257100","Not significant"
177.849568177554,-0.0840161677970376,0.119831985853708,-0.701116377221734,0.483230390575756,0.663788773000346,"TGME49_257110","Not significant"
457.422994624882,-0.308035017802662,0.147995050088515,-2.08138730057814,0.0373984701287616,0.110120381403743,"TGME49_257120","Not significant"
8.66802897708112,-1.38347572614842,0.600651307621148,-2.30329262351498,0.0212623843966121,0.0727105592570436,"TGME49_257130","Not significant"
402.039140165103,-0.0431475888001236,0.191062959174716,-0.225829166398851,0.821334291487952,0.899177498435652,"TGME49_257150","Not significant"
378.590232120839,-0.0752650389596553,0.111876072104631,-0.672753677741425,0.501104012007235,0.679060981928513,"TGME49_257160","Not significant"
249.415043128573,0.106909564145278,0.120311358893846,0.888607402727507,0.37421411121118,0.566265193965261,"TGME49_257170","Not significant"
330.568204410561,-0.397794909599878,0.123545840029785,-3.21981630060531,0.00128272765501399,0.00754785911040069,"TGME49_257180","Not significant"
453.263024957912,0.102997902944308,0.111893723394043,0.920497592001589,0.357312790801536,0.551360078709315,"TGME49_257290","Not significant"
2150.82914330995,0.249734429977583,0.163664887704167,1.52588886645614,0.127037543882793,0.275693596769929,"TGME49_257300","Not significant"
156.610118711263,0.173785780910579,0.151016169519661,1.15077598288542,0.249824407828986,0.440436442856372,"TGME49_257310","Not significant"
172.822086258367,-0.345022591501435,0.167026227135237,-2.06567912967392,0.0388587872072574,0.113128468426508,"TGME49_257330","Not significant"
238.047060511242,0.263483849844891,0.178382466188156,1.477072581601,0.139656182317985,0.295229829662225,"TGME49_257340","Not significant"
1938.82596962363,0.145967641283207,0.332127434600826,0.439492875554353,0.660304443189605,0.794318895268916,"TGME49_257350","Not significant"
1554.86366924692,-0.195241044547913,0.0843184974098062,-2.31551854629239,0.0205845707776615,0.0708629850363374,"TGME49_257360","Not significant"
247.366257508516,-0.152934073939423,0.239192294507552,-0.639377093038396,0.522577647186943,0.69460631365221,"TGME49_257370","Not significant"
3280.43845078391,0.00196732897267807,0.309393748807494,0.00635865779532006,0.994926559306381,0.996887971941781,"TGME49_257380","Not significant"
227.105786117628,-0.000866636412460385,0.127054059302955,-0.00682100530447383,0.994557667380203,0.99676398214639,"TGME49_257390","Not significant"
15.37911390228,0.592595381304574,0.554443118004191,1.06881186195929,0.285154453221707,0.478674694730575,"TGME49_257420","Not significant"
305.352883384899,-0.504241429062902,0.0894579554056518,-5.63663037877841,1.73409758260213e-08,3.65328537350273e-07,"TGME49_257430","Not significant"
676.343822824283,0.137079688058238,0.13620553170829,1.00641792105639,0.314214576482874,0.509309220453776,"TGME49_257440","Not significant"
177.790598882074,-0.684052848348452,0.134270307535714,-5.09459508139208,3.49487404018624e-07,5.66141746908257e-06,"TGME49_257470","Not significant"
462.403514347704,-0.752784411183507,0.281898906244917,-2.67040557627946,0.00757596762597611,0.0322433085254778,"TGME49_257480","Not significant"
921.208184776861,0.601544597291229,0.156375675038673,3.84679137047665,0.000119674790878113,0.000967391053102198,"TGME49_257490","Not significant"
161.997092649266,0.178153723856901,0.154940310707544,1.14982165095288,0.250217335882088,0.440436442856372,"TGME49_257500","Not significant"
758.965529825115,-0.417099824236156,0.13969040186258,-2.98588749602479,0.00282756647986808,0.0144252011381978,"TGME49_257510","Not significant"
856.625334716441,-0.152663543436087,0.206280454759068,-0.740077597823776,0.459252910985107,0.645793169194947,"TGME49_257520","Not significant"
22789.2935867463,0.425786829493434,0.228766034066798,1.86123272727239,0.0627113185751078,0.164082510506041,"TGME49_257530","Not significant"
260.995897432038,-0.598593954728324,0.21428822430971,-2.79340573499353,0.00521562277827425,0.0236682167594454,"TGME49_257540","Not significant"
1064.23485350447,-0.924869392993808,0.0613860659571964,-15.066438589479,2.69240543029571e-51,9.12276706631863e-49,"TGME49_257550","Not significant"
482.48613537515,0.255058963578087,0.209229256795434,1.2190406231164,0.222828774408192,0.407567160028658,"TGME49_257560","Not significant"
31.7325540001569,0.156161820578067,0.593240999391436,0.263235044001109,0.792369421769494,0.878346256519837,"TGME49_257568","Not significant"
24.6257668998981,-0.301814351622293,0.62399881598468,-0.483677763307972,0.628614576864127,0.771723088626069,"TGME49_257572","Not significant"
5.47102505556015,0.202900659822752,0.749988134860798,0.270538493066175,0.786746007387096,0.874834707115376,"TGME49_257580","Not significant"
281.087473826354,0.0339235609080876,0.10816469305923,0.313628781708938,0.753802997063571,0.854940860825796,"TGME49_257595","Not significant"
94.4146705906437,-0.321157262912271,0.181378832371928,-1.77064356800863,0.0766199921122784,0.190193460273824,"TGME49_257625","Not significant"
132.836475203156,-0.48372242413579,0.279210145347182,-1.73246721939244,0.0831904087184433,0.203154475585099,"TGME49_257640","Not significant"
240.414928947897,-0.0149806734274362,0.495883965557034,-0.0302100379684754,0.975899543045288,0.984861638625501,"TGME49_257650","Not significant"
28.0605558175276,-1.57212923503416,0.321529891087726,-4.88952747041867,1.01078317255783e-06,1.44205065951584e-05,"TGME49_257670","Not significant"
685.870784370076,-0.809879515250755,0.0972867275046613,-8.32466602612315,8.45668265943596e-17,5.63686421201092e-15,"TGME49_257680","Not significant"
7.55795473381975,-0.624649418934617,0.558103016368859,-1.11923677280715,0.263039141437106,0.453185232662403,"TGME49_257685","Not significant"
10.1295806288243,-0.178527844975808,0.709616459880081,-0.251583573760363,0.80136295655885,0.885418962328338,"TGME49_257690","Not significant"
55.4092205189743,-0.414389130450297,0.493573015942173,-0.83957006778273,0.401149487719249,0.59247141920322,"TGME49_257700","Not significant"
718.24251762762,0.336548395908099,0.0733005580874692,4.5913483428939,4.40391593502249e-06,5.34517080352282e-05,"TGME49_257710","Not significant"
748.981824401182,-0.0350861921076113,0.071323440267278,-0.491930730992911,0.622768312728423,0.768678208535,"TGME49_257720","Not significant"
292.703842923268,0.177976217534269,0.10285129323447,1.73042274858456,0.0835547723622368,0.203555245311477,"TGME49_257730","Not significant"
262.50625897152,-0.119428071431445,0.119838083541368,-0.996578615930712,0.318969089899183,0.513048542309433,"TGME49_257740","Not significant"
872.964827950388,-0.257641870765236,0.121206051871792,-2.1256518695763,0.0335322572748012,0.101673695910375,"TGME49_257750","Not significant"
13.0921822746164,0.0315790753935909,0.378892970274776,0.0833456354988309,0.933576714615072,0.961236495726736,"TGME49_257755","Not significant"
1627.81321581672,0.0249974974238297,0.0811019579347129,0.30822310657349,0.757912571291049,0.856963831644197,"TGME49_257760","Not significant"
135.118489540427,0.103553438492472,0.151393106745795,0.68400365590191,0.493972857239575,0.674897055623694,"TGME49_257770","Not significant"
233.524134876961,0.0892461362951363,0.201713268939361,0.44244058293441,0.658170417403072,0.792924716195819,"TGME49_257780","Not significant"
20.1773015379488,0.619437234475305,0.446446379918476,1.38748405707404,0.165294209269528,0.333210835344523,"TGME49_257790","Not significant"
158.620898058962,-0.00382060991313311,0.161824040370489,-0.0236096559224821,0.981163969986794,0.988457061934168,"TGME49_257800","Not significant"
1123.62929771598,0.345411342578096,0.167007127585793,2.06824311974742,0.0386171674245635,0.112638022057586,"TGME49_257910","Not significant"
556.797807565718,0.313292428672608,0.103272290997196,3.03365429049226,0.00241611127294027,0.0127088078082473,"TGME49_257945","Not significant"
181.910444531284,-0.654270098278671,0.17674486097892,-3.70177720956031,0.000214094573899231,0.00160019951741594,"TGME49_257960","Not significant"
5029.48170543615,1.15831504457645,0.154233638747764,7.51013238085355,5.90676013629166e-14,2.72919167206385e-12,"TGME49_257970","Not significant"
90.4104077032194,-0.374829565797029,0.164011163385045,-2.28539056769599,0.0222899365902207,0.0756090848489271,"TGME49_257980","Not significant"
2210.06417239377,-0.257972764415268,0.0734010562867682,-3.51456474151274,0.000440475289277988,0.00301003785916689,"TGME49_257990","Not significant"
340.677513312168,0.180587056481816,0.130785002475097,1.38079331012133,0.167342521041376,0.336597793104554,"TGME49_258000","Not significant"
623.238548694296,0.199473173340627,0.0912939581267502,2.18495481446519,0.0288921598173152,0.0911369447767288,"TGME49_258010","Not significant"
155.864835053281,-0.0395139584925483,0.180550779903117,-0.218852327936503,0.82676508298648,0.902326505350217,"TGME49_258020","Not significant"
108.605907507976,-0.556292328896231,0.149554853615325,-3.71965412989597,0.00019949577761912,0.00150771344200621,"TGME49_258030","Not significant"
47.8043827877214,0.635584951324342,0.306861106552783,2.07124636440368,0.0383357787863137,0.111977928552551,"TGME49_258040","Not significant"
580.681032696497,-0.0875546688049196,0.171339921967515,-0.510999817202669,0.609351184772557,0.758378303423697,"TGME49_258050","Not significant"
146.047503567292,0.268122880147839,0.140455895696251,1.90894713830796,0.056268911243894,0.150882098159959,"TGME49_258060","Not significant"
720.511167650984,-0.381244586646988,0.0876637019874777,-4.34894463733058,1.36794236965516e-05,0.000143722317183924,"TGME49_258070","Not significant"
331.595139119322,-0.228628688424438,0.168886791635748,-1.3537393079119,0.175819562721183,0.347198806228427,"TGME49_258080","Not significant"
480.180745881838,-0.176626259941451,0.142964568634503,-1.23545478175789,0.216661295425243,0.400793824931318,"TGME49_258090","Not significant"
159.256253851184,0.298234503108092,0.139369988266568,2.13987607244158,0.0323647832914658,0.0991674520445366,"TGME49_258100","Not significant"
21.862614376506,0.543475327022838,0.383747787071347,1.41623051736789,0.156708023626469,0.320833244745833,"TGME49_258105","Not significant"
311.06986682868,-0.227397868279922,0.101576034464342,-2.23869606132093,0.0251756989874271,0.0828190874456947,"TGME49_258110","Not significant"
5.18449303787668,-2.80613777817945,1.12994541589144,-2.48342772908691,0.0130124735878787,0.0496103786405944,"TGME49_258120","Down in 120DPI"
184.782439772153,-0.100070878847113,0.135455437206161,-0.738773436571666,0.460044584407987,0.6459051381916,"TGME49_258130","Not significant"
36.5459808905602,-0.481134718577154,0.230741745629262,-2.08516546178082,0.0370542838187404,0.109493254365551,"TGME49_258140","Not significant"
1350.14572366316,0.142244011716178,0.13658606180243,1.04142406508456,0.297678778469076,0.491006083158259,"TGME49_258150","Not significant"
476.751803496234,-0.212847329746273,0.159872350328946,-1.33135798221724,0.183071248039646,0.356497937992912,"TGME49_258160","Not significant"
1951.68195829142,0.100512639946985,0.0793049706488724,1.26741916836476,0.205005449412842,0.386261426002138,"TGME49_258170","Not significant"
409.905085123371,-0.00504718417731037,0.0939503507009993,-0.0537218237042375,0.95715679510549,0.973923806030761,"TGME49_258180","Not significant"
71.7450883002836,-0.922050550543034,0.348084738010306,-2.64892553409146,0.00807481215838531,0.0340229909181292,"TGME49_258200","Not significant"
1726.78751795907,-0.293297215428481,0.0713727330404714,-4.10937346706576,3.96734022936698e-05,0.000371686759737469,"TGME49_258210","Not significant"
2.4124996771828,0.873179073952157,0.934616470595057,0.934264590261517,0.350167425080873,0.545738678923981,"TGME49_258225","Not significant"
2940.06811460103,-0.689423350626197,0.0879928529695351,-7.83499258587387,4.68870374903694e-15,2.57625262751138e-13,"TGME49_258230","Not significant"
511.88771251242,-0.221836495851035,0.142734093781175,-1.55419416604929,0.120138108686029,0.264789269833739,"TGME49_258240","Not significant"
220.732019293727,-0.0554979272620296,0.300437815904964,-0.18472350790749,0.853445906839038,0.914051976063182,"TGME49_258350","Not significant"
2759.85899876165,-0.0698454493360398,0.129905725896948,-0.537662592266697,0.590810009225063,0.744878603878793,"TGME49_258360","Not significant"
4376.32140440875,-0.153303448999068,0.158248180264167,-0.968753313580949,0.332668285312314,0.526918066758582,"TGME49_258370","Not significant"
714.66218859395,-0.529141973324462,0.319439550414357,-1.65646981608286,0.0976267127380413,0.22993537215244,"TGME49_258380","Not significant"
3588.72393546147,-0.212501918221984,0.0819205713549111,-2.59399946444885,0.00948666346888008,0.0386113850495159,"TGME49_258390","Not significant"
3.26300983395667,0.565243231334039,0.799071653185045,0.707374900712618,0.479333530352409,0.66103892863453,"TGME49_258400","Not significant"
2418.78288923194,-0.536102437126401,0.149861410582142,-3.57732144014854,0.000347133194259877,0.0024504228608692,"TGME49_258410","Not significant"
214.130554945942,-0.0994743950954922,0.173354144298343,-0.573821846014228,0.566088363984444,0.727930198596062,"TGME49_258420","Not significant"
293.768998105886,-0.929646398048398,0.102727637917166,-9.04962303132113,1.4346274703022e-19,1.26808593353233e-17,"TGME49_258450","Not significant"
755.398270316843,-0.210727510712007,0.0945891228535746,-2.2278196937952,0.0258925410384305,0.0844258796008486,"TGME49_258458","Not significant"
494.292178072219,-0.270955928079126,0.0905300589539586,-2.99299405313463,0.00276255132141842,0.0141646074059108,"TGME49_258462","Not significant"
16722.5435132785,0.347134619308624,0.0978427579046166,3.54788261024933,0.000388341260909833,0.00269913772112714,"TGME49_258470","Not significant"
722.175411618346,-0.35305648961806,0.144712259791999,-2.43971374730463,0.0146989040690805,0.0542338874272969,"TGME49_258480","Not significant"
473.433327418044,-0.0632740741247591,0.122204172098763,-0.517773436357168,0.604616354069167,0.755188715385967,"TGME49_258490","Not significant"
225.304436656151,0.0287698619945472,0.108640514768692,0.264817062546156,0.79115039200938,0.877671123685463,"TGME49_258500","Not significant"
357.017745788334,0.162082650581244,0.119680265119042,1.35429722201924,0.175641572084096,0.347015856216684,"TGME49_258508","Not significant"
9.22553644149753,1.19243205705285,0.546054054700242,2.183725304828,0.0289824391749564,0.0912800911583057,"TGME49_258512","Not significant"
1297.16303691232,0.188382884188406,0.167186808857437,1.12678078776563,0.259835175382417,0.449378912422333,"TGME49_258540","Not significant"
9.3602274317689,-1.80894565172488,0.669689101593942,-2.70117230132515,0.00690955328726966,0.0296979319936981,"TGME49_258550","Not significant"
1352.1163673281,-0.246639381269242,0.136266119157285,-1.80998316231901,0.0702983983244463,0.179205822938683,"TGME49_258560","Not significant"
70.9361269559926,0.245198377934979,0.234633909832415,1.04502532524011,0.296011264893245,0.490016429072044,"TGME49_258570","Not significant"
7987.89987181037,-0.303967253306035,0.162092510044242,-1.87527019738956,0.0607555612010295,0.159910655030897,"TGME49_258580","Not significant"
929.871330956534,-0.342268820245328,0.0734274924703276,-4.66131701805888,3.14192332124224e-06,3.94291982227498e-05,"TGME49_258590","Not significant"
1139.67893425447,-0.160129095989117,0.159572191433413,-1.00348998500742,0.315624506657623,0.510270077164968,"TGME49_258610","Not significant"
2.83963060872579,2.00056746239202,0.981747204005935,2.0377623223462,0.0415737080998816,0.119631066620041,"TGME49_258622","Not significant"
177.056237612368,-0.34519927401092,0.123914543323701,-2.78578498335872,0.0053398278753264,0.0240973808447027,"TGME49_258625","Not significant"
75.5552089625462,0.181457794093747,0.201512891888951,0.900477346103219,0.367866275748023,0.560413741922615,"TGME49_258630","Not significant"
470.947100307634,-0.120945333252274,0.249160081359791,-0.485412159894214,0.627384008428354,0.771143705643799,"TGME49_258640","Not significant"
228.477964197101,-0.439321436598256,0.182054219209972,-2.41313515558552,0.0158159534842974,0.0572641735237339,"TGME49_258650","Not significant"
5158.05625240036,-0.17468333613305,0.150090920531193,-1.16385012174501,0.244484755947861,0.43335157065406,"TGME49_258660","Not significant"
288.185013404877,0.054767185065729,0.0918106714216301,0.596523086234899,0.550825835920278,0.717609051218151,"TGME49_258670","Not significant"
917.474559689813,0.00918153613908828,0.136371688518539,0.0673272894017155,0.94632115237226,0.968123476247961,"TGME49_258680","Not significant"
391.51093338825,-0.0451098412293973,0.0876844754195247,-0.514456419036211,0.606932922540559,0.756990571487703,"TGME49_258690","Not significant"
456.611881481551,-0.724509503166263,0.0810155162243459,-8.94284869036657,3.79264855506455e-19,3.14712429079438e-17,"TGME49_258700","Not significant"
231.537827456193,-0.0882305455110356,0.106332591966574,-0.829760131670362,0.406674416062381,0.598241018708264,"TGME49_258710","Not significant"
392.126031981034,0.475106928442174,0.230855357347048,2.05802860242025,0.0395873878308005,0.114973084942882,"TGME49_258720","Not significant"
5233.9010413336,0.0179066228601834,0.173667403734305,0.103108715136773,0.917876688213927,0.951820100555426,"TGME49_258730","Not significant"
302.565352792526,0.277276427053755,0.164484978782621,1.68572491607392,0.0918487954832401,0.219422563122711,"TGME49_258740","Not significant"
21.1743501579281,0.0605093322408918,0.33363226760881,0.181365347766182,0.856080816267603,0.915283880868807,"TGME49_258750","Not significant"
20.1675792339287,0.552325874107094,0.436573882395203,1.26513723422215,0.205822137470231,0.387158401655032,"TGME49_258760","Not significant"
443.636648993071,-0.0827234454344111,0.0759789323940529,-1.08876819965538,0.276256118301379,0.468414252299169,"TGME49_258770","Not significant"
575.528627030452,-0.330954452238932,0.138216607098666,-2.394462280518,0.0166447553681546,0.0596804015228542,"TGME49_258780","Not significant"
618.013668155956,-0.960006762692662,0.173932166416382,-5.5194319858839,3.40097194008938e-08,6.87977706885742e-07,"TGME49_258790","Not significant"
342.593064700331,-0.286876658795459,0.133692391249695,-2.14579645194366,0.0318892218440724,0.097783993980391,"TGME49_258800","Not significant"
25.4094182669649,-0.285277880723557,0.306491367542132,-0.930786021842332,0.351964261715748,0.54685197310934,"TGME49_258810","Not significant"
1502.19639460616,-0.162496585950685,0.218934694248478,-0.742214871464186,0.457957159650589,0.644781191879188,"TGME49_258820","Not significant"
159.940188884175,0.0907873511230898,0.236742558435101,0.383485553772867,0.701359779508594,0.821587111345993,"TGME49_258826","Not significant"
1.50131734085603,0.13430468399978,1.23728939520131,0.108547510809247,0.913561394948025,0.949153961830748,"TGME49_258828","Not significant"
158.341898125015,-0.00457827012716155,0.155674686623939,-0.0294092137035817,0.976538224511474,0.985261642894207,"TGME49_258832","Not significant"
65.3069463254636,-0.11747335987993,0.21395214868693,-0.549063707005932,0.582961730720769,0.740031969126021,"TGME49_258840","Not significant"
987.490902025351,0.385820416590128,0.210243924230792,1.83510851979057,0.0664896118224584,0.171539823394744,"TGME49_258850","Not significant"
2058.28498894854,-0.082978354109365,0.108758329194172,-0.762960912733586,0.445486707103962,0.632012892911623,"TGME49_258860","Not significant"
15614.367847339,-0.189713662788861,0.0472634835378226,-4.01395852756057,5.97088420077999e-05,0.000528924077568005,"TGME49_258870","Not significant"
62.0379783632426,-0.348373936512416,0.220815421725572,-1.57767031754409,0.114641368761798,0.257688460943906,"TGME49_258880","Not significant"
314.094435243137,-0.110618668665228,0.136449173191655,-0.810695045472023,0.417540819300807,0.608136318035749,"TGME49_258900","Not significant"
43.7718112198094,-0.403686456900777,0.244458495255887,-1.65134967585487,0.0986671942997051,0.2317106640865,"TGME49_258910","Not significant"
755.24026542653,-0.0777892574726362,0.222957341882517,-0.348897492299786,0.727166267885115,0.836868962700504,"TGME49_258920","Not significant"
88.9099157903418,-0.156693185724948,0.190274746028933,-0.823510155683617,0.410217944353476,0.602364088747285,"TGME49_258930","Not significant"
41.7227784188697,-0.114398201185516,0.306307299569424,-0.373475269268233,0.708794748239364,0.825303392423039,"TGME49_258940","Not significant"
1744.9614986375,-0.00481951835336239,0.165849529626393,-0.0290595840954101,0.976817069393551,0.985298487758417,"TGME49_258950","Not significant"
200.347258561388,-0.0419842953404002,0.125571610925447,-0.334345438678227,0.738118906174193,0.844163078702492,"TGME49_258970","Not significant"
217.257080289898,0.210615599483372,0.188504671717531,1.1172964445092,0.263867595215763,0.453806838124333,"TGME49_258980","Not significant"
362.117636329303,0.057033152272968,0.165734778479709,0.344123018693693,0.730753772477869,0.839252078331179,"TGME49_258990","Not significant"
189.950155708707,0.384680973491654,0.415501940812936,0.925822326458981,0.354538322402838,0.549162978624739,"TGME49_259000","Not significant"
1769.90252496362,0.25542141422183,0.0847419874882675,3.01410695916464,0.00257736923509996,0.0133693593924799,"TGME49_259010","Not significant"
134572.020767833,0.122057712626029,0.118847479835881,1.02701136611884,0.304415112055989,0.499294814691268,"TGME49_259020","Not significant"
273.317992610282,-0.34280930232422,0.225034369261219,-1.52336420187571,0.127667612959048,0.276731043313798,"TGME49_259040","Not significant"
85.3237711704215,-0.485864653337668,0.159081927696477,-3.05417881448282,0.00225677522665234,0.0120519287647455,"TGME49_259050","Not significant"
8.07912745954372,0.649191774753821,0.490494183138431,1.32354632750171,0.185653760601434,0.360155593362502,"TGME49_259060","Not significant"
361.996887244338,0.212557484708241,0.11335088490979,1.87521680909155,0.0607629026125765,0.159910655030897,"TGME49_259070","Not significant"
189.787553848076,-0.175628408977865,0.249504656088902,-0.703908342757683,0.481489855612968,0.662741283995371,"TGME49_259080","Not significant"
389.431989875216,0.200335555004118,0.142463825100594,1.40622052554507,0.159658651031151,0.325562725723501,"TGME49_259090","Not significant"
336.977993084538,-0.0531585726316202,0.139350299000822,-0.381474406677136,0.702851258574869,0.822085254071545,"TGME49_259115","Not significant"
33.0801392335209,-0.227269869438904,0.349572415046742,-0.650136737501198,0.515603900670184,0.689166817924052,"TGME49_259130","Not significant"
79.0418560124121,-0.128034399033502,0.2840178487981,-0.450797017072396,0.652135851394968,0.789162015408316,"TGME49_259140","Not significant"
25.845732882207,-1.34294718336548,0.454135963033582,-2.9571478426741,0.0031049920158776,0.0155479033701457,"TGME49_259150","Not significant"
4.58244836522119,-0.732898852309547,0.717207743417565,-1.02187805281802,0.306838621173971,0.50188307864458,"TGME49_259155","Not significant"
42.4362821108614,0.0100423526503293,0.330976191441142,0.030341616436526,0.975794606721861,0.984861638625501,"TGME49_259160","Not significant"
178.910369844488,0.342650849032726,0.149422511746538,2.29316750888218,0.021838362953617,0.0743052583844409,"TGME49_259168","Not significant"
328.553390382368,0.341678753344075,0.0927649531848728,3.68327414193955,0.000230257300364508,0.00169625259237315,"TGME49_259172","Not significant"
1.14988302890182,2.47773374224195,1.57956350863535,1.56861926012875,0.116736681897652,0.260368265823287,"TGME49_259180","Not significant"
467.100015078075,-0.307952264021363,0.0930565552758943,-3.30930220991251,0.000935288230076773,0.00575322533054789,"TGME49_259190","Not significant"
101.168708127599,-0.0884016826694557,0.231482630565067,-0.381893373397652,0.702540455710073,0.822085254071545,"TGME49_259200","Not significant"
38.9215459774502,-1.00636379462729,0.285861357091699,-3.52046112446204,0.000430797138109262,0.00294975534073402,"TGME49_259205","Not significant"
287.123839505299,-0.483474348478229,0.15772867132415,-3.06522805536499,0.00217504077207473,0.0117135308334515,"TGME49_259210","Not significant"
223.821474160183,-0.49685978243751,0.179014033283249,-2.77553537744911,0.00551109031786,0.0246242782773832,"TGME49_259220","Not significant"
170.011382249768,-0.699763261114957,0.128219728813869,-5.45753190704974,4.82798414007705e-08,9.43778053536216e-07,"TGME49_259230","Not significant"
1569.77440458012,0.0781309263875246,0.207333692640532,0.376836612479503,0.70629503027264,0.823572008342,"TGME49_259240","Not significant"
303.237363207562,-0.769794654790238,0.250574994010596,-3.07211283324499,0.00212549364534994,0.0115076659946642,"TGME49_259250","Not significant"
6525.01239436547,-0.249264203469356,0.098110144810637,-2.54065676847652,0.0110644478602021,0.0434247538606003,"TGME49_259260","Not significant"
1397.09281196461,0.0513465026680296,0.165701878074225,0.309872786384651,0.756657698201732,0.856916817509793,"TGME49_259520","Not significant"
217.941323400896,-0.4026620466382,0.127501370445894,-3.15809975398715,0.00158801207828319,0.0090179568579601,"TGME49_259530","Not significant"
5.92331257291335,-0.446443557892553,0.648014820844106,-0.68894035064046,0.490860805503786,0.671773825371389,"TGME49_259540","Not significant"
1969.88276065903,-0.449016219333022,0.138220520819265,-3.24854961239909,0.00115994978897332,0.00695627705304649,"TGME49_259550","Not significant"
482.258556792056,-0.350062874836224,0.215829315620077,-1.62194312589323,0.104815526400763,0.241051996801755,"TGME49_259560","Not significant"
196.684526466452,0.440626485847689,0.181022253096261,2.43410121303363,0.0149288200022208,0.054685209125252,"TGME49_259570","Not significant"
289.287956482408,0.171653554812484,0.213970545339816,0.802229832801863,0.422420022410431,0.612320788278365,"TGME49_259580","Not significant"
682.861810134827,-0.10757680515716,0.166597306862641,-0.64572955699612,0.518454515326476,0.690706441453948,"TGME49_259600","Not significant"
67.056851806099,0.168757536988186,0.169167530397585,0.997576406013402,0.318484806736809,0.512864662129421,"TGME49_259610","Not significant"
15.00722953963,1.11711563627201,0.461524295215508,2.42049150576218,0.0154995414044992,0.05623294408062,"TGME49_259620","Not significant"
22313.7257198043,0.275099654449851,0.205362821556245,1.3395786655303,0.180382363696783,0.352782439052967,"TGME49_259630","Not significant"
360.804228915595,0.0364135734722297,0.162252055181539,0.224425961393756,0.822425871576423,0.899887942365376,"TGME49_259640","Not significant"
176.150998061827,-0.0604086892537159,0.180600186398696,-0.334488521071383,0.738010951448937,0.844163078702492,"TGME49_259650","Not significant"
2284.17640350371,-0.12450783026785,0.104256011510849,-1.19425084907352,0.232379857754696,0.418819371290157,"TGME49_259660","Not significant"
15.9207266622531,-1.29938764512222,0.405812025142869,-3.20194465569315,0.00136503221130039,0.00795160597585584,"TGME49_259670","Not significant"
250.518937421429,0.18455195991704,0.119169017313993,1.54865722716142,0.121464141183352,0.267102865360471,"TGME49_259690","Not significant"
3239.64252506631,0.0720928194195151,0.316284901823535,0.227936328935922,0.819695739603314,0.898351179845573,"TGME49_259700","Not significant"
3036.23274902242,0.453051079157428,0.114722977509972,3.94908752362227,7.84496659540496e-05,0.000674368587249822,"TGME49_259710","Not significant"
449.39914734085,0.226483583962769,0.0781121713490037,2.89946598655982,0.00373798899034703,0.0180721322648645,"TGME49_259720","Not significant"
468.471727984673,0.0823052241015332,0.167806972565515,0.490475591348863,0.623797397852985,0.768678208535,"TGME49_259830","Not significant"
175.962992463384,-0.0574764025060121,0.288079568970494,-0.199515719602799,0.841859348071956,0.908393453790274,"TGME49_259840","Not significant"
151.170706154823,0.148905745133968,0.143051986282292,1.04092050032863,0.297912446421895,0.491006083158259,"TGME49_259850","Not significant"
191.047938133897,0.0252680253395553,0.239623729820499,0.105448760681939,0.916019726273414,0.950621798628816,"TGME49_259860","Not significant"
422.894984160946,-0.143642575554503,0.106704331069303,-1.34617380677086,0.178246470298536,0.350120844557414,"TGME49_259870","Not significant"
1608.5696383229,-0.29678779373902,0.150005055971581,-1.97851860270128,0.0478702320963162,0.133077379924417,"TGME49_259880","Not significant"
1.23867247818573,2.71579155659206,1.65936965762518,1.63664048219297,0.101705611751123,0.23630030994159,"TGME49_259900","Not significant"
118.728797623115,-0.121837151120606,0.164160145150382,-0.742184718519801,0.457975426007647,0.644781191879188,"TGME49_259920","Not significant"
1548.55340787686,-0.302927432590607,0.235575794506958,-1.28590220071044,0.19847719557292,0.377989825386179,"TGME49_259940","Not significant"
376.015337573773,-0.240655161650786,0.130256032752142,-1.84755482388073,0.064666770166885,0.167795205806353,"TGME49_259950","Not significant"
6.42957322942541,-0.78168340402681,0.536467505448021,-1.45709366567133,0.145090526675774,0.303778620733108,"TGME49_259960","Not significant"
1.4111829707052,1.97872747791068,1.43503876094454,1.37886692106372,0.167935788775505,0.336865770676469,"TGME49_259965","Not significant"
1558.76773695232,-0.12216323947693,0.176969960183256,-0.690304949780334,0.490002435796552,0.670824883484438,"TGME49_259970","Not significant"
233.581521777466,0.0829840307125409,0.118081091809419,0.702771539803137,0.482198136153874,0.663491580914265,"TGME49_259980","Not significant"
336.008428246298,0.0747527558401258,0.0835402978425172,0.894810741290905,0.370888267434187,0.563118631586036,"TGME49_259990","Not significant"
4.14353415406866,-0.128073097646356,0.707451190377104,-0.181034535510622,0.856340468441905,0.915320805647946,"TGME49_260000","Not significant"
256.453753025153,0.129512524785535,0.147850248441132,0.875970964885471,0.381045818449051,0.572554433781908,"TGME49_260010","Not significant"
69.8261411756527,0.147421283952337,0.291479496592551,0.505768967202561,0.613018846199576,0.760614778348329,"TGME49_260020","Not significant"
111.961517304943,-0.498758420105143,0.158735473122515,-3.14207284795248,0.00167756291822143,0.00943426116941679,"TGME49_260030","Not significant"
417.457046676329,-0.410217606372681,0.164353058033253,-2.49595359697952,0.0125619033168437,0.0482766530116131,"TGME49_260140","Not significant"
153.039620163249,0.33824281690222,0.167547339834293,2.01878953874618,0.0435090988324407,0.124320446839567,"TGME49_260150","Not significant"
288.977273948338,0.44472303146826,0.32884614648523,1.35237416105235,0.176255651018553,0.347891008272542,"TGME49_260160","Not significant"
137.974775245068,-0.392124361969698,0.231031592384142,-1.69727593496262,0.0896445047415152,0.215191443241909,"TGME49_260170","Not significant"
2140.01987608509,-0.0426377386982692,0.190504934974746,-0.223814352651397,0.822901761454247,0.900166414332248,"TGME49_260180","Not significant"
44502.0229111115,-0.192046643628954,0.0766590007765467,-2.50520671654397,0.0122379845221763,0.047284588933162,"TGME49_260190","Not significant"
2115.07692519561,0.0732847676950469,0.101933865824382,0.718944259617376,0.472175264566948,0.656139653359265,"TGME49_260200","Not significant"
6.31207705250604,0.124292386463726,0.581998912163166,0.213561200658877,0.830889258696923,0.90331436520366,"TGME49_260205","Not significant"
424.324339375835,-0.076109472214706,0.103549667050388,-0.735004509262888,0.462336747893722,0.647420976110456,"TGME49_260210","Not significant"
757.361926470903,-0.0410376438124568,0.247925609042331,-0.165524021382761,0.868531544275145,0.922772212966485,"TGME49_260220","Not significant"
265.722486295951,0.416141669828186,0.103713117526926,4.01243044034566,6.00967904535154e-05,0.000531203369530421,"TGME49_260230","Not significant"
4622.56062208639,0.0746643248059338,0.0702855285182854,1.06230011184321,0.28809946365882,0.482062723965745,"TGME49_260240","Not significant"
500.873222365337,0.196564933688717,0.0756605061055963,2.59798597453708,0.00937723240357585,0.0382809507559633,"TGME49_260250","Not significant"
791.200404190568,-0.0911222043168712,0.177604440999565,-0.513062645303417,0.607907500409592,0.757106981823042,"TGME49_260260","Not significant"
148.992464643462,-0.595437923455008,0.1633097741382,-3.64606421506114,0.000266287459448427,0.00193343716092376,"TGME49_260270","Not significant"
30.0851032172143,-0.196813061340408,0.328110760830862,-0.59983726483711,0.548614695514721,0.716043220536522,"TGME49_260290","Not significant"
300.096354854282,-0.172860862855064,0.216089227373831,-0.799951320831081,0.423739001604028,0.612921657958726,"TGME49_260300","Not significant"
192.914135880608,0.692360906989672,0.264296622266236,2.61963585101072,0.00880237048587424,0.0362818085981487,"TGME49_260310","Not significant"
675.537247797552,0.295657989619249,0.173454136685209,1.70453121078236,0.0882818903231751,0.21315568055465,"TGME49_260320","Not significant"
53.169641032763,-0.0968718963734481,0.21143988711055,-0.458153367830732,0.646842259583276,0.785317835505743,"TGME49_260325","Not significant"
3.28456532913003,1.3662589887275,0.829361772161241,1.64736190476583,0.0994836806992448,0.232754133823047,"TGME49_260330","Not significant"
100.681041707046,0.0513882019748756,0.221635120442725,0.231859471875331,0.816647163529795,0.896217912796801,"TGME49_260340","Not significant"
416.671628753334,-0.0920235947948015,0.278608522354591,-0.330297128088857,0.74117546274254,0.845097989767574,"TGME49_260360","Not significant"
2261.80977631955,-0.185660275921357,0.094566488652429,-1.96327767443851,0.0496139181353992,0.136951928810952,"TGME49_260370","Not significant"
236.621930767258,-0.670447237705276,0.126516471364655,-5.2992881517606,1.1625503742039e-07,2.09156186792614e-06,"TGME49_260380","Not significant"
535.843471359268,-0.0928768590414338,0.189759457367895,-0.489445218329063,0.624526529415371,0.768678208535,"TGME49_260390","Not significant"
2693.629473529,0.340513417129342,0.0711270261225583,4.78739848538876,1.68957151225803e-06,2.29759122703717e-05,"TGME49_260400","Not significant"
101.548192685874,-0.370283957038665,0.181268255882699,-2.04274022076033,0.0410781610206178,0.118456597666547,"TGME49_260410","Not significant"
345.011698669284,-0.565538203085027,0.119793017385028,-4.72096133339164,2.34732563386404e-06,3.09877468418545e-05,"TGME49_260420","Not significant"
140.714356702087,-0.216067456756643,0.125526150340528,-1.72129437707198,0.0851974193202226,0.206813556391657,"TGME49_260430","Not significant"
1504.47688151915,0.579178806330413,0.349645180879345,1.65647587326615,0.0976254870499513,0.22993537215244,"TGME49_260440","Not significant"
233.613326399034,-0.41709339148959,0.0993335887012171,-4.19891596531516,2.68195820249866e-05,0.000263401981916898,"TGME49_260450","Not significant"
13.4669452630728,1.83501749402839,0.716433052795476,2.56132444876498,0.0104273925095198,0.0415867331870131,"TGME49_260460","Not significant"
2089.23372349571,-0.0803191002014497,0.136064453319045,-0.59030186240573,0.554988291004784,0.720100651245436,"TGME49_260470","Not significant"
292.308726923986,-0.595993582220297,0.124412529495215,-4.7904627020964,1.66397153029365e-06,2.27037189334698e-05,"TGME49_260480","Not significant"
349.720612110658,-0.125062089530149,0.0817476070186003,-1.52985627459032,0.126052308554923,0.27463130827075,"TGME49_260490","Not significant"
3772.22211241139,-0.414239999043958,0.129702559504638,-3.19376888648944,0.0014042849203769,0.00813365026531693,"TGME49_260500","Not significant"
882.062796764249,0.222309212486449,0.0958009041402333,2.32053355322235,0.0203120319941584,0.0701092717217726,"TGME49_260510","Not significant"
4720.70310844599,-0.121156645675206,0.185074003542585,-0.654638919330062,0.512700260000291,0.687319240738933,"TGME49_260520","Not significant"
124.803350537693,-0.357886359811295,0.183031504367887,-1.95532654909482,0.050544539496362,0.138673480156685,"TGME49_260530","Not significant"
1263.24716825514,-0.737211315258518,0.0542311228672262,-13.5938788703201,4.35381057888056e-42,1.18017292091522e-39,"TGME49_260540","Not significant"
575.349783502874,-0.807485347380402,0.154360765729296,-5.23115665801047,1.68452673969223e-07,2.95227832913302e-06,"TGME49_260550","Not significant"
1155.42516224426,-0.0991255637881598,0.113784858011171,-0.871166563994201,0.383663213523117,0.575211882811576,"TGME49_260570","Not significant"
231.831849962122,-1.11263926262417,0.151414709361213,-7.34829044891449,2.0075789026438e-13,8.87262588929315e-12,"TGME49_260580","Not significant"
1808.91712263308,-0.310669796698077,0.183601670451489,-1.69208589406686,0.0906295975939671,0.217275910269499,"TGME49_260600","Not significant"
263.13246417128,-0.164459509106729,0.119523731809001,-1.3759569469395,0.168834962820414,0.337836101785337,"TGME49_260610","Not significant"
2557.37423575659,0.52273003567787,0.17705934558133,2.95228717784772,0.00315429422932801,0.0157559709292969,"TGME49_260620","Not significant"
516.343309884521,0.170319717868061,0.0775678005276552,2.19575283441661,0.028109639241275,0.0890989174532875,"TGME49_260630","Not significant"
568.340180305199,0.0588611558906329,0.143868861835576,0.409130614781005,0.682443810251813,0.806164012923844,"TGME49_260640","Not significant"
50.2874002847052,0.13272690496853,0.202585079764668,0.655166239896402,0.512360727865695,0.687090606695883,"TGME49_260650","Not significant"
364.467739673323,0.0076652325981949,0.0846224562236575,0.090581542302857,0.927825098738611,0.95736614683396,"TGME49_260660","Not significant"
191.916488760459,0.0780398743226103,0.205618469663091,0.379537278195289,0.704288927324906,0.822648313272929,"TGME49_260670","Not significant"
752.991332170969,-0.593130394858705,0.12760705329704,-4.64810039518766,3.3500586295687e-06,4.16554690759215e-05,"TGME49_260680","Not significant"
113.167683346689,0.0703758177045663,0.154637862782219,0.455100817085648,0.64903671022974,0.786816715502124,"TGME49_260790","Not significant"
308.848708441045,-0.0334006666151593,0.168424502221369,-0.198312396205032,0.842800653527334,0.908490842322943,"TGME49_260800","Not significant"
141.563617998558,0.0209082059251683,0.267048285281308,0.0782937284287133,0.937594406139551,0.963421494911148,"TGME49_260810","Not significant"
2524.18622269393,-0.371132848967232,0.123465423011364,-3.00596588028594,0.00264738701950424,0.0136950071517866,"TGME49_260820","Not significant"
80.0837111142744,-0.0499602970938665,0.242449187047916,-0.206065022127679,0.836740120690532,0.905800141301305,"TGME49_260825","Not significant"
324.620283307129,0.594097839794905,0.0943887425230693,6.29415991689584,3.09069073552005e-10,9.17280914644126e-09,"TGME49_260830","Not significant"
48.4611545765415,-0.515995299737105,0.376463246353576,-1.3706392449596,0.170487442692548,0.340138342486702,"TGME49_260840","Not significant"
344.129734371214,0.0850365864308662,0.137140626536643,0.620068528038591,0.535212671234098,0.703828450383313,"TGME49_260870","Not significant"
24.6711122139272,0.878624999922949,0.359446116787238,2.44438584502228,0.0145098991581917,0.0538582568546389,"TGME49_260990","Not significant"
871.37266597775,-0.105251950032301,0.134120613727575,-0.784755952922259,0.43259666993874,0.620385462571469,"TGME49_261000","Not significant"
677.971068147032,-0.191179793458011,0.0867641891994981,-2.20344124945868,0.0275636635450973,0.0881083773383376,"TGME49_261010","Not significant"
6.10571771207703,0.12118300646948,0.602677450904792,0.201074399394816,0.840640399488232,0.908290218187296,"TGME49_261018","Not significant"
55.5317376168671,-0.0575858203913624,0.222340768152192,-0.258998027531977,0.795636762384137,0.880776391714377,"TGME49_261022","Not significant"
198.774274292866,0.353239133435663,0.150494062146456,2.34719648335296,0.018915277095107,0.0658451760113438,"TGME49_261030","Not significant"
415.120227730321,-0.166547060515916,0.100906856115279,-1.6505029185098,0.0988401168910744,0.23183945947677,"TGME49_261050","Not significant"
202.130735025725,0.287233013429288,0.102911137780679,2.7910780079162,0.00525328096654617,0.0237595555172155,"TGME49_261060","Not significant"
687.840658523956,-0.0983534129841275,0.146029506846344,-0.673517394588049,0.500618186262388,0.679060981928513,"TGME49_261070","Not significant"
36.1930042803115,0.457848849518367,0.273167892950252,1.6760712416585,0.0937242389950017,0.222878399901164,"TGME49_261075","Not significant"
1811.70440551936,0.0954677083791056,0.0668955484065902,1.42711601374211,0.153546457396109,0.316147789048012,"TGME49_261080","Not significant"
437.89576280592,-0.0574805404673279,0.192443304729271,-0.298688180127605,0.765177976487485,0.861593368152344,"TGME49_261200","Not significant"
1503.67640968921,-0.0381134417369533,0.0534513389721136,-0.713049335524367,0.475815228932979,0.658497182042714,"TGME49_261210","Not significant"
476.672920351717,0.166998899674648,0.135331680467862,1.23399708846671,0.217203989169601,0.40125007722108,"TGME49_261220","Not significant"
1219.36784881594,-0.165580710465716,0.0980447200879636,-1.6888284276518,0.0912523143444205,0.218639899896532,"TGME49_261230","Not significant"
31.5735084866824,0.284585103801567,0.276885422510257,1.02780818586079,0.304040064922476,0.498880913629857,"TGME49_261240","Not significant"
84.621213516767,0.548754266659479,0.28438292596689,1.92963155152068,0.0536525065421063,0.145143773519763,"TGME49_261250","Not significant"
262.231722911568,-0.0385717915855937,0.185834271617927,-0.207560162341298,0.835572412723567,0.905741783560123,"TGME49_261260","Not significant"
42.646879332096,0.0387680203008224,0.384559595760471,0.10081147558978,0.91970011704981,0.952723642188096,"TGME49_261300","Not significant"
758.993104544496,-0.108036513505726,0.331901099633508,-0.325508151750694,0.744796514065383,0.846615215596826,"TGME49_261370","Not significant"
1133.78077448538,0.458887863210926,0.16435535745758,2.79204688127897,0.0052375767006783,0.0237149074220022,"TGME49_261380","Not significant"
9165.17305029026,-0.00499373401690051,0.0889062744808227,-0.0561685218063847,0.955207557518995,0.973646008742099,"TGME49_261400","Not significant"
388.203709798585,0.222283201994676,0.108684151725939,2.04522185125198,0.0408329911537463,0.11791686223802,"TGME49_261410","Not significant"
311.197907481381,0.0178041051313382,0.271271318276834,0.0656320957351231,0.947670735492943,0.968878353159243,"TGME49_261430","Not significant"
4900.39998136929,0.334449855034534,0.0657190962104017,5.08908177866266,3.59801436312365e-07,5.78242150215841e-06,"TGME49_261440","Not significant"
158.591075633087,0.00349980079037206,0.151183555776417,0.0231493483031175,0.981531141964243,0.988534367505142,"TGME49_261450","Not significant"
1312.25969671063,0.0575032946413786,0.132147706520133,0.435144098642514,0.663457835875415,0.795722093187222,"TGME49_261460","Not significant"
3.23717032007088,-1.1564378070343,0.76458075510027,-1.51251231386623,0.130403582437145,0.279799982158012,"TGME49_261470","Not significant"
166.281092518184,0.446875597802918,0.12563080471461,3.55705432929499,0.000375036615240676,0.00261560699411422,"TGME49_261475","Not significant"
387.829376707838,-0.206053231138211,0.135303855219452,-1.52289253550099,0.127785593599645,0.276742597032546,"TGME49_261480","Not significant"
353.392094408074,0.39664138778535,0.0928949817403283,4.26978271973929,1.95663486278849e-05,0.00019790242169398,"TGME49_261490","Not significant"
500.176687777867,-0.183148009203065,0.189622184568722,-0.965857500374326,0.33411549119746,0.528810271393099,"TGME49_261500","Not significant"
313.899326999338,0.0531894108368572,0.313031051230101,0.1699173632387,0.865075125798041,0.920543172335733,"TGME49_261510","Not significant"
990.393658433243,-0.155901532700411,0.183297417759125,-0.85053861972723,0.395025698511867,0.587187995100345,"TGME49_261520","Not significant"
13.5900593279471,1.29685862183745,0.554389504162727,2.3392553648649,0.0193222212616138,0.0670915043977129,"TGME49_261530","Not significant"
214.438181365141,0.352254059755793,0.205763119477084,1.71193973269356,0.0869077754879749,0.210337509008396,"TGME49_261540","Not significant"
1.29134460403291,-0.11785348862462,1.21823990760657,-0.0967407879915558,0.922932247590107,0.954871166294999,"TGME49_261560","Not significant"
1331.60351360021,-0.113801324943614,0.17582256252358,-0.64725097456336,0.517469525267608,0.690256668546856,"TGME49_261570","Not significant"
135.744007021331,0.260865901251558,0.217422855139194,1.19980901310744,0.23021352292581,0.417319743297523,"TGME49_261590","Not significant"
1795.3566664681,0.0261536204496991,0.115959805432183,0.225540396107293,0.82155890324038,0.899181292214101,"TGME49_261600","Not significant"
168.747129524507,-0.313466879768389,0.177414058765737,-1.7668660643309,0.07725066150331,0.191291832930852,"TGME49_261610","Not significant"
471.256490541423,0.24157300378556,0.263486389121061,0.91683295137711,0.359230182733368,0.552223033268005,"TGME49_261620","Not significant"
8.90686547052892,1.72449337404844,0.565608124678355,3.04891902857497,0.00229666374099744,0.012206842837772,"TGME49_261630","Not significant"
11664.4498261064,-0.0345965631314237,0.141081704921913,-0.245223596855258,0.806283306437094,0.889405296791434,"TGME49_261650","Not significant"
116.188085809746,-0.213208524683304,0.147996686504096,-1.44063039328521,0.149689129181999,0.310212028162083,"TGME49_261660","Not significant"
89.0685331093079,-0.854769430734541,0.247765310825904,-3.44991567982315,0.00056076167522769,0.00370740970971673,"TGME49_261670","Not significant"
49.1126609225032,-1.3568475056702,0.332676757771844,-4.07857619738122,4.53123515666135e-05,0.000416832627759842,"TGME49_261680","Not significant"
432.423943976391,0.339996054641915,0.103610377717825,3.28148648939269,0.0010326147135699,0.0063327472479264,"TGME49_261690","Not significant"
23.0682192294097,0.722257727569962,0.31373715962299,2.30211087662641,0.021328920203992,0.0728767979406986,"TGME49_261700","Not significant"
3933.40484030999,-0.0931177927088511,0.110374659873783,-0.843651910822055,0.398863947244623,0.590812681055241,"TGME49_261710","Not significant"
1263.56388661116,-0.621677149886548,0.129618952801494,-4.79619019016932,1.61711749739692e-06,2.22135126500536e-05,"TGME49_261720","Not significant"
259.593374794708,-0.528972097865823,0.240331859830812,-2.20100696694232,0.0277355306314195,0.0885881127630415,"TGME49_261730","Not significant"
3548.98151317011,0.00491263867175655,0.302700236407338,0.0162293849851697,0.987051392720119,0.991862014157473,"TGME49_261740","Not significant"
6297.4604348062,-0.0569128238661844,0.1102778127564,-0.516085896552038,0.605794417761646,0.756266534423964,"TGME49_261750","Not significant"
1265.67679497925,-0.0300911787716028,0.150828099367719,-0.199506450706114,0.841866597848619,0.908393453790274,"TGME49_261760","Not significant"
5237.41550626266,0.140042448325073,0.08440032202159,1.65926438395875,0.0970625288036302,0.229184809590918,"TGME49_261780","Not significant"
498.770404116481,-0.150880510262221,0.169745657134952,-0.88886227081655,0.374077104493994,0.566265193965261,"TGME49_261790","Not significant"
76.4795136425669,0.242081082423983,0.206868069462524,1.17021966247835,0.241912582070211,0.430655235857039,"TGME49_261850","Not significant"
106.237843834471,-0.173266394654861,0.182715104683742,-0.948287198011156,0.342983266353664,0.538444000383784,"TGME49_261940","Not significant"
1403.98559890144,-0.336438142333622,0.215144526928507,-1.56377736927243,0.117869860723366,0.261890083989731,"TGME49_261950","Not significant"
193.58668088804,-0.573359473364189,0.138307775508944,-4.14553318679549,3.39023891437353e-05,0.000322072696865485,"TGME49_261955","Not significant"
148.066476628766,-0.246014718683507,0.167657203626927,-1.46736742210578,0.14227613173971,0.298959489795504,"TGME49_261960","Not significant"
5752.5309939523,0.116546524799508,0.0989607692367148,1.17770431352174,0.238914506664224,0.427000608394169,"TGME49_261970","Not significant"
1156.27128970198,-0.071669632194204,0.166236947331319,-0.431129380951412,0.666374298393535,0.797374307612747,"TGME49_261980","Not significant"
566.939009619298,0.0731099596869724,0.107780752847211,0.678321107949698,0.497568118084244,0.677759453310063,"TGME49_261990","Not significant"
283.065835204562,0.1528077429664,0.134012993626316,1.14024572417576,0.25418394294384,0.442679898642563,"TGME49_262000","Not significant"
1332.24459511004,0.0661872157398597,0.171979521780136,0.384855214474171,0.700344688588842,0.821107700058314,"TGME49_262010","Not significant"
182.722787841777,0.093296983062454,0.124166241714472,0.751387670064106,0.4524193809804,0.640284442417788,"TGME49_262030","Not significant"
181.472389348125,-0.388894566227177,0.199425518413501,-1.95007423985139,0.051167271079506,0.140004121271381,"TGME49_262040","Not significant"
132.143739819154,-1.93280477473659,0.166857570965512,-11.5835605394021,4.99283316364357e-31,9.66707602065465e-29,"TGME49_262050","Not significant"
1208.94108073897,-0.080910627792322,0.129041502712447,-0.627012442443587,0.530651079159052,0.70007374687239,"TGME49_262060","Not significant"
1375.54400660898,0.167682855876164,0.0802165080279995,2.09037840213182,0.0365838214507277,0.108260420683158,"TGME49_262070","Not significant"
554.702052735057,-0.332348987949574,0.0842924125425053,-3.94281024738714,8.05323713319053e-05,0.000687908869402368,"TGME49_262080","Not significant"
1957.21963333557,-0.285524053286785,0.133558648074103,-2.13781778569941,0.0325315349152453,0.0993046041975862,"TGME49_262100","Not significant"
12.6394238859625,0.565628385076303,0.454553431421034,1.24436060972639,0.213366873322067,0.396322387815223,"TGME49_262110","Not significant"
2272.87821406949,0.103292481787362,0.151505073305871,0.681775728914546,0.49538077369738,0.676139048624889,"TGME49_262120","Not significant"
1.39479681131613,-0.213001470614075,1.18642229844183,-0.179532592141785,0.857519528221035,0.916099422424259,"TGME49_262125","Not significant"
829.80904438296,0.119611923711915,0.114218097112968,1.04722392278706,0.294996314253716,0.48897473043441,"TGME49_262130","Not significant"
1087.13999639903,0.0567788759383322,0.0827304536067894,0.686311671977494,0.492516590211814,0.673407140165772,"TGME49_262140","Not significant"
162.106386768685,-0.603712859690288,0.157209332737043,-3.84018460723378,0.000122941825964511,0.000991828302324802,"TGME49_262150","Not significant"
515.140255657709,-0.12833975080581,0.0932345246382661,-1.37652603800734,0.168658831684703,0.337649832412606,"TGME49_262170","Not significant"
307.281212692621,-0.602812974160005,0.211977819970634,-2.8437549468313,0.00445853240509316,0.0207418681454334,"TGME49_262380","Not significant"
912.68857838606,0.0380555194864346,0.0682008272481116,0.557992051151964,0.576849812089549,0.736760541189754,"TGME49_262390","Not significant"
3436.54672661695,0.300938872992968,0.10953433299512,2.7474387688687,0.00600627228097199,0.0263446635322892,"TGME49_262400","Not significant"
377.971095867268,0.0354576291688965,0.142698571821033,0.248479215428772,0.803763649591587,0.887348085593101,"TGME49_262410","Not significant"
308.417503329067,0.173688762804343,0.160812803592262,1.08006799784877,0.280111901371503,0.472783308832101,"TGME49_262420","Not significant"
401.917555161352,-0.46639784027846,0.208752601255187,-2.23421331027304,0.0254690410647147,0.0834465116592506,"TGME49_262430","Not significant"
3.06187648228235,0.521541711423982,1.22524658111113,0.425662653921478,0.670353678857872,0.799276060324036,"TGME49_262440","Not significant"
622.02087734599,-0.125516354115541,0.200742745438849,-0.625259726527831,0.531800607716356,0.700908029489369,"TGME49_262450","Not significant"
171.442874507947,0.024744768903492,0.215812505091905,0.114658642662779,0.908715696035194,0.946919228289513,"TGME49_262460","Not significant"
53.108770934299,-0.0426620696239923,0.186768475241354,-0.228422219375414,0.819318017438065,0.898179309491284,"TGME49_262470","Not significant"
1104.85751865542,0.461538374143607,0.173441655013527,2.66105840668788,0.00778954436675171,0.0329919660366796,"TGME49_262480","Not significant"
818.750743462339,-0.899667852197595,0.119354799057885,-7.53776018475195,4.78112053441442e-14,2.23448690723322e-12,"TGME49_262490","Not significant"
571.537707735228,-0.685699947017695,0.11099736961926,-6.17762339206565,6.5073713279026e-10,1.83680824044696e-08,"TGME49_262500","Not significant"
170.1704139329,0.0332332506156702,0.298211189617793,0.111441997392063,0.911265858348417,0.947704344909789,"TGME49_262510","Not significant"
193.794775448285,0.307074419803695,0.167265876323433,1.83584617827202,0.0663804096336763,0.171366822584462,"TGME49_262520","Not significant"
447.713004153602,-0.0564298058112196,0.0849487076713472,-0.66428092148897,0.506510529518332,0.682170193117436,"TGME49_262530","Not significant"
120.832098433285,0.216944330690738,0.234049497964585,0.92691645390141,0.353969913542045,0.548909865927519,"TGME49_262540","Not significant"
125.741716102162,-0.428811081829114,0.195048372420852,-2.19848582434657,0.0279145036481985,0.0888431246886616,"TGME49_262550","Not significant"
15223.0399929396,0.111296653456703,0.194127971243966,0.573315904676269,0.566430818464011,0.728138724046084,"TGME49_262560","Not significant"
25.681919373919,0.71312091687964,0.351705551465025,2.02760779268096,0.042600293048564,0.121809276747863,"TGME49_262600","Not significant"
1184.76170955874,-0.120906391546999,0.103104574338244,-1.17265787985657,0.240933028614035,0.429475534565833,"TGME49_262610","Not significant"
12506.6121044889,0.17149136579192,0.0863718207876809,1.98550133860764,0.0470887213369479,0.131589512684557,"TGME49_262620","Not significant"
2337.532225496,-0.0597328300554187,0.110822494750622,-0.538995536870312,0.589889934154147,0.744592431228279,"TGME49_262630","Not significant"
2248.64058931319,0.105453256381323,0.155991735349906,0.676018227150178,0.499029072613277,0.678255792853663,"TGME49_262640","Not significant"
165.25639628686,-0.203963774343429,0.147232807701114,-1.3853147102749,0.165956257619604,0.334214038376082,"TGME49_262650","Not significant"
533.170848309745,-0.261772273525702,0.272855296695246,-0.959381315650533,0.337366684232157,0.532585848563121,"TGME49_262660","Not significant"
2328.57704801847,0.094946176774616,0.205915307043984,0.461093340449601,0.644731639426526,0.783466481144129,"TGME49_262670","Not significant"
197.444918767323,1.71871632379626e-05,0.10471805972024,0.000164127976433855,0.999869044822196,0.999907371899898,"TGME49_262680","Not significant"
3835.45979482266,0.159335660411071,0.149107115231588,1.06859863906291,0.285250562059071,0.478674694730575,"TGME49_262690","Not significant"
69.8028443142063,0.919602411533612,0.195241965990688,4.71006531237998,2.47637422149396e-06,3.24804438212724e-05,"TGME49_262700","Not significant"
3697.92259126012,-0.926938956846825,0.181142477911146,-5.11718161049728,3.10134971010138e-07,5.08471287148072e-06,"TGME49_262710","Not significant"
229.180704087367,0.338309644875928,0.170197432284784,1.98774823059521,0.0468395418541579,0.131217468048927,"TGME49_262720","Not significant"
1429.43188469606,-0.573465615597059,0.120494280672633,-4.75927664280671,1.94287992155202e-06,2.59860189507583e-05,"TGME49_262730","Not significant"
159.391908423667,0.202342825489875,0.116047690183924,1.74361786235627,0.0812257464822108,0.199555217641492,"TGME49_262740","Not significant"
97.0994283793584,-0.368739722708459,0.380675699198072,-0.968645289114181,0.332722198613608,0.526918066758582,"TGME49_262750","Not significant"
1387.45812024907,0.279593701827265,0.21831543364944,1.28068683534405,0.200303685618266,0.380398930432635,"TGME49_262760","Not significant"
460.825580006584,-0.350944746771485,0.12678318050998,-2.76807022319383,0.00563893040411223,0.0250031526969687,"TGME49_262780","Not significant"
36.5375100002703,-0.0278612366119627,0.257002062220254,-0.108408611087662,0.913671570734271,0.949153961830748,"TGME49_262810","Not significant"
86.1834883806833,0.441008755099236,0.151929282893678,2.90272386402204,0.00369932660310685,0.0179278450157717,"TGME49_262825","Not significant"
15.2183643131197,-0.316466275992975,0.351745459261454,-0.899702519706854,0.368278582121737,0.560574919728485,"TGME49_262840","Not significant"
289.587726932994,-0.263354572225559,0.0973158444888361,-2.70618390673032,0.00680613423650509,0.0293464918405405,"TGME49_262850","Not significant"
795.623673475759,0.150479215870037,0.100440743788158,1.49818898381933,0.134084156964746,0.285736992777075,"TGME49_262860","Not significant"
15.499685572674,-0.626684291453052,0.353552646253105,-1.77253458033635,0.0763058603164087,0.189761240395424,"TGME49_262870","Not significant"
299.69282645517,0.123985524689377,0.123550864844906,1.00351806395704,0.315610965704537,0.510270077164968,"TGME49_262880","Not significant"
223.40691034616,0.639152559128446,0.105160166971819,6.07789600885407,1.21769678162327e-09,3.11393403401272e-08,"TGME49_262890","Not significant"
99.9701111968114,0.574651977165315,0.282990437569249,2.03064097183388,0.0422914282806351,0.121181781105752,"TGME49_262900","Not significant"
148.929561520721,-0.582434021861896,0.161941214335657,-3.59657684580948,0.000322432360658049,0.00229197548677558,"TGME49_262910","Not significant"
3906.91643521178,-0.586375356000077,0.11623501332492,-5.04473943974989,4.54139806822307e-07,7.102047902075e-06,"TGME49_262920","Not significant"
807.600891824594,-0.141171309527643,0.120787966628202,-1.16875309245152,0.242503124286209,0.431296013359783,"TGME49_262930","Not significant"
1546.76867374981,-0.246193081959364,0.24705060846427,-0.996528943967241,0.31899321106218,0.513048542309433,"TGME49_262933","Not significant"
693.077942159665,-0.606112264438478,0.100762362544831,-6.01526452070643,1.79593193312252e-09,4.37714274895804e-08,"TGME49_262935","Not significant"
4.11676146575529,0.727701858468957,0.748979945304482,0.971590578667798,0.331254271386819,0.525919510917144,"TGME49_262940","Not significant"
1513.46461316599,-0.352962724713053,0.24645376820878,-1.43216607024667,0.152096299514503,0.313888091721352,"TGME49_262950","Not significant"
1760.35450068897,-0.185070122963755,0.347375043611785,-0.53276746953239,0.594194555032508,0.746830003326794,"TGME49_262960","Not significant"
54052.3035948553,-0.439773196307771,0.0634752147048251,-6.92826638480581,4.26028972272735e-12,1.54663732255441e-10,"TGME49_262970","Not significant"
196.805591026676,0.238710370904484,0.118854523062626,2.008424793213,0.0445981704493889,0.12663139737934,"TGME49_262980","Not significant"
240.397285119742,-0.283394026267038,0.172322639441917,-1.64455481406759,0.100061651665109,0.233956685261835,"TGME49_262990","Not significant"
233.303266447487,-0.0977662631449066,0.122418822277945,-0.798621170549522,0.424510108166969,0.613818669917104,"TGME49_263000","Not significant"
2.33378825393251,1.9444696127842,1.11801844179136,1.73921067855432,0.0819977118065818,0.200724079593956,"TGME49_263010","Not significant"
3.22334036306295,0.321720849520335,0.779473055754886,0.412741463152645,0.679796043015533,0.805489441475498,"TGME49_263020","Not significant"
1128.52941788226,0.176774690428271,0.203705223903752,0.867796549546488,0.385505719289301,0.577123068715131,"TGME49_263040","Not significant"
3030.70716399977,0.226596656738941,0.172189160412114,1.31597515312003,0.188182382385399,0.362699442012048,"TGME49_263050","Not significant"
943.142285393809,-0.267300525058776,0.071093028009525,-3.75986974451226,0.000170001848506946,0.00130420286043253,"TGME49_263060","Not significant"
2199.77918508612,-0.0422490241049233,0.0802866448323171,-0.526227297119746,0.598730290078,0.749945407879679,"TGME49_263070","Not significant"
2316.67271053479,0.121984461300409,0.0546502278058049,2.2320942875823,0.02560873190749,0.0838366376295122,"TGME49_263080","Not significant"
572.381767015195,-0.0885745981526855,0.0964658448890251,-0.918196468963521,0.358516016958121,0.551750993547207,"TGME49_263085","Not significant"
9189.30642748291,-0.054842042966259,0.0638334320210979,-0.859142947979563,0.390261654948541,0.581941238394829,"TGME49_263090","Not significant"
156.330008248499,-0.318507601005272,0.125234380194688,-2.54329202979345,0.0109813406941385,0.0432237475918366,"TGME49_263100","Not significant"
179.911307954827,0.212384239589787,0.214924436288815,0.988180977729242,0.323064022556147,0.518176850379998,"TGME49_263110","Not significant"
350.001634815948,0.182540490995045,0.218873555518369,0.833999751878317,0.404281123666226,0.59579813295646,"TGME49_263120","Not significant"
583.050784980857,0.0313288980123713,0.32839872518423,0.0953989635459026,0.923997939295583,0.955471761948518,"TGME49_263130","Not significant"
434.153448552578,-0.0798157522569117,0.121605112180777,-0.656351947920236,0.511597700434076,0.686507006148571,"TGME49_263140","Not significant"
106.635500452896,-0.451989216115365,0.357296683116476,-1.26502494278129,0.205862386713767,0.387158401655032,"TGME49_263150","Not significant"
30.1486782377777,1.14841772523444,0.294920600522897,3.89398951174753,9.86089149615403e-05,0.00082208536278703,"TGME49_263160","Not significant"
112.792362810312,-0.520068598613324,0.167673014498639,-3.10168335774476,0.00192423662864608,0.0105872072152571,"TGME49_263170","Not significant"
2899.15894069756,-0.152951882567349,0.0993359255595099,-1.53974387117095,0.123622798439182,0.270970511295802,"TGME49_263180","Not significant"
171.671719853707,0.0926229564782474,0.130794668014866,0.708155446120477,0.478848730669588,0.660895770163797,"TGME49_263190","Not significant"
304.79394359455,-0.110538833978297,0.106979752168252,-1.03326874233591,0.301478150847926,0.49567738024572,"TGME49_263200","Not significant"
156.890782232029,-0.613105756842143,0.196610571215382,-3.11837635714156,0.00181850424802086,0.0100808432444294,"TGME49_263210","Not significant"
1.05493041432086,0.845055652073574,1.50208252085168,0.562589365326231,0.573714535294349,0.734040490267032,"TGME49_263215","Not significant"
1255.46976550603,-0.418770348272355,0.147130880497957,-2.84624374471931,0.00442383187593015,0.0206407964868999,"TGME49_263220","Not significant"
374.421121511399,-0.724982586955373,0.192090377019783,-3.7741744183297,0.000160538417267919,0.00123861329148265,"TGME49_263230","Not significant"
1322.95069583132,0.18693085746056,0.0820973852111619,2.27694045285069,0.0227897817764299,0.0766445431786303,"TGME49_263240","Not significant"
704.175295430244,-0.558962342033054,0.157393750246094,-3.55136300621266,0.000383241443125886,0.0026682529242292,"TGME49_263260","Not significant"
13716.6748743717,-0.379697586243791,0.0695548893123552,-5.45896327343222,4.78922804749605e-08,9.40724697638596e-07,"TGME49_263270","Not significant"
288.045036222562,0.0838535657335601,0.0970402538167989,0.86411115424189,0.387526832113644,0.578869985074973,"TGME49_263280","Not significant"
853.936684949989,0.279808381885186,0.0585781250098208,4.77667016208313,1.78221746048315e-06,2.40747381871245e-05,"TGME49_263290","Not significant"
3861.90106279743,-0.00362558194018041,0.0496243458339788,-0.0730605487941344,0.941757935223859,0.965747229412412,"TGME49_263300","Not significant"
801.741295323688,-0.244967184825042,0.36568761876194,-0.669880992018256,0.502933657742177,0.679152524868712,"TGME49_263310","Not significant"
5386.53695688769,0.0919711273013206,0.335871671683259,0.273828176220986,0.784216669406814,0.872878449988532,"TGME49_263320","Not significant"
92.3130569099465,0.141505043199181,0.149519983609286,0.9463955237512,0.343946887651439,0.539332065249036,"TGME49_263323","Not significant"
169.26761779202,0.275186128823483,0.195325586977813,1.40885857854733,0.158876989703815,0.324131379897497,"TGME49_263330","Not significant"
1.40909396444137,-0.0920165888149408,1.34434603160744,-0.0684471011566245,0.945429728417006,0.968123476247961,"TGME49_263335","Not significant"
111.023043687458,-0.325582756203184,0.203963002858312,-1.59628340258041,0.110425533991152,0.25055257879912,"TGME49_263340","Not significant"
269.039625873108,-0.492044554069925,0.0966760484303526,-5.08962211487578,3.58777756112592e-07,5.78242150215841e-06,"TGME49_263360","Not significant"
430.633974262767,-0.201017542585462,0.121920651262143,-1.64875712608565,0.0991974016484453,0.232336771372453,"TGME49_263390","Not significant"
798.319909796984,-0.363359206209446,0.171905035015154,-2.1137205561048,0.0345391417385885,0.103872892240459,"TGME49_263400","Not significant"
26.9237881937608,-0.683506909886187,0.281498732927984,-2.42809941905156,0.0151781819245069,0.0553493163273948,"TGME49_263410","Not significant"
819.702833466675,-0.221918963238462,0.149719509109621,-1.48223143769445,0.138278724280149,0.292681568413891,"TGME49_263420","Not significant"
76.6897457157562,-0.753810118642498,0.168331404448957,-4.47813122637538,7.52993110470929e-06,8.64878527450508e-05,"TGME49_263430","Not significant"
96.946959025085,-0.248985173376326,0.190160520530986,-1.30934208994108,0.190418498223747,0.365725844958789,"TGME49_263440","Not significant"
126.549018389844,-0.0207711663729778,0.192598898758115,-0.10784675565079,0.914117253505396,0.949374394062054,"TGME49_263450","Not significant"
7.54293809622454,0.747693268680931,0.549060718749483,1.36176791226997,0.173271141115672,0.34385836645968,"TGME49_263460","Not significant"
357.096026882428,0.0202504192354449,0.141159958912852,0.143457248014268,0.885929073091426,0.932243170597758,"TGME49_263470","Not significant"
215.401211096453,-0.591978581034026,0.225030690554865,-2.63065708759266,0.008521997513632,0.0353575937657426,"TGME49_263480","Not significant"
397.314931690914,0.104445177768458,0.241782625977393,0.431979664983139,0.665756192730682,0.797103851484968,"TGME49_263490","Not significant"
175.707470713922,-0.242091760785795,0.134582725186148,-1.79883235720592,0.0720452032382633,0.182060780837028,"TGME49_263500","Not significant"
2.68277074720536,2.38677259193175,1.02224808500807,2.33482715882311,0.0195524518091181,0.0677174353116476,"TGME49_263505","Not significant"
236.837166753352,-0.421867463813062,0.190589613728076,-2.21348611585394,0.0268641494069433,0.0867590401021696,"TGME49_263510","Not significant"
672.000335778634,-1.3961691431514,0.105718199694325,-13.2065164483344,8.04628135285852e-40,2.04476124879517e-37,"TGME49_263520","Not significant"
60.0665000161726,0.280926724599626,0.268911916459011,1.04467934444417,0.296171194493092,0.490016429072044,"TGME49_263530","Not significant"
226.103251958162,-0.440761667824496,0.192031414393635,-2.29525814417532,0.0217183347861824,0.0740828433226657,"TGME49_263540","Not significant"
1385.13563096665,0.182887650870719,0.10001728423027,1.82856045610733,0.0674654811816709,0.173237792776394,"TGME49_263550","Not significant"
2402.58091512139,0.041739959555394,0.112122526751249,0.372270950047323,0.709691125291655,0.825546251798792,"TGME49_263560","Not significant"
2894.14580681844,-0.305523593535497,0.0735452195051376,-4.15422777430359,3.26387930157184e-05,0.000312257252710378,"TGME49_263570","Not significant"
333.855880655634,-0.201141332678866,0.185115417934466,-1.08657255523726,0.277225759520731,0.469666640921372,"TGME49_263580","Not significant"
218.189816910813,-0.244250529598299,0.118775414765742,-2.05640645482087,0.0397433546442961,0.115343668796365,"TGME49_263590","Not significant"
538.499440080349,0.5679481236525,0.190160104006764,2.98668391363679,0.00282021147226608,0.0144057535756707,"TGME49_263595","Not significant"
348.231607157815,0.575914662472942,0.1435908647796,4.01080293900955,6.05126021706125e-05,0.00053371852586922,"TGME49_263610","Not significant"
1960.9415520765,0.0547470073874564,0.19366040491955,0.282695925427809,0.777409939937132,0.868869932870912,"TGME49_263630","Not significant"
1.05157458064627,0.0673318758098201,1.42405864223947,0.0472816735299145,0.962288734149984,0.976701446094318,"TGME49_263637","Not significant"
463.004145357872,-0.0562819673402412,0.257251087578914,-0.218782232836922,0.826819687745011,0.902326505350217,"TGME49_263650","Not significant"
74.6142610689505,-0.633740790636154,0.18460307272699,-3.43299156007764,0.00059696068022646,0.0039149066545174,"TGME49_263660","Not significant"
117.636883797215,0.0665181238240796,0.289029378844358,0.230143122785796,0.817980556959858,0.897196909791957,"TGME49_263670","Not significant"
38.595189127356,-0.0166076828660993,0.307408239471167,-0.0540248462262085,0.95691536871916,0.973923806030761,"TGME49_263680","Not significant"
253.528172303865,0.137640972113237,0.120748457944242,1.13989838426587,0.254328638275708,0.442679898642563,"TGME49_263690","Not significant"
2108.00833738163,0.251486912803294,0.214430158559387,1.17281502981141,0.240869989604902,0.429475534565833,"TGME49_263700","Not significant"
1036.65603649818,-0.0534679468779878,0.139771420342717,-0.382538481378278,0.702061991295422,0.822085254071545,"TGME49_263710","Not significant"
39.0544360430338,-0.431373104729442,0.233005198827404,-1.85134540731419,0.0641198775568106,0.166908720964143,"TGME49_263720","Not significant"
507.229181519468,-0.346038443772743,0.118558365694299,-2.91871806553911,0.00351473948171693,0.0172722847963405,"TGME49_263730","Not significant"
200.366518060822,0.144389178951529,0.17228739449632,0.838071638227794,0.401990470582536,0.593282487618364,"TGME49_263740","Not significant"
1465.53322320903,-0.354208766269638,0.178211568928999,-1.98757447902138,0.0468587711773346,0.131217468048927,"TGME49_263750","Not significant"
335.395843528256,-0.244095765109008,0.342189071610669,-0.713335946002191,0.475637899208811,0.658497182042714,"TGME49_263760","Not significant"
100.214809636342,0.0405314695511459,0.14951594220879,0.27108460109589,0.786325964842999,0.874747297688546,"TGME49_263785","Not significant"
90.2390799081347,0.302831052903113,0.307654367540454,0.984322294281399,0.324957071136893,0.520187185528585,"TGME49_263800","Not significant"
1320.16224879578,0.22656437455946,0.0661054509833586,3.42731758408993,0.000609575701621716,0.00398478264114775,"TGME49_263810","Not significant"
262.038032976633,-0.831334107536928,0.115638043611447,-7.18910560550712,6.52171174525574e-13,2.65172799562098e-11,"TGME49_263820","Not significant"
1.87104409456963,0.704062977323256,1.29660558945305,0.543004737177058,0.587126540812422,0.743143061414128,"TGME49_263830","Not significant"
256.914733010901,-0.411624040132206,0.165806241178314,-2.48256059124777,0.0130441881756669,0.0496142835568397,"TGME49_263840","Not significant"
1444.81616257302,0.232566630470315,0.0817147289117768,2.84607969172125,0.00442611165816351,0.0206407964868999,"TGME49_263850","Not significant"
134.832266539407,-0.0884233265998517,0.212676496769734,-0.415764449494333,0.677582375224806,0.803978810152368,"TGME49_263860","Not significant"
530.607611399871,-0.0346854491723399,0.0815134550449617,-0.425518083526307,0.670459041867099,0.799276060324036,"TGME49_263870","Not significant"
391.711376353418,0.436774143204784,0.095288103761173,4.58372163958158,4.56772226610093e-06,5.52748771844238e-05,"TGME49_263980","Not significant"
239.183283112089,-0.0582835828201544,0.14135653970046,-0.412316140050256,0.68010772012801,0.805489441475498,"TGME49_263990","Not significant"
1387.25529998733,-0.122241927337843,0.0909749067945116,-1.34368840425367,0.179049168593023,0.350850081686377,"TGME49_264000","Not significant"
310.290941726491,0.0906835436807534,0.121756646568806,0.744793374622935,0.456396640753148,0.643449632906484,"TGME49_264010","Not significant"
399.813821905129,-0.256914869822152,0.179114239111113,-1.43436318126989,0.151468648865179,0.313261464987706,"TGME49_264020","Not significant"
1794.01323443474,0.262372810948924,0.0805411471030084,3.25762446136211,0.00112348978386345,0.00676756957213152,"TGME49_264030","Not significant"
3435.52411977536,0.114098974584252,0.0772553397203116,1.47690729206973,0.139700489982814,0.295229829662225,"TGME49_264040","Not significant"
1115.92040459839,0.10182655547667,0.0711103472910249,1.43195131729475,0.152157754250562,0.313888091721352,"TGME49_264050","Not significant"
1063.1955361372,-0.0698075832663793,0.0853969143134313,-0.817448543985621,0.413672143679288,0.605374458170869,"TGME49_264060","Not significant"
50.6396652314701,0.188229970801149,0.232503834642858,0.809577919823484,0.418182802638415,0.608357238346,"TGME49_264070","Not significant"
435.019604974288,-0.22227870747288,0.148872907280099,-1.49307695761372,0.135417043404385,0.287973691674806,"TGME49_264080","Not significant"
123.962112598387,0.0260967373907228,0.16615889465839,0.157058925099229,0.875198408775166,0.926466214548249,"TGME49_264090","Not significant"
193.527698631523,0.29620546228661,0.125514040373293,2.35993886744193,0.0182779468233982,0.0641780067218802,"TGME49_264110","Not significant"
161.159552356577,0.205409770172633,0.134439010520742,1.52790301994182,0.126536618305627,0.275132561513732,"TGME49_264120","Not significant"
389.419353548739,0.000516977636767315,0.133802866858373,0.00386372615853233,0.99691720022114,0.998636446439802,"TGME49_264130","Not significant"
1520.78056258373,0.14480132411878,0.0875935850725827,1.65310420847364,0.0983096569893306,0.231189742810074,"TGME49_264140","Not significant"
2121.38335340804,-0.0811368764219015,0.0520010889040246,-1.56029187334233,0.118690922961611,0.263282756553143,"TGME49_264150","Not significant"
207.90009983788,0.202839489603986,0.25659559360834,0.790502622245318,0.42923429141854,0.61713812903387,"TGME49_264160","Not significant"
1328.79159006861,0.179103928795232,0.0610366748088695,2.93436576215987,0.00334230091500344,0.0165527351040244,"TGME49_264170","Not significant"
5.46869993808435,0.216664280444207,0.574931970231711,0.376852030609615,0.706283571599497,0.823572008342,"TGME49_264175","Not significant"
2.82201991877226,0.779262240982433,0.955171288258742,0.81583507645316,0.414594468606391,0.606025268436539,"TGME49_264178","Not significant"
324.867043529027,0.0824476808163539,0.14896954468286,0.553453264503667,0.579953074461319,0.738056087874717,"TGME49_264190","Not significant"
137.410571323857,-0.234424421569213,0.14942311493645,-1.56886316865308,0.11667982557634,0.260368265823287,"TGME49_264200","Not significant"
128.977175764688,0.0959050558428583,0.249907208734932,0.38376266266325,0.701154363865977,0.821583182558808,"TGME49_264210","Not significant"
326.437762711981,-0.1496616856136,0.165116391481863,-0.906401140858503,0.364723569174328,0.557509927446271,"TGME49_264220","Not significant"
30.0292152116987,-0.304582968714776,0.387411431492919,-0.7862002614147,0.431750172970787,0.619567785003757,"TGME49_264225","Not significant"
132.005236666165,0.385892336633783,0.139019119609636,2.77582204316474,0.00550623376303939,0.0246242782773832,"TGME49_267960","Not significant"
84.1705297386987,0.00668616952584051,0.169795418382655,0.0393777970544082,0.968589181561142,0.981822372220113,"TGME49_267970","Not significant"
1400.80480491282,-0.231754028521898,0.19026915442365,-1.21803257718736,0.223211593279727,0.40808378519576,"TGME49_267980","Not significant"
2.14220933490521,-0.294674841103262,1.02549852786082,-0.287347892851638,0.773845954916701,0.866254711408282,"TGME49_267990","Not significant"
353.862243777355,-0.626335213216594,0.143750788481913,-4.35709062768307,1.31802703275167e-05,0.000139924227550086,"TGME49_268000","Not significant"
285.155497595627,-0.074241897670068,0.0981720169575396,-0.756242969951187,0.449503534039216,0.637001124717281,"TGME49_268010","Not significant"
6.45750604043588,0.172704831593504,0.566091068055438,0.30508312414601,0.760302843877039,0.858243021433659,"TGME49_268020","Not significant"
295.315679714156,0.456023826787329,0.188408515186321,2.42039923904903,0.0155034752371803,0.05623294408062,"TGME49_268035","Not significant"
352.120962538159,0.113425297393156,0.187925768866901,0.603564365212145,0.546133310458487,0.714012231615501,"TGME49_268176","Not significant"
147.282514508893,0.140543051011241,0.187692744636223,0.748793200736844,0.453981858463312,0.64093410989994,"TGME49_268178","Not significant"
48.5152357190722,-1.78516823749953,0.246341367471839,-7.24672537065301,4.26968459492946e-13,1.78974614051373e-11,"TGME49_268182","Not significant"
992.852623685425,-0.19316915526869,0.110450005128273,-1.74892844092085,0.0803033896564418,0.19809331163952,"TGME49_268200","Not significant"
236.636996952562,0.135318508020481,0.108398050139782,1.24834817458418,0.211903579244451,0.394324921376631,"TGME49_268210","Not significant"
138.842937365158,-0.663595222402215,0.319815322471073,-2.07493254943167,0.0379927865196727,0.111215745132462,"TGME49_268220","Not significant"
9.20346417617163,-1.92366209573503,0.699593013348373,-2.74968740257718,0.00596521416276305,0.0261928302222404,"TGME49_268225","Not significant"
1.63072662481244,-3.53906611339433,1.3446294246097,-2.63200109161793,0.00848835901443764,0.0352540017902998,"TGME49_268230","Down in 120DPI"
9.60369478204454,-1.7171409137605,0.596319260811102,-2.87956641116182,0.00398222417808151,0.0190043703146472,"TGME49_268240","Not significant"
241.138021839437,0.460778191753601,0.265355775873142,1.73645435166214,0.0824835290922173,0.201670492657219,"TGME49_268250","Not significant"
383.851389639257,0.49331418413131,0.116969125980599,4.21747345716793,2.47054890081129e-05,0.000244410020211647,"TGME49_268260","Not significant"
1648.97846663849,-0.172017127406117,0.0531099769767086,-3.2388853695334,0.00119997790754593,0.00713320200596745,"TGME49_268280","Not significant"
232.155341268456,0.128728621708755,0.12725316977871,1.01159461829211,0.311731920134729,0.507258577440863,"TGME49_268290","Not significant"
155.72568475386,0.122414642816297,0.133983529785622,0.913654409703676,0.360898466777994,0.553740817328047,"TGME49_268300","Not significant"
18.2628406833537,0.563915486030211,0.338289329686164,1.66696208406385,0.0955219444584553,0.225940794745829,"TGME49_268310","Not significant"
363.686765037478,-0.140615615344803,0.126901633278344,-1.1080678137245,0.267832530072605,0.45872243777389,"TGME49_268320","Not significant"
482.460174359998,0.198795018676293,0.155724856093399,1.27657859935387,0.201751061265036,0.382077231068299,"TGME49_268330","Not significant"
219.835282078169,-0.733213706723898,0.267989419101228,-2.73598005914905,0.0062194794759445,0.0272211017752318,"TGME49_268340","Not significant"
270.304797933172,-0.55240767799732,0.2887683364957,-1.9129787036244,0.0557507788500979,0.149823309190018,"TGME49_268350","Not significant"
59.6641629687005,-2.55590897483535,0.543851436409903,-4.69964553501511,2.60613443139638e-06,3.38547686838903e-05,"TGME49_268360","Down in 120DPI"
906.500545447103,0.603579579248715,0.174775856161886,3.45344942089512,0.000553466082030228,0.00367111433855613,"TGME49_268370","Not significant"
516.338700866031,-0.13349816188067,0.108643128170172,-1.22877685988172,0.219155479757626,0.403206416603849,"TGME49_268380","Not significant"
232.306099257565,0.43225472735596,0.141008556559946,3.06545033791761,0.00217342468829672,0.0117135308334515,"TGME49_268390","Not significant"
211.729104893639,0.101871374476275,0.126434502174355,0.805724487575335,0.420401726747791,0.610701472296005,"TGME49_268400","Not significant"
704.95479402577,-0.692201511216404,0.156580771086433,-4.42073127123833,9.83674429913229e-06,0.000109279241312218,"TGME49_268430","Not significant"
373.920438969899,-0.362605704480534,0.10384934452494,-3.49165135455864,0.000480044401244052,0.00324450036684126,"TGME49_268560","Not significant"
2484.24963388125,0.184887983603136,0.0530639872099038,3.48424597028074,0.000493525705352304,0.00332231046020276,"TGME49_268570","Not significant"
422.379977637224,-0.101185779088307,0.124700242636329,-0.811432094670424,0.417117574292519,0.608103283281958,"TGME49_268580","Not significant"
2732.33769936569,0.19909108227402,0.0872122830678139,2.28283305138581,0.0224402042785763,0.0759083782002423,"TGME49_268590","Not significant"
478.900461774526,-0.420857506910499,0.147387530781721,-2.85544852185484,0.00429760891766999,0.0201546457430752,"TGME49_268600","Not significant"
5157.87144506598,0.373754305809753,0.117750528197606,3.17411999360655,0.00150291544625967,0.00860683690773495,"TGME49_268610","Not significant"
2.49036388356525,0.551319544470529,1.12649766284401,0.489410286993976,0.624551254620272,0.768678208535,"TGME49_268620","Not significant"
326.979250365298,0.202734886385567,0.190535644136466,1.06402603725088,0.287316904551699,0.480951228450888,"TGME49_268630","Not significant"
326.008709634144,-0.178760443679478,0.201366579858736,-0.887736404943081,0.374682558417371,0.566763125939371,"TGME49_268640","Not significant"
1591.53620757285,-0.192760914552355,0.116484274295252,-1.65482350058485,0.0979603054934392,0.230501505865928,"TGME49_268650","Not significant"
374.552695931911,-0.0218894908654299,0.0898833777122897,-0.243532134890353,0.807593194240868,0.889884533274625,"TGME49_268660","Not significant"
112.910984585985,0.538550001054273,0.208577742079337,2.58201088805259,0.00982264859136234,0.0397395257412812,"TGME49_268670","Not significant"
4806.21544080222,-0.226429725969444,0.136709006213746,-1.65628975179161,0.0976631548714373,0.22993537215244,"TGME49_268680","Not significant"
430.181770654667,0.205289319027748,0.0951714151111675,2.15704808831469,0.0310019177587449,0.0954230110575752,"TGME49_268685","Not significant"
211.088841429088,-0.0428234876440894,0.171443228270965,-0.249782321973121,0.802755691518795,0.886716827415219,"TGME49_268690","Not significant"
185.52895550931,-0.10844729382694,0.211165566230719,-0.513565235860712,0.607555990158024,0.757106981823042,"TGME49_268710","Not significant"
1837.13209999197,-0.0150210593741855,0.194711844975682,-0.0771450723815056,0.938508137236447,0.963873222026621,"TGME49_268720","Not significant"
403.121243669696,-0.0499996371815902,0.361259471809295,-0.138403671275876,0.889921395683279,0.935234012625539,"TGME49_268730","Not significant"
547.283371867902,0.348383063495809,0.473416801174272,0.735890789324911,0.461797163065271,0.647248281635088,"TGME49_268740","Not significant"
693.620483215708,0.0725818008192604,0.176525645448841,0.411168590460107,0.680948917963692,0.805489441475498,"TGME49_268750","Not significant"
4215.84077187268,-0.170682679912198,0.113170509444605,-1.50819043538674,0.131505794523412,0.281718946539617,"TGME49_268760","Not significant"
1.38900238010413,-0.258387707973223,1.26103880904394,-0.204900678805532,0.837649724861056,0.906543460549655,"TGME49_268765","Not significant"
194.96764733456,-0.290852565282654,0.222294867997993,-1.308408817091,0.190734683639032,0.366160162264544,"TGME49_268770","Not significant"
481.150911923074,0.422182688023915,0.142499163872394,2.96270291383585,0.00304950738748671,0.015288898936524,"TGME49_268780","Not significant"
26238.1379695621,-0.0332723789518809,0.100049932583399,-0.332557734850505,0.739468151701039,0.844163078702492,"TGME49_268790","Not significant"
545.579414601143,0.0650569239261183,0.079474493542736,0.818588719802726,0.41302110494286,0.605037070951988,"TGME49_268810","Not significant"
40.0823188967294,0.21432663512239,0.416322956515014,0.514808592148005,0.606686780643924,0.756915756397114,"TGME49_268820","Not significant"
1176.72979975157,-0.292245470785733,0.0664042985750299,-4.4010023004087,1.07751982158986e-05,0.000117774075123235,"TGME49_268830","Not significant"
999.811766224633,0.404380897419756,0.0861580954924391,4.6934753502675,2.68602368882079e-06,3.45613048061561e-05,"TGME49_268840","Not significant"
547.751537762787,0.0522724020038185,0.10523089425293,0.496740072151985,0.619372360246214,0.767327244595096,"TGME49_268850","Not significant"
64003.5512282015,0.0176270976976985,0.112653097912839,0.156472374255849,0.875660693159737,0.926473166377177,"TGME49_268860","Not significant"
2257.92156411567,-0.75158224809529,0.191282183917866,-3.92918061003533,8.52358046104685e-05,0.000723525639971117,"TGME49_268870","Not significant"
3360.72932913318,-0.172105540769719,0.118764129819799,-1.44913738711221,0.147299218897428,0.307295343271905,"TGME49_268880","Not significant"
1654.05241826509,0.0743912238475315,0.0875381972891557,0.849814437025735,0.395428261785984,0.587221078313299,"TGME49_268890","Not significant"
493.002800370929,-0.120889089963985,0.198400350301955,-0.60931893406437,0.54231305933308,0.710159387841643,"TGME49_268900","Not significant"
458.769151772056,0.216875547099773,0.133557001601183,1.62384258780674,0.104409408220278,0.240480730736349,"TGME49_268910","Not significant"
631.292491238174,0.292145201076802,0.210696326996044,1.38656997605035,0.16557292877575,0.333607298514469,"TGME49_268920","Not significant"
25.2575586583123,-0.844861331444264,0.336238148766573,-2.51268731565255,0.0119815478888347,0.0465745446615695,"TGME49_268930","Not significant"
1.2731638745018,-1.25885780602391,1.20694867275523,-1.04300856734046,0.296944324859562,0.490803099544301,"TGME49_268940","Not significant"
1597.64857474026,-0.207623167902303,0.224071940988061,-0.926591553528627,0.354138642013506,0.548962149609956,"TGME49_268950","Not significant"
1491.6236223443,0.137246663625377,0.174935300245222,0.78455671001214,0.432713519885068,0.620385462571469,"TGME49_268960","Not significant"
858.465447267568,0.586196141058808,0.156342844555042,3.74942737371286,0.000177238815364525,0.0013546109460003,"TGME49_268970","Not significant"
7409.85975257488,0.465499400522256,0.15285554425494,3.04535502975196,0.00232405789007661,0.0123041919024108,"TGME49_268980","Not significant"
79.6754201652165,0.128175657318061,0.16652540119339,0.769706341492052,0.44147410752496,0.628513207701851,"TGME49_268985","Not significant"
307.620201479758,0.257703815702733,0.166932680196055,1.54375892964799,0.122646744282905,0.269557655272591,"TGME49_268990","Not significant"
127.263626594172,-0.304867123887938,0.13202261347656,-2.30920382394995,0.0209322734798142,0.0717022948348143,"TGME49_269000","Not significant"
9325.85626760311,0.347482330639228,0.249618094554112,1.39205585740861,0.163905483984638,0.331232454215477,"TGME49_269010","Not significant"
1.21769598186152,0.986765938778853,1.72594815046003,0.571723975900344,0.567508988705028,0.728688974271859,"TGME49_269015","Not significant"
444.140388018495,0.0666551843543672,0.153153643498097,0.435217751481018,0.663404378740778,0.795722093187222,"TGME49_269020","Not significant"
21.2692920035072,-0.306079160923978,0.29953761113698,-1.0218388260565,0.306857189746785,0.50188307864458,"TGME49_269035","Not significant"
18.0236330179392,-0.0411762106888734,0.325313381839777,-0.126573983695369,0.899277589297901,0.940932238313244,"TGME49_269050","Not significant"
444.968425958268,0.00376981875096176,0.0970773891822652,0.0388331287307679,0.969023431839151,0.981822372220113,"TGME49_269060","Not significant"
109.09205539505,0.0569760506869361,0.224794673383218,0.253458188441176,0.799914167251357,0.884228491135165,"TGME49_269075","Not significant"
39.198114183605,-1.02749840902951,0.357060470109468,-2.87765937437571,0.00400637478603247,0.0190302802336542,"TGME49_269100","Not significant"
833.187918638295,-0.0899534576901373,0.197816499308503,-0.454731824719288,0.649302182441075,0.786903926618603,"TGME49_269130","Not significant"
1207.18524190149,-0.0117333255173473,0.0658400710858304,-0.17820949041886,0.85855845675087,0.91648692180337,"TGME49_269140","Not significant"
152.274824159595,-0.651517466747923,0.115508942260481,-5.64040717539172,1.69648506588218e-08,3.61147030255337e-07,"TGME49_269150","Not significant"
17.657590535619,-2.42330132119232,0.494323913067527,-4.90225388076924,9.47432796442654e-07,1.38131181258684e-05,"TGME49_269160","Down in 120DPI"
91.5069457783773,0.105475445213979,0.155196337928265,0.67962586374127,0.496741388811128,0.677314046581504,"TGME49_269175","Not significant"
723.493285207535,-0.0431373126458716,0.175228395921585,-0.246177638156179,0.805544725141562,0.888831710291883,"TGME49_269180","Not significant"
7857.02169439931,-0.295783837865769,0.158718519641199,-1.86357482752751,0.0623814353768111,0.163362796138143,"TGME49_269190","Not significant"
401.398432627534,-0.19805890351715,0.109493540408001,-1.80886381771137,0.0704721627844839,0.179522693871046,"TGME49_269200","Not significant"
27.6629454610304,-0.327865400824671,0.30236565227809,-1.08433414428676,0.278216671483198,0.470952950145996,"TGME49_269210","Not significant"
115.582938100785,-0.616586029266911,0.211759072996154,-2.91173370067648,0.00359428920311126,0.0175803697369052,"TGME49_269240","Not significant"
953.269653056832,0.0770443971759883,0.0673767131517874,1.14348702351243,0.252836439402658,0.442679898642563,"TGME49_269250","Not significant"
486.962428258588,-0.383693296668356,0.12388292536359,-3.09722502550076,0.00195341529013156,0.0106898877115409,"TGME49_269260","Not significant"
254.315960157248,1.14211071685102,0.109095663634087,10.4688919688112,1.20039816141119e-25,1.95232756971917e-23,"TGME49_269270","Not significant"
298.060462270987,0.342290288513723,0.0910078167747966,3.76110866784924,0.000169161914574668,0.00130188748791905,"TGME49_269290","Not significant"
968.391862045886,-0.349271063069945,0.208669842358245,-1.67379751248537,0.0941704014000419,0.223785419107288,"TGME49_269300","Not significant"
10087.0716316298,-0.0127815796970892,0.0810093029892337,-0.157779159003354,0.874630821642691,0.926297705191082,"TGME49_269310","Not significant"
3.01927776361062,-0.501746864028732,1.18224593413462,-0.424401429129043,0.671273078652669,0.79941423871459,"TGME49_269315","Not significant"
686.724288343166,-0.424116113504373,0.107174672738727,-3.95724197393441,7.58201165123925e-05,0.000654532046155813,"TGME49_269320","Not significant"
2047.87940325695,-0.292804252318046,0.0552198684109933,-5.30251629972652,1.14217264804792e-07,2.0640328830946e-06,"TGME49_269330","Not significant"
6248.75679584252,-0.290656945061267,0.128909693041069,-2.25473304764342,0.0241500899931287,0.0798976939886587,"TGME49_269340","Not significant"
31.6057935349517,0.0385032556424723,0.250219268602087,0.153878060061403,0.877705883583174,0.927189431709324,"TGME49_269350","Not significant"
2.08043515967349,-0.596257879653542,1.0911764882448,-0.54643578383241,0.584766418173683,0.741402878432626,"TGME49_269380","Not significant"
1093.12944411164,-0.101616916772283,0.0774504643165888,-1.31202462979319,0.189511824405456,0.364158744646726,"TGME49_269390","Not significant"
48.6920382548457,0.2995429049495,0.256363043256787,1.16843247429178,0.242632362198075,0.431296013359783,"TGME49_269400","Not significant"
207.826162818609,0.188913381855869,0.119802589060634,1.576872280784,0.114824915799871,0.257688460943906,"TGME49_269410","Not significant"
4460.76379844357,-0.0573470020572266,0.104853537965532,-0.546924816939207,0.584430385245671,0.741402878432626,"TGME49_269420","Not significant"
61.5856248099116,-1.28803797947425,0.234773957849122,-5.48628983927602,4.10463226569703e-08,8.1810954864334e-07,"TGME49_269430","Not significant"
1.23242299201727,-0.380708810646459,1.23367881077106,-0.308596376400851,0.75762857763114,0.856963831644197,"TGME49_269438","Not significant"
54.1390756804104,-0.117549858622489,0.413323187367642,-0.284401800371124,0.776102479446024,0.867714519187711,"TGME49_269442","Not significant"
46.4622537255603,-0.190473998423936,0.371493263685961,-0.512725309024584,0.608143483185946,0.757106981823042,"TGME49_269450","Not significant"
236.031265699851,-0.263865343729765,0.188673181550351,-1.39853126746234,0.161953590004121,0.328652341334454,"TGME49_269460","Not significant"
1.85781971034624,-0.0831929220565421,1.10960016588268,-0.0749755854536692,0.940234137191072,0.965158293819464,"TGME49_269470","Not significant"
77.3625374785238,0.0775685941430369,0.203673577493358,0.380847604768794,0.703316332946726,0.822085254071545,"TGME49_269480","Not significant"
324.657211752811,-0.709635917455419,0.107023843936065,-6.63063380417684,3.34248524105012e-11,1.08724359920878e-09,"TGME49_269600","Not significant"
263.148750321846,-0.732811542253152,0.106090000725408,-6.90745157170732,4.93437319987536e-12,1.77550101156577e-10,"TGME49_269620","Not significant"
302.846281892216,-0.326630897866718,0.138551899184029,-2.35746243674998,0.0184003167932592,0.0643587110709171,"TGME49_269630","Not significant"
429.09548785796,-0.000125799145952199,0.188475798030729,-0.000667455170725359,0.999467447863792,0.999907371899898,"TGME49_269650","Not significant"
2026.91381410891,-0.178313459579832,0.0847707333541309,-2.10347902541937,0.0354239168824466,0.105907092679432,"TGME49_269660","Not significant"
1091.1353980251,0.128656227085255,0.0661117385997344,1.94604210704832,0.0516496818459209,0.141039359560453,"TGME49_269670","Not significant"
1.36309080403377,-0.547897265606699,1.20987666897992,-0.452853815313793,0.650654009369542,0.78830727118491,"TGME49_269680","Not significant"
11772.0072401551,0.0463078452067096,0.227285128750245,0.203743401344993,0.838554024129358,0.907280644521014,"TGME49_269690","Not significant"
4047.73463706204,0.01249708942959,0.12412565430885,0.100680955110977,0.919803730161947,0.952723642188096,"TGME49_269700","Not significant"
9.49613736152785,1.10546915760898,0.522104387286131,2.11733359176533,0.0342315458908624,0.103329967032106,"TGME49_269705","Not significant"
589.208681700715,0.16637320260856,0.113769510769079,1.4623707308213,0.143639645593956,0.301050927311869,"TGME49_269710","Not significant"
939.079584342011,0.137039037859884,0.131613846410329,1.04122052198551,0.297773213336134,0.491006083158259,"TGME49_269720","Not significant"
6719.46417498731,-0.144435205231501,0.128869559359097,-1.12078605645752,0.262378940769668,0.45243120151377,"TGME49_269730","Not significant"
156.799605277601,-0.139055889905507,0.264729735765622,-0.525274916712116,0.599392091834507,0.750347366194306,"TGME49_269740","Not significant"
241.886151927856,-0.169056109307876,0.160092375922036,-1.05599100728074,0.290972323373572,0.48527213570014,"TGME49_269750","Not significant"
82.2368778902978,0.0409006292983565,0.278464654123381,0.146879069543363,0.883227472814105,0.930648627872338,"TGME49_269760","Not significant"
194.867986057794,-0.0400494993884633,0.176474552386966,-0.226942065282277,0.820468791923363,0.898713929946227,"TGME49_269770","Not significant"
116.559422324835,0.08501752196607,0.142478143919351,0.59670570957321,0.55070387995397,0.717609051218151,"TGME49_269775","Not significant"
272.857277411441,-0.372122017966348,0.0963808773624068,-3.86095279634271,0.000112945724316046,0.000922163283271174,"TGME49_269780","Not significant"
482.011600105438,-0.235904134162595,0.150240355708483,-1.57017821909533,0.116373655285997,0.259950582680617,"TGME49_269800","Not significant"
208.39003336264,0.153618911298903,0.232959962007944,0.659421945191015,0.509624853823029,0.685003191948574,"TGME49_269830","Not significant"
1358.20930869129,-0.337016553746409,0.187571866805425,-1.79673295087481,0.0723780252027881,0.182448264398349,"TGME49_269840","Not significant"
16.7846543887616,0.526465948800601,0.421183680802228,1.24996758610837,0.211311388308908,0.393763567765362,"TGME49_269850","Not significant"
1513.69310080803,-0.494535077648506,0.0901882374486381,-5.48336558778124,4.17309371335348e-08,8.27697514072939e-07,"TGME49_269885","Not significant"
1972.44408112182,-0.18026687163624,0.129622585795697,-1.39070572099499,0.164314682080856,0.331848476850208,"TGME49_269900","Not significant"
75.6864069046856,0.141045826320459,0.2621068462483,0.538123396390964,0.59049186104033,0.744708407875304,"TGME49_269910","Not significant"
2702.73319534786,-0.588246976984382,0.0861418026066153,-6.82882130608221,8.56151363120284e-12,3.02705342821485e-10,"TGME49_269920","Not significant"
51.162829721197,-1.62527949310603,0.264599796973676,-6.14240642545814,8.12805618480797e-10,2.21803197633753e-08,"TGME49_269930","Not significant"
353.144711533413,-0.207057033782064,0.132891138648247,-1.55809511370151,0.119210702846167,0.26357298410686,"TGME49_269940","Not significant"
1449.45910550822,-0.4356484021915,0.249575656437685,-1.74555647137113,0.0808880516014267,0.198965012202312,"TGME49_269950","Not significant"
146.38010259261,0.348617449997693,0.151339322365154,2.3035483742721,0.0212480087002662,0.0727105592570436,"TGME49_269960","Not significant"
2598.52679268392,-0.00393899603299625,0.0687456347701597,-0.0572981258543277,0.954307713253876,0.97338812519748,"TGME49_269970","Not significant"
4801.05692555761,-0.223061147177281,0.0817527040143086,-2.72848647474999,0.00636256993075475,0.0276391125410778,"TGME49_269980","Not significant"
270.058412962533,-0.0275975563550049,0.0937775423174437,-0.294287477289447,0.76853824088021,0.864658684952665,"TGME49_269990","Not significant"
210.683848666213,0.0236074998465776,0.127468621206991,0.185202441377649,0.853070254276013,0.914051976063182,"TGME49_270000","Not significant"
77.9977420135317,0.406304344005883,0.171935762875994,2.36311711542481,0.0181219417198645,0.0639061708872238,"TGME49_270010","Not significant"
6.50271881655372,0.619851031374127,0.532595942578397,1.16382980383461,0.244492991411808,0.43335157065406,"TGME49_270020","Not significant"
151.056896084539,-0.0280997814225701,0.405063072728727,-0.0693713727920805,0.944694015211274,0.968025671836956,"TGME49_270050","Not significant"
257.48713272503,0.198048539560788,0.267745465041501,0.739689613529366,0.459488351815293,0.645793169194947,"TGME49_270060","Not significant"
410.123017662918,0.153486459586839,0.128594474264377,1.19356963403643,0.232646358181761,0.418928295999574,"TGME49_270070","Not significant"
140.174382625707,0.104438505599087,0.186859322023451,0.558915147867121,0.576219630872572,0.736300760253889,"TGME49_270090","Not significant"
285.175852746191,0.0374800877044178,0.0991647944943912,0.377957599725956,0.705462092146824,0.823453625006833,"TGME49_270100","Not significant"
461.768681628242,0.126211410385638,0.106946055980752,1.18014085912952,0.237944196194475,0.425657507800477,"TGME49_270120","Not significant"
276.280193861007,0.0414083302713215,0.141460771955662,0.292719527108901,0.76973654287412,0.865288577087689,"TGME49_270130","Not significant"
271.219273466169,0.00327558860470301,0.0999135978859443,0.0327842122995334,0.973846668205468,0.984624841754679,"TGME49_270140","Not significant"
104.97126758196,0.0689676142175003,0.17404128456312,0.396271576543597,0.691904693237135,0.814736311237241,"TGME49_270150","Not significant"
1321.66375320028,-0.357716175154655,0.0935769907375733,-3.82269372347986,0.000132001698718696,0.00105861717355073,"TGME49_270160","Not significant"
835.053658495225,-0.102728473981074,0.306514917680162,-0.335149997783362,0.737511938801502,0.844128998182205,"TGME49_270170","Not significant"
428.372780090006,-0.335033317782288,0.110074417631361,-3.04369829967498,0.00233689370612855,0.0123400127391152,"TGME49_270190","Not significant"
1926.16108421636,-0.176644581089844,0.155224186214549,-1.13799650297852,0.255121942574363,0.44349115797664,"TGME49_270200","Not significant"
86.3568795381496,0.416628816258647,0.184605210949916,2.25686379119428,0.0240165871934536,0.0795855285481519,"TGME49_270210","Not significant"
1329.20534482553,-0.146736828255942,0.220022789432237,-0.666916498216355,0.504825472006642,0.681296611843841,"TGME49_270220","Not significant"
560.853658345784,-0.0564391822655311,0.185220436667956,-0.304713579564169,0.760584306181013,0.858322450439079,"TGME49_270230","Not significant"
24198.2828824591,-0.344337191636177,0.0910342103573557,-3.78250319615535,0.000155259099110822,0.00120704301526693,"TGME49_270240","Not significant"
38110.267625229,0.434839463947201,0.237875632341843,1.82801180459841,0.0675477800251592,0.173280298790093,"TGME49_270250","Not significant"
230.261321561347,2.24175648744864,0.30878104399054,7.26001978125742,3.87033718854845e-13,1.63924906339979e-11,"TGME49_270260","Up in 120DPI"
1961.55285406055,0.127404477439117,0.134488807277422,0.947324019137948,0.343473695123007,0.53900580639527,"TGME49_270270","Not significant"
9.37456768716092,0.0834471407074754,0.499909005040195,0.166924660020409,0.867429329481272,0.922004728789495,"TGME49_270273","Not significant"
2784.93176564257,0.684629668931041,0.107528960438266,6.36693283503003,1.92845569136014e-10,5.85156779184352e-09,"TGME49_270300","Not significant"
1731.10086519401,0.344780713933892,0.104181442845717,3.30942540740658,0.0009348767304002,0.00575322533054789,"TGME49_270310","Not significant"
4123.95410124029,-0.0675447904276993,0.0536113813722975,-1.2598964753145,0.207706710414241,0.389300138336947,"TGME49_270320","Not significant"
420.574438197613,-0.119088148004533,0.0951909792838924,-1.25104446766296,0.2109182542357,0.393520539774552,"TGME49_270330","Not significant"
58.5471300607304,0.919474410569055,0.425311714802298,2.16188357519487,0.0306271513286013,0.0945558066075116,"TGME49_270340","Not significant"
2260.24580412401,0.364802036633854,0.166117236792092,2.19605167819177,0.0280882446906115,0.0890989174532875,"TGME49_270350","Not significant"
959.30919643919,0.144725985968851,0.258051606052757,0.560841252579774,0.574905761607142,0.73508390776561,"TGME49_270360","Not significant"
667.362978349293,-0.14431352859314,0.0777744688074172,-1.85553859519741,0.0635193531046271,0.165983091081886,"TGME49_270370","Not significant"
1173.50732920294,-0.241068506537674,0.247214101176859,-0.975140598331853,0.329490522702972,0.524142592061926,"TGME49_270380","Not significant"
163.326868938662,0.18508665260397,0.188411393687926,0.98235382150263,0.325925567817848,0.520917200765476,"TGME49_270450","Not significant"
2641.36513124343,-0.125929393167779,0.179575034129385,-0.701263367585081,0.48313867042905,0.663788773000346,"TGME49_270510","Not significant"
859.493106683526,0.481580390314912,0.0816101092207941,5.90098941066246,3.61328100197527e-09,8.54162822908804e-08,"TGME49_270520","Not significant"
474.114680935006,-0.238185250186408,0.112946511785365,-2.10883228194809,0.0349590610671426,0.104671238806334,"TGME49_270530","Not significant"
7.67869646971587,0.665591340609932,0.521568160712748,1.2761349153299,0.20190783099144,0.3821961083851,"TGME49_270540","Not significant"
144.57712943259,-0.301204676902275,0.142786726544323,-2.10947252725747,0.0349038149438022,0.104582838291452,"TGME49_270550","Not significant"
75.2217093548645,0.0979369728844351,0.456685611627241,0.214451627971091,0.830194884699364,0.90304237591964,"TGME49_270560","Not significant"
395.430232970387,-0.222179227862743,0.147585783793194,-1.505424317657,0.132215020989629,0.282940144917806,"TGME49_270570","Not significant"
31.3482014358551,0.547190502712103,0.458968981209099,1.19221674037883,0.233176271068909,0.419696643721198,"TGME49_270580","Not significant"
112.915078876551,0.51262250229024,0.213173024200572,2.40472500783176,0.0161846393814839,0.058339311813044,"TGME49_270595","Not significant"
356.479596980897,0.354158217441965,0.13923083717903,2.54367656345103,0.0109692603000092,0.0432180352517803,"TGME49_270610","Not significant"
306.623944041625,-0.357402538208664,0.156684653774102,-2.28103090889772,0.0225466179375963,0.0761416516065337,"TGME49_270620","Not significant"
1368.32840723471,0.119121612679886,0.240309336269096,0.495701143073755,0.620105280496476,0.767615374255495,"TGME49_270630","Not significant"
2378.0993680636,-0.0516132826479976,0.193935513917606,-0.26613631307325,0.790134229347205,0.87706409405562,"TGME49_270640","Not significant"
1210.98865646658,0.173451371345499,0.0797253878924616,2.17561025327917,0.0295844160062228,0.0923080199895584,"TGME49_270650","Not significant"
5.46369350181206,0.971316140810304,0.677537982563681,1.43359658913146,0.151687417435696,0.313554163341911,"TGME49_270655","Not significant"
1392.68608316395,0.15770670242255,0.18551236190939,0.850114250065876,0.395261569746592,0.587187995100345,"TGME49_270670","Not significant"
17.9082976762981,0.366279010670871,0.445073334797671,0.822963278259257,0.410528876275344,0.602518435581199,"TGME49_270680","Not significant"
252.103883689891,-0.0391689680176294,0.111222753237622,-0.35216686224218,0.724713127137842,0.835938602820557,"TGME49_270690","Not significant"
1018.66532366044,0.965908863195586,0.0973677467880354,9.92021377775456,3.40027113916163e-23,4.4598395005907e-21,"TGME49_270700","Not significant"
178.437122534098,-0.403724970360381,0.132463413588496,-3.04782248489059,0.00230506049610467,0.0122354777769733,"TGME49_270710","Not significant"
90.1986494796159,0.333898088124434,0.303008589826157,1.10194264893942,0.270486605543077,0.461441634079558,"TGME49_270720","Not significant"
279.787913209317,0.144575427956808,0.200867568105281,0.719754957560057,0.471675882115111,0.655894027592353,"TGME49_270740","Not significant"
902.929037267776,-0.146694516116492,0.0649741113555651,-2.25773793678715,0.0239620025751794,0.0795342877311669,"TGME49_270750","Not significant"
53.3178966859498,-0.0313395179630808,0.23025934962794,-0.136105300452382,0.891738037368733,0.936417060935245,"TGME49_270760","Not significant"
741.27901182186,0.201081125370126,0.0923106359533479,2.17830939299073,0.0293830103383007,0.0921105738564833,"TGME49_270770","Not significant"
386.283144263889,0.213221475768259,0.291737955002504,0.730866423487573,0.464860746584603,0.649527077530239,"TGME49_270780","Not significant"
222.012102113485,0.35877629582366,0.340958041167979,1.05225937653397,0.292680564204932,0.4865246010046,"TGME49_270790","Not significant"
503.379917123396,-0.127396769798817,0.127707208735238,-0.997569135372268,0.318488333841761,0.512864662129421,"TGME49_270800","Not significant"
74.5763263378204,-0.168520042511017,0.165609295853509,-1.0175759859524,0.308879504372639,0.504239312930267,"TGME49_270805","Not significant"
859.461302825323,-0.125007089084534,0.116246633739177,-1.07536093789187,0.282213163251385,0.475427011421233,"TGME49_270810","Not significant"
129.177808350896,0.137074236955873,0.191727609552515,0.71494260673149,0.474644508187253,0.658221204055037,"TGME49_270830","Not significant"
835.485273533492,-0.155195301730877,0.103485128981776,-1.49968699133774,0.133695501832205,0.285058159648529,"TGME49_270840","Not significant"
17.7121061443529,0.264753600649633,0.549965276107177,0.481400575912064,0.630231827452361,0.772542240102894,"TGME49_270850","Not significant"
568.097457480804,0.107443386401353,0.0963398479925228,1.11525385020009,0.264741655708458,0.454577522006161,"TGME49_270865","Not significant"
841.601086664801,0.070502573298187,0.0770209398248036,0.915368904333761,0.359997997108916,0.552858730195606,"TGME49_270880","Not significant"
771.793541267988,-0.48068738142864,0.115618594026942,-4.15752661130464,3.21711809911317e-05,0.000308509485636655,"TGME49_270890","Not significant"
262.038731720974,-0.301358452546534,0.193264326194377,-1.55930718555601,0.118923691844401,0.263334893004839,"TGME49_270900","Not significant"
64.7763333968957,0.305486817050021,0.326250584175235,0.936356383306698,0.349089726972131,0.545503009173206,"TGME49_270910","Not significant"
559.634218355723,0.147182619932622,0.216207153477617,0.680748150860138,0.49603086291884,0.676572119633681,"TGME49_270920","Not significant"
293.70383667146,0.255638552725882,0.107779286883282,2.37187088649717,0.0176982740737541,0.0626819176334796,"TGME49_270930","Not significant"
405.997813493534,-0.759612114894703,0.166959041104283,-4.54969140856676,5.37246452017559e-06,6.40599435162287e-05,"TGME49_270940","Not significant"
565.012083393273,-0.13678775630588,0.331507763547256,-0.412623085632144,0.679882784665557,0.805489441475498,"TGME49_270960","Not significant"
60.8081274972662,-0.508602291324101,0.199894554286565,-2.54435291216077,0.010948040980922,0.0431762702506583,"TGME49_270975","Not significant"
60.9370373644262,-0.49857814621265,0.252841865929462,-1.97189711592994,0.0486213526143149,0.134852946609689,"TGME49_270980","Not significant"
284.182167508953,-0.833994624014233,0.14241868887484,-5.85593527508992,4.7433293934599e-09,1.09581689283e-07,"TGME49_271000","Not significant"
270.148400047058,0.437081945287744,0.113426013297664,3.85345418198477,0.000116463065340611,0.000947077647349847,"TGME49_271010","Not significant"
27.7977639324646,0.461785550786085,0.316155814694904,1.4606264674642,0.144117978676054,0.301897836835052,"TGME49_271015","Not significant"
10.4902055700785,-0.414054117637408,0.448696638041381,-0.922793002071082,0.356115088353887,0.55063146912545,"TGME49_271025","Not significant"
2095.56481256303,-0.366120344218395,0.0499507555004327,-7.32962575941866,2.30796314563156e-13,9.9831682448276e-12,"TGME49_271030","Not significant"
1.57350075561512,-2.38737071128293,1.27799981949347,-1.86805246359828,0.0617547585603244,0.162235512469427,"TGME49_271033","Not significant"
5.989170277348,1.85615733841643,0.772267249127805,2.40351684020365,0.0162382190867493,0.0584806012459899,"TGME49_271037","Not significant"
9335.51962147428,0.199501115142952,0.0479010049228179,4.16486283459825,3.11539808176848e-05,0.000299661550630627,"TGME49_271050","Not significant"
629.323947020953,0.0883906187440212,0.0842772777562493,1.04880723603423,0.294266846435184,0.488362856165494,"TGME49_271060","Not significant"
194.532064675828,-0.378229181999106,0.12951184285888,-2.92042158963978,0.00349558148995852,0.0172070633634036,"TGME49_271070","Not significant"
69.2471177174199,-0.369100587876882,0.216853394917509,-1.70207428856389,0.0887414430630835,0.213787137246793,"TGME49_271080","Not significant"
88.2529625790668,-1.77627983386647,0.438255302604326,-4.05307094588692,5.05496644332621e-05,0.00045674430130143,"TGME49_271090","Not significant"
392.213340219533,-0.123802262835325,0.0970396520745204,-1.27579046491482,0.202029599089982,0.382248650488538,"TGME49_271100","Not significant"
132.71939475222,0.129996772785137,0.133573256350527,0.973224553603716,0.330441710100911,0.525193970899987,"TGME49_271110","Not significant"
79.6372924019753,-0.481955884360626,0.28816858358965,-1.67247893006591,0.0944299192633965,0.224140135274355,"TGME49_271120","Not significant"
129.989372436369,0.311921746000271,0.204893571060382,1.52235984948668,0.127918939373919,0.276742597032546,"TGME49_271145","Not significant"
644.793662630574,0.0426380932644615,0.0831551879923118,0.512753254413948,0.60812393250557,0.757106981823042,"TGME49_271170","Not significant"
4.04606255629194,0.906965036698371,0.685959525386379,1.32218447755719,0.186106728643848,0.360439942757063,"TGME49_271174","Not significant"
14.4044639323237,-0.505733513561708,0.376238675715478,-1.3441826856316,0.178889319176224,0.350705868741817,"TGME49_271178","Not significant"
43.4485225229557,-0.1186314365673,0.228601906354281,-0.518943338921453,0.603800254276381,0.754935988280371,"TGME49_271182","Not significant"
747.456971727253,-0.216487569253775,0.146910368442871,-1.4736030652456,0.140588495579087,0.296797935111405,"TGME49_271190","Not significant"
137.365765596455,-1.44685680422923,0.169373079053442,-8.54242487835217,1.3143414349059e-17,9.71656777150434e-16,"TGME49_271200","Not significant"
1.13886238434303,-1.43018256841555,1.30994259411747,-1.09179026228939,0.274925300145277,0.466936620881662,"TGME49_271210","Not significant"
633.211528686231,-0.316099348617625,0.127171828747172,-2.48560826506675,0.0129330241497342,0.049376221777295,"TGME49_271240","Not significant"
1128.32579116645,0.0674264013163793,0.0846244632743517,0.796771981853327,0.425583470063277,0.614278448447741,"TGME49_271250","Not significant"
648.150448246065,-1.19562146166892,0.129069806334519,-9.26337069546807,1.98078260408671e-20,2.06509283800425e-18,"TGME49_271260","Not significant"
2357.08899816969,-0.342048153995241,0.10084499129631,-3.39182094815408,0.000694297954474743,0.00446679665014922,"TGME49_271270","Not significant"
97.1884465735041,0.211796500062287,0.181328895362273,1.16802399109719,0.242797087759031,0.431296013359783,"TGME49_271280","Not significant"
1.78278068877447,0.646766762527558,0.985688764714685,0.656157182348293,0.511722995346699,0.686507006148571,"TGME49_271285","Not significant"
104.951965660897,0.0416273508639589,0.142143716731419,0.292853963728934,0.769633778424851,0.865288577087689,"TGME49_271290","Not significant"
483.164500137786,0.10766143849275,0.131532146318728,0.818518069581758,0.413061428468204,0.605037070951988,"TGME49_271300","Not significant"
7.58234716874523,0.536603301053146,0.60830663687738,0.882126329917573,0.377708495108065,0.569386828640916,"TGME49_271310","Not significant"
10.3788252420775,0.907915778506372,0.455716300730711,1.99228286776354,0.0463400303680865,0.130303294243873,"TGME49_271315","Not significant"
1683.85486782686,0.221318042817608,0.0521775457548683,4.24163382190045,2.21898518143661e-05,0.000221137101659835,"TGME49_271320","Not significant"
139.369312306481,0.384981557917096,0.135524338250156,2.84068207148506,0.00450171672233022,0.0209188345062796,"TGME49_271335","Not significant"
499.373040016285,-0.527805814620269,0.193797031989674,-2.72349792564621,0.0064594621252622,0.0280300672372637,"TGME49_271350","Not significant"
202.635909878729,0.36007900018243,0.173351979734802,2.07715539639806,0.0377872190888525,0.110853414729635,"TGME49_271360","Not significant"
37.41054332917,0.725081414210779,0.298892089899131,2.42589696654561,0.015270604966125,0.0555866426072195,"TGME49_271370","Not significant"
2.35842365640444,-0.661205991000295,1.10196802367251,-0.600022847121013,0.548491009158859,0.716043220536522,"TGME49_271375","Not significant"
786.066109364491,-0.471444655613327,0.0991618808658901,-4.75429319710994,1.99141863795211e-06,2.65478956784042e-05,"TGME49_271380","Not significant"
80.1799038278005,0.182086850362601,0.296363574033063,0.61440361203866,0.538948649500594,0.707348356639579,"TGME49_271390","Not significant"
93.8804064331118,-0.121371113651171,0.250427371204369,-0.484655942629061,0.627920423546971,0.771569792125108,"TGME49_271400","Not significant"
24.6453331864263,0.100752404377635,0.588811549550568,0.171111460796817,0.864136124365417,0.920025525443777,"TGME49_271410","Not significant"
148.981695040441,-0.233972418437793,0.397393631352922,-0.588767408378531,0.556017311809824,0.720418155327493,"TGME49_271420","Not significant"
352.812798606861,-0.902265843975871,0.0979616655243782,-9.21039714000511,3.24920531403223e-20,3.30281720171377e-18,"TGME49_271430","Not significant"
385.26662647495,0.289315932960711,0.108931327807387,2.65594791493114,0.00790858282684668,0.0334265049625349,"TGME49_271440","Not significant"
74.4234416005741,0.408504636961987,0.170035261391896,2.40247013247723,0.0162847643404003,0.0585445197241978,"TGME49_271450","Not significant"
1341.43436852935,-0.073639303165361,0.137169731523575,-0.536848052026001,0.591372576552041,0.745125781301704,"TGME49_271460","Not significant"
317.918081431682,0.23977550300883,0.0983369069693855,2.43830633277369,0.0147562632950669,0.0543208034268315,"TGME49_271470","Not significant"
674.878252558556,0.0392348453700669,0.105880366345947,0.37055826990505,0.710966568348655,0.826176069421443,"TGME49_271600","Not significant"
2456.72276186281,0.346610425419176,0.079606921030102,4.35402375740812,1.33661212028426e-05,0.000141373731030703,"TGME49_271610","Not significant"
523.404213964148,-0.170444611146368,0.0879468890235928,-1.93804025405202,0.0526183116370324,0.143299434103264,"TGME49_271625","Not significant"
457.576330626897,-0.0163870341771996,0.134109391590187,-0.122191548130166,0.902747319912363,0.943258015119508,"TGME49_271740","Not significant"
1588.79953831732,-0.0717260217336088,0.087683540693616,-0.818010098203425,0.413351421151439,0.605216736910965,"TGME49_271750","Not significant"
327.822902165235,-0.0807670304025957,0.121898374583919,-0.662576762637578,0.507601656742052,0.683187135489302,"TGME49_271760","Not significant"
215.145481523693,-0.178107448461171,0.127087231325134,-1.4014582472531,0.161077084738437,0.327469713273243,"TGME49_271770","Not significant"
251.862207784173,-0.195709905164799,0.183672161160473,-1.06553929527627,0.286631953187137,0.480374124455364,"TGME49_271780","Not significant"
2487.58071970223,0.500898642156315,0.050390638538924,9.94031146815886,2.77956671384074e-23,3.76723941949215e-21,"TGME49_271790","Not significant"
1291.62690945518,0.0380796355012802,0.116793578587649,0.326042201649835,0.744392425860707,0.846615215596826,"TGME49_271800","Not significant"
293.137738977948,-0.106507705597612,0.180293890416496,-0.590744951764969,0.554691323964125,0.720100651245436,"TGME49_271810","Not significant"
329.709230438814,0.0898465650444097,0.25200279912879,0.3565300280593,0.721443668417812,0.833823182429455,"TGME49_271820","Not significant"
1395.82402811407,-0.0997781836836081,0.0882390796426881,-1.13077090204982,0.258151530109105,0.446847220699711,"TGME49_271840","Not significant"
13.603632392933,0.837262799264204,0.407836067268467,2.05293956680162,0.0400784390026942,0.116150344251571,"TGME49_271850","Not significant"
1086.02796425564,0.251399897426771,0.083792670280092,3.0002611992961,0.00269748177876795,0.0139010911438156,"TGME49_271860","Not significant"
611.865263955385,0.106895504931798,0.0728583182877569,1.46716953456996,0.14232994226707,0.298959489795504,"TGME49_271870","Not significant"
411.495917322138,-0.0518539123676435,0.107352098344672,-0.483026537601135,0.629076893619179,0.77205754586646,"TGME49_271880","Not significant"
549.608565434513,0.0760743425478427,0.105754494906203,0.719348549821122,0.47192618912892,0.656017738460919,"TGME49_271888","Not significant"
230.521842128613,-0.118837361718795,0.153291995766022,-0.775235269949666,0.438200650604822,0.626019319470373,"TGME49_271910","Not significant"
233.96765881136,-0.270113686941576,0.108080214061188,-2.49919644671184,0.0124475288094343,0.04790471160119,"TGME49_271920","Not significant"
8253.52931142435,0.0349589857193682,0.0548750761275446,0.637064915192354,0.524082560596197,0.695696928300404,"TGME49_271930","Not significant"
431.138752428276,0.0775027652207697,0.104905411152006,0.738787107068004,0.460036281959572,0.6459051381916,"TGME49_271935","Not significant"
296.102694373389,-0.368724789214906,0.182750816365067,-2.0176368924029,0.0436290916961005,0.12448834163954,"TGME49_271950","Not significant"
2262.19767377497,-0.490604095558882,0.301470240383935,-1.62737156056955,0.103658207846537,0.239610160946003,"TGME49_271960","Not significant"
11004.3393352115,-0.445679616403603,0.0861479601290471,-5.1734204238381,2.29847036708429e-07,3.89399188023529e-06,"TGME49_271970","Not significant"
1.4767031409343,0.658673628008075,1.11390446738364,0.591319675335518,0.554306248926238,0.720100651245436,"TGME49_271980","Not significant"
561.809401575547,0.060787097567688,0.182652495387276,0.332801900345254,0.739283823666416,0.844163078702492,"TGME49_271990","Not significant"
330.536156671739,0.110566663261373,0.144776450885618,0.763706131660375,0.445042385940838,0.632012892911623,"TGME49_272000","Not significant"
52.5122588876897,-0.0381191217252369,0.212879662720588,-0.179064177564344,0.8578873095093,0.916251589299925,"TGME49_272010","Not significant"
441.701348911446,0.0980420409634856,0.176799346606561,0.55453848017698,0.579210378376189,0.73734170271684,"TGME49_272030","Not significant"
29.6801242046909,-0.33337545302317,0.271280918862588,-1.22889385077627,0.219111607306337,0.403206416603849,"TGME49_272040","Not significant"
77.9409959453164,-0.334711326441576,0.274519519454859,-1.21926239382266,0.222744617127149,0.407567160028658,"TGME49_272155","Not significant"
315.200419892751,0.137315930476714,0.113280157637833,1.21217990281869,0.225443522770755,0.410686990853894,"TGME49_272180","Not significant"
265.24876865001,0.38694579368923,0.141634058562052,2.7320109133193,0.00629490558073127,0.0274331040635084,"TGME49_272190","Not significant"
197.418477071843,-0.13690475431903,0.135031223131262,-1.01387479980054,0.310642497452918,0.506444424476169,"TGME49_272200","Not significant"
271.203255145305,-0.242908784811043,0.117296679663535,-2.07089224953192,0.0383688666309831,0.111994121838893,"TGME49_272210","Not significant"
121.727425837909,0.230338077371985,0.189195416575375,1.2174611919323,0.223428793282541,0.408297291454747,"TGME49_272230","Not significant"
80.8073177824838,0.415130564024548,0.206876071963129,2.00666302335118,0.0447855557547431,0.126921707189378,"TGME49_272240","Not significant"
3.34111343127898,-1.13562377751333,1.1597808814505,-0.979170975894205,0.327495506922863,0.522399659140197,"TGME49_272260","Not significant"
7.54690335169789,0.385525086392132,0.513913773585219,0.750174652262367,0.453149522975641,0.640426124580799,"TGME49_272265","Not significant"
401.523927140002,0.107386034153466,0.109989558771728,0.97632934755502,0.328901281132501,0.523614960487372,"TGME49_272270","Not significant"
7.45809224513894,0.252694262224077,0.554554958479184,0.455670368392463,0.648627033048221,0.786554582873268,"TGME49_272280","Not significant"
157.627204667629,-0.276401864535601,0.216976163196909,-1.27388124328092,0.202705506724468,0.382814951389544,"TGME49_272290","Not significant"
29.1241864867209,0.130606616494769,0.365579645192781,0.35725899461907,0.72089792461418,0.833823182429455,"TGME49_272300","Not significant"
239.537934730555,0.181169717887136,0.205955037291049,0.879656648703924,0.379045340644475,0.57070430933585,"TGME49_272320","Not significant"
536.627306115684,0.0976842710921555,0.165712995524788,0.589478639154427,0.555540237329715,0.720289095976601,"TGME49_272340","Not significant"
110.50993386851,-0.0158419103039707,0.278972514743498,-0.056786634764133,0.954715160670819,0.97338812519748,"TGME49_272350","Not significant"
3.18093507325475,-0.750834356846183,1.02204055164111,-0.734642432377612,0.462557288637697,0.647420976110456,"TGME49_272360","Not significant"
7007.22877893063,0.1201822800599,0.0656174012576876,1.83156110660233,0.0670168358480554,0.172542662842081,"TGME49_272370","Not significant"
2299.00317728894,0.167361624363913,0.234997262011588,0.712185422635522,0.476349962602086,0.658788757802749,"TGME49_272380","Not significant"
69.5440521843111,0.233185962673046,0.183332879139539,1.27192658385931,0.203399205487925,0.383768961740138,"TGME49_272383","Not significant"
153.95760357865,0.0176173789289606,0.183606960215847,0.0959515854314549,0.923559024295755,0.955276263746258,"TGME49_272390","Not significant"
238.440873574722,-0.27152639682435,0.119609471362091,-2.27010782450802,0.0232010417089785,0.0777062896117845,"TGME49_272400","Not significant"
436.834308020858,-0.121754153170517,0.254025011567392,-0.479299862715354,0.631725319813411,0.773480180761809,"TGME49_272410","Not significant"
559.975776222031,-0.0524886229835302,0.127582849159476,-0.411408142468432,0.680773284341677,0.805489441475498,"TGME49_272420","Not significant"
14.959469253682,-1.44778031558631,0.400544002960588,-3.61453499462023,0.000300887174656427,0.00216532257018236,"TGME49_272430","Not significant"
13.1107231767213,-2.61361423223872,0.508043319687763,-5.14447121132311,2.68275387012028e-07,4.48892067321361e-06,"TGME49_272440","Down in 120DPI"
1501.99954685396,0.119997131707611,0.0778858840958755,1.54067881620111,0.123394974999406,0.270841423005431,"TGME49_272460","Not significant"
260.371486607221,0.00312077272016149,0.216618865004848,0.0144067448608026,0.98850547832841,0.992355053503867,"TGME49_272475","Not significant"
543.454548564139,-0.68055166878676,0.318234600519848,-2.13852191959974,0.0324744070446452,0.0993046041975862,"TGME49_272490","Not significant"
1809.69314371803,-0.272046635133738,0.077557283468806,-3.50768648624932,0.000452021412661311,0.00307859139678541,"TGME49_272500","Not significant"
2910.55172773092,0.209957429868744,0.058062527813505,3.61605733982373,0.000299124144609415,0.00215645172337213,"TGME49_272520","Not significant"
543.611989591924,-0.177686217695202,0.152161615038401,-1.16774665969705,0.242908969649263,0.431296013359783,"TGME49_272530","Not significant"
4.58932415749378,0.237847942926897,0.691530599899077,0.343944205739571,0.730888246279072,0.839252078331179,"TGME49_272540","Not significant"
163.253737059386,-0.398430551784307,0.152441135736628,-2.61366821927038,0.00895759752612992,0.0367894864052972,"TGME49_272550","Not significant"
538.506129831369,-0.109183415043397,0.214117696472407,-0.509922425106359,0.610105810580533,0.758828523960516,"TGME49_272570","Not significant"
589.452549693308,-0.165116658339818,0.169789573854605,-0.972478195164161,0.330812707374802,0.525423620385135,"TGME49_272590","Not significant"
1.37736473037896,0.236782059663428,1.47203011626931,0.160854086507091,0.872208324960488,0.924745514808173,"TGME49_272595","Not significant"
332.260709020719,0.431320958037614,0.171152964207724,2.52009049351976,0.011732466702456,0.0457813911825204,"TGME49_272600","Not significant"
1.64456220684997,0.328400342812454,1.24466726880246,0.263845889615479,0.791898672274703,0.878063812781277,"TGME49_272630","Not significant"
499.032860147585,-0.429644355413911,0.166029324862773,-2.58776186537542,0.00966017381370397,0.0392390276988215,"TGME49_272640","Not significant"
439.392138058158,-0.776666316938271,0.153426432918776,-5.06214152387574,4.14573084568303e-07,6.53354326300278e-06,"TGME49_272650","Not significant"
1886.51648772503,-0.133258445762837,0.108900853773602,-1.22366759437785,0.221077649028524,0.406117479540404,"TGME49_272660","Not significant"
196.529540643235,-0.0542107949123219,0.257303938458526,-0.210687777408662,0.833130912746773,0.904059325120998,"TGME49_272670","Not significant"
2421.95155316451,0.372525378065245,0.10352694243211,3.59834231856636,0.000320251921598637,0.00228446370740361,"TGME49_272680","Not significant"
2191.60520721178,-0.104707484068739,0.158440504424602,-0.660863107252772,0.508700107388105,0.683986321640223,"TGME49_272695","Not significant"
540.385679122029,0.425844392412973,0.0736893761453824,5.77891162455795,7.51854041533239e-09,1.67051285949407e-07,"TGME49_272710","Not significant"
277.4633736225,-0.168356445619726,0.16629084132303,-1.01242163597383,0.311336497759214,0.50716915059654,"TGME49_272720","Not significant"
84.1505067086423,-0.381673629381975,0.17647541996236,-2.16275801731131,0.0305597961862015,0.0944195526543276,"TGME49_272730","Not significant"
1385.0111148546,-0.0873690705862973,0.107565929731479,-0.812237395283061,0.416655425707891,0.607865432697627,"TGME49_272740","Not significant"
252.804225004396,0.207601785636331,0.115252296792003,1.80128111469216,0.0716585829256094,0.181641147104262,"TGME49_272760","Not significant"
618.134088625767,0.314208931702289,0.0774680200551446,4.05598247481507,4.99240028743693e-05,0.000454118558584308,"TGME49_272770","Not significant"
37.9441755615526,-0.325682354894867,0.262456361991211,-1.24090097273303,0.214642333382725,0.398327579887796,"TGME49_272890","Not significant"
537.041045606287,-0.361940589816116,0.111471777375797,-3.24692579894846,0.00116658799823573,0.00698328211942264,"TGME49_272900","Not significant"
1183.01739038262,0.165167714158192,0.133222061047089,1.23979251529378,0.215052147336589,0.39890603607234,"TGME49_272910","Not significant"
1344.97929191082,0.163193433023211,0.132623060276479,1.230505710568,0.218507789885439,0.402391400267074,"TGME49_273030","Not significant"
571.856217220528,-0.405750583830186,0.165243671361625,-2.45546822148624,0.014070119233427,0.052873479485318,"TGME49_273050","Not significant"
236.647214837321,0.0267692954270191,0.154346076460082,0.173436837793167,0.862308071463597,0.919282805078916,"TGME49_273060","Not significant"
3204.51621850838,-0.212161536984613,0.0657593346693917,-3.22633338751473,0.00125387210647211,0.00741023835016804,"TGME49_273070","Not significant"
1.2623095197651,-0.56554840799562,1.76929847318738,-0.319645563801787,0.749237030062732,0.851186857847183,"TGME49_273080","Not significant"
3526.81529891633,-0.252449160470065,0.0900843954205402,-2.80236282090321,0.0050729785699384,0.0231788750740395,"TGME49_273090","Not significant"
342.834229885393,0.57700957574221,0.169615011421927,3.40187799950599,0.000669245064714864,0.00431244125694237,"TGME49_273100","Not significant"
3.73491012594125,-1.81767016553354,0.836303462515799,-2.17345765861779,0.029745889276072,0.0926795293459836,"TGME49_273110","Not significant"
3.682538484001,-1.15645373883563,1.08184497934336,-1.06896437189879,0.285085723790097,0.478674694730575,"TGME49_273120","Not significant"
97.2591302405618,-1.78651382303518,0.220732789041915,-8.09355887174487,5.79462688258488e-16,3.62476198532156e-14,"TGME49_273130","Not significant"
813.633936150318,-0.276415954277225,0.295610684662794,-0.935067535168886,0.349753496096968,0.545701446575467,"TGME49_273140","Not significant"
359.71809709533,0.132460051122035,0.461307490086211,0.287140473477421,0.774004763046308,0.866254711408282,"TGME49_273150","Not significant"
403.812864633676,-0.195091327460874,0.110095279730826,-1.77202263292174,0.0763908002934762,0.189856353296622,"TGME49_273200","Not significant"
28.5359514889646,-1.35105994068154,0.310325075653956,-4.35369245567545,1.33863468880523e-05,0.000141373731030703,"TGME49_273280","Not significant"
735.729059159183,-0.383633872738528,0.23612327922806,-1.62471855376866,0.104222542133405,0.240480730736349,"TGME49_273290","Not significant"
5.23922288665936,0.25904018596434,0.835680225374126,0.309975249023477,0.756579778375328,0.856916817509793,"TGME49_273300","Not significant"
4679.82978786088,0.381665995805741,0.0857442755932464,4.45121255226749,8.53867732148981e-06,9.72500335831305e-05,"TGME49_273310","Not significant"
8529.24247405097,0.197390291794185,0.336183925845711,0.587149701752174,0.557103169777659,0.72080718701925,"TGME49_273320","Not significant"
66.7181630526756,-0.0696975810461631,0.192231951185976,-0.362570221111337,0.716925958765358,0.831912371101582,"TGME49_273330","Not significant"
2952.55056868908,0.100582333835114,0.0660697095771567,1.52236682253996,0.127917193130657,0.276742597032546,"TGME49_273350","Not significant"
1135.30311490385,-0.0857447059140603,0.0757663248950147,-1.13169941966793,0.257760825609704,0.446551136314041,"TGME49_273360","Not significant"
278.070253045027,-0.422244450554812,0.134354099022775,-3.14277311690531,0.00167355503908391,0.00942475732536728,"TGME49_273370","Not significant"
206.250389213059,0.389914269910473,0.155270235831817,2.51119776962801,0.0120322267123133,0.0466822841720093,"TGME49_273380","Not significant"
63.9751681588582,-0.175261096172581,0.25382811715305,-0.690471560591154,0.489897688443027,0.670824883484438,"TGME49_273390","Not significant"
65.5094388151959,-0.372281480619205,0.21188710534024,-1.75698035055701,0.0789211584976724,0.195071994195463,"TGME49_273400","Not significant"
186.813515960005,0.00111547149696473,0.135139168017743,0.00825424274343823,0.993414141939164,0.99610897684948,"TGME49_273410","Not significant"
121.2956903502,0.298263283901431,0.137042746514489,2.1764251774529,0.0295234828616541,0.0922693937859227,"TGME49_273430","Not significant"
110.047060421552,0.321167686679663,0.195484676692307,1.64293023941299,0.100397367608854,0.234606722239999,"TGME49_273445","Not significant"
2659.39111708838,-0.0633310355732206,0.048245374083177,-1.31268617513537,0.1892887179949,0.364158744646726,"TGME49_273460","Not significant"
39.4800556028977,-1.52738756329062,0.305934217952516,-4.99253589060015,5.95916354027473e-07,9.09779156217439e-06,"TGME49_273478","Not significant"
786.018643748831,-0.128144035526969,0.259773750134008,-0.493290932824677,0.621807034154144,0.768678208535,"TGME49_273490","Not significant"
123.680678415245,0.0114409765579206,0.129841658864316,0.0881148366247876,0.929785404326393,0.95854651470363,"TGME49_273500","Not significant"
1.5158735276544,1.4540007399662,1.23682411868484,1.17559216221648,0.239757889056479,0.428131566492597,"TGME49_273510","Not significant"
2289.31653197656,0.147818550223407,0.134509664303698,1.09894371522376,0.271792617159269,0.462582160472829,"TGME49_273520","Not significant"
65.378063456204,-0.566345093651432,0.293449520652687,-1.92995746727333,0.0536121079815039,0.145131045973898,"TGME49_273530","Not significant"
385.678354196443,-0.183399064122303,0.183591424896622,-0.998952234428011,0.317817830690559,0.512389888813567,"TGME49_273540","Not significant"
442.781899705583,-0.296723976130963,0.10239034629021,-2.89796828394294,0.00375588569231704,0.0180732696957821,"TGME49_273550","Not significant"
581.984316451176,-0.318959651442496,0.100701641584493,-3.16737290895974,0.00153822929057886,0.00878432625771582,"TGME49_273560","Not significant"
336.356468707346,0.140411917507689,0.138017447350466,1.01734903958297,0.308987415435574,0.504239312930267,"TGME49_273580","Not significant"
726.551857186617,-0.0909181786500473,0.224438959233988,-0.405090894024602,0.68541069966037,0.808582851429299,"TGME49_273595","Not significant"
81.6101477230479,0.34759971828035,0.392254195359647,0.88615933849132,0.375531671256566,0.567625195289665,"TGME49_273610","Not significant"
51.9853264355071,-0.166796361921668,0.232194489361836,-0.718347633400308,0.472542966798491,0.656202084358833,"TGME49_273620","Not significant"
69.7737184701543,-0.273183372317229,0.211362185635436,-1.29248934238608,0.196187734401952,0.375034945029777,"TGME49_273630","Not significant"
856.351967940929,0.240907400012318,0.0717447457025184,3.35784032201067,0.000785539773858337,0.00495194530311318,"TGME49_273640","Not significant"
6.4781523882721,0.202305840866181,0.578331909682654,0.349809231479535,0.726481870519194,0.836675555599759,"TGME49_273650","Not significant"
720.750440245941,-0.410746308991785,0.0979013051852065,-4.19551412736274,2.7225331537451e-05,0.000265463304631357,"TGME49_273660","Not significant"
434.806070397091,-0.106154003066456,0.11314629127182,-0.938201348654318,0.348140945435512,0.544438878515689,"TGME49_273670","Not significant"
1863.95862967544,0.00977661869402997,0.0629425382509184,0.155326095287988,0.876564244202883,0.927105581666633,"TGME49_273690","Not significant"
1576.7228111496,0.0521522082643974,0.0831666202704389,0.627081010323736,0.53060613417998,0.70007374687239,"TGME49_273720","Not significant"
1159.32753847441,-0.154306293672241,0.0842581410650739,-1.83135174502684,0.0670480588515711,0.172542662842081,"TGME49_273730","Not significant"
17.8869381409547,-0.0890195684005205,0.366675509619357,-0.242774786057926,0.808179869108693,0.890289717636398,"TGME49_273740","Not significant"
2.09508435517023,0.493015344641095,1.71114546661145,0.288120065921342,0.77325483322072,0.866254711408282,"TGME49_273750","Not significant"
30173.6509009692,-0.0949124234333734,0.104926923076705,-0.904557387659116,0.365699918880938,0.557949669857371,"TGME49_273760","Not significant"
3341.26134518398,0.121322665308783,0.338416258558374,0.358501290173255,0.719968202542671,0.833539496451737,"TGME49_273770","Not significant"
228.053609677133,0.352101670574232,0.110556222171254,3.18482002784809,0.00144844057340085,0.00835370123609624,"TGME49_273780","Not significant"
1670.59922068014,0.115304655626877,0.12019921124413,0.959279636142441,0.337417891268716,0.532585848563121,"TGME49_273790","Not significant"
418.850484049038,0.353422577765111,0.13068573446789,2.7043699850189,0.00684340444502882,0.0294759348236093,"TGME49_273800","Not significant"
586.161905750694,-0.0491717580181352,0.232233523551901,-0.211734108263427,0.832314476790902,0.903724076172232,"TGME49_273815","Not significant"
224.469199257606,-0.11152069992409,0.283296236412968,-0.393654011560972,0.693836498802603,0.816071917064352,"TGME49_273830","Not significant"
290.962390382526,-0.10590060590935,0.120060205360502,-0.882062508483678,0.377743005222515,0.569386828640916,"TGME49_273840","Not significant"
219.036581447302,0.163080971411695,0.171454162805681,0.95116367396996,0.341521295637462,0.536898830223753,"TGME49_273850","Not significant"
4651.66989619599,0.0497056006237508,0.0587631272132344,0.845863775142251,0.397628742889597,0.589803949916615,"TGME49_273860","Not significant"
1514.34309775374,0.0801210983350252,0.163101507936316,0.49123456520285,0.623260554360562,0.768678208535,"TGME49_273870","Not significant"
273.117852978957,0.133154757467711,0.140640278289109,0.946775412332376,0.3437532333487,0.539236360646532,"TGME49_273885","Not significant"
508.815994439105,0.173718869895805,0.107155204007217,1.62118929738685,0.104977047389202,0.241286983993498,"TGME49_273905","Not significant"
874.034220102286,-0.335825832068314,0.0672721391920722,-4.99204925102025,5.9742015423034e-07,9.09779156217439e-06,"TGME49_273920","Not significant"
3003.41190586012,0.150596152244726,0.0606527912466165,2.48292204117032,0.0130309602528664,0.0496103786405944,"TGME49_273930","Not significant"
1.1335771874179,-1.25878278264754,1.6331820435529,-0.770754728547669,0.440852325732775,0.628067819351599,"TGME49_273940","Not significant"
347.310987882843,-0.588247343645327,0.154017200379289,-3.81936135832027,0.00013379763554561,0.00106880390202053,"TGME49_273950","Not significant"
463.790793402346,-0.396635601205007,0.122002131896373,-3.25105467453557,0.0011497774417753,0.0069156731926899,"TGME49_273960","Not significant"
484.982646987333,-0.472476207216052,0.109191094969176,-4.32705805678961,1.5111414113422e-05,0.000156343536349043,"TGME49_273970","Not significant"
105.181334954337,0.953127699917282,0.155237139085644,6.13981747880219,8.26163516603494e-10,2.2394539056732e-08,"TGME49_273980","Not significant"
219.322362983133,0.190546393986812,0.243222736928127,0.783423443027529,0.433378494112341,0.62090097148019,"TGME49_273990","Not significant"
72.5136140775546,-0.0453974770095183,0.219124886599482,-0.207176271550096,0.83587219784826,0.905751287039871,"TGME49_273995","Not significant"
344.61884484576,0.188700030811983,0.135357450797986,1.39408676581541,0.163291405077977,0.330319827386594,"TGME49_274000","Not significant"
468.632208216879,0.32843566953122,0.117932389148595,2.784948832991,0.00535361703703644,0.0241328235838029,"TGME49_274010","Not significant"
7.65835922153547,-1.24663754379178,0.750580666405262,-1.66089748855678,0.0967340367562912,0.228674763634349,"TGME49_274040","Not significant"
1013.41592997701,-0.0184708553513508,0.0912165389829968,-0.202494586588007,0.83953009003291,0.907612163274079,"TGME49_274050","Not significant"
8526.78775494275,-0.0942907100216866,0.0640871322788926,-1.47128926929286,0.141212904062204,0.297681963297872,"TGME49_274060","Not significant"
583.038851356123,0.128172339559909,0.222868802514505,0.575102204138987,0.565222177352897,0.727506607507717,"TGME49_274070","Not significant"
8.30004302120699,0.852735218677845,0.742241555321869,1.14886483054436,0.250611721607939,0.440436442856372,"TGME49_274080","Not significant"
1.82441960394234,1.50329011421849,1.1344618752432,1.32511294299442,0.185133693904172,0.359824856316617,"TGME49_274090","Not significant"
632.19598718927,0.46780104364846,0.140069087197612,3.33978790758076,0.000838423945031838,0.00523660792703449,"TGME49_274100","Not significant"
399.80084878819,-0.125572009489595,0.14028486662111,-0.895121565954421,0.37072210673146,0.563076610373597,"TGME49_274110","Not significant"
716.048819262681,-0.265829530360731,0.125058280409744,-2.12564517511164,0.0335328151047253,0.101673695910375,"TGME49_274120","Not significant"
161.283394526792,0.294699711044889,0.136122677134871,2.16495676729088,0.030390996239105,0.0939694225917877,"TGME49_274130","Not significant"
40.0948687693445,-0.63662743305459,0.26179037948796,-2.43182134614641,0.0150231153407631,0.0549316429636175,"TGME49_274140","Not significant"
225.077425565907,1.74844251266589e-05,0.150608215178268,0.000116092107631468,0.999907371899898,0.999907371899898,"TGME49_274150","Not significant"
319.504082770315,-0.417782737622942,0.213409200153516,-1.95766038822324,0.0502698762392092,0.138106295127449,"TGME49_274160","Not significant"
11.7290550650149,2.15168265025655,0.480755988274779,4.47562319083739,7.6188753057274e-06,8.72629492763031e-05,"TGME49_274170","Up in 120DPI"
135.00011455197,-0.378086609893666,0.19017584671129,-1.98808953098891,0.0468017890055441,0.131217468048927,"TGME49_274180","Not significant"
326.830667501126,-0.131134143978929,0.105082502927058,-1.24791606905247,0.212061795309585,0.394438819638049,"TGME49_274190","Not significant"
11.3540642421995,-0.804561670896522,0.555484875252465,-1.44839527904491,0.147506534359478,0.307570035233661,"TGME49_275590","Not significant"
14.0623635346663,0.482767097275177,0.42381046251333,1.13911085255474,0.254656921559381,0.442872131334663,"TGME49_275600","Not significant"
371.196945059352,-1.80949737691277,0.205231702336755,-8.81685117995879,1.17723546169928e-18,8.86414701346163e-17,"TGME49_275610","Not significant"
560.241849148881,0.705234376364035,0.21742915208968,3.24351343684198,0.00118065241702524,0.00703890429270473,"TGME49_275630","Not significant"
1833.57996202003,0.90413125114496,0.310541486178024,2.91146687765463,0.00359736045772385,0.0175803697369052,"TGME49_275640","Not significant"
367.311645565762,-0.3322905235201,0.36863750662695,-0.901401831193396,0.367374708136016,0.560084575658432,"TGME49_275650","Not significant"
11.4183239749133,-0.498143828575629,0.462063804952677,-1.07808450529175,0.280996045758899,0.473685705661559,"TGME49_275660","Not significant"
4364.51235624315,-0.470367133197336,0.195539477930534,-2.40548424377217,0.0161510484136028,0.058283834108535,"TGME49_275670","Not significant"
962.141477458883,2.10950165498841,0.329165741585103,6.40863063340089,1.46832439388602e-10,4.52288407995496e-09,"TGME49_275680","Up in 120DPI"
3578.64504134805,0.362739450449312,0.264181387456672,1.37306966982602,0.169730688943905,0.339006642877649,"TGME49_275690","Not significant"
56.5780616297606,0.923343044042372,0.310875472247712,2.97013796992847,0.00297666027490714,0.0150933299054318,"TGME49_275710","Not significant"
694.843080634682,0.531022176870947,0.212969942447472,2.4934137219947,0.0126521328607438,0.0485316718979099,"TGME49_275740","Not significant"
8.62385486870082,0.707295637169795,0.46229412298835,1.52996891372469,0.126024423759241,0.27463130827075,"TGME49_275750","Not significant"
2.25877296476489,1.4729756960451,1.04404661621157,1.4108332646965,0.158293783510972,0.323309567543299,"TGME49_275755","Not significant"
58.4681119551387,0.990947433602083,0.315502025456178,3.14085918202677,0.00168453006357512,0.00944730929447782,"TGME49_275760","Not significant"
3522.18447068214,1.01378116303753,0.270028261006078,3.75435207878004,0.000173790439798618,0.00133075692697021,"TGME49_275770","Not significant"
530.98865291897,0.72986501247237,0.477976686159256,1.52698872896321,0.126763814087785,0.275479245366613,"TGME49_275780","Not significant"
954.252040962879,1.47377119964619,0.250337326219749,5.88714125017254,3.92932878479595e-09,9.23505828842793e-08,"TGME49_275790","Not significant"
7.7409074671335,-0.116232772695922,0.752560984049136,-0.154449639510322,0.877255216505659,0.927105581666633,"TGME49_275795","Not significant"
9.73898051542187,-0.963792623014546,0.86910448768629,-1.1089490811172,0.267452148740122,0.458263985156905,"TGME49_275798","Not significant"
1177.66560267736,0.562975286180642,0.180305515632896,3.12234090124489,0.00179419051030279,0.00997972450737503,"TGME49_275802","Not significant"
2728.32595684916,0.305415809402572,0.146743700440082,2.08128736352317,0.0374076110999923,0.110120381403743,"TGME49_275810","Not significant"
191.452433779768,0.554900370630017,0.280713906640968,1.97674699223125,0.0480702361368871,0.133506543806409,"TGME49_275830","Not significant"
377.740561083845,0.33373081522211,0.237753543280107,1.40368387624376,0.160413005881789,0.326936983416217,"TGME49_275840","Not significant"
8.00212170896018,0.117609960710221,0.929038303299976,0.126593231185912,0.899262354568764,0.940932238313244,"TGME49_275850","Not significant"
1566.14398328966,0.795911330788899,0.333620501697792,2.38567871799998,0.0170476369424034,0.0609046761748923,"TGME49_275860","Not significant"
574.93408128698,0.724219776943894,0.24885489392032,2.91020910031121,0.00361187021980657,0.0176064191178162,"TGME49_275870","Not significant"
66.3212286574169,0.727499512649266,0.204082648035025,3.56472987612553,0.000364231108872563,0.00255338567013076,"TGME49_275970","Not significant"
1166.32455675023,0.925897623699729,0.404568885534455,2.288603144744,0.022102421022638,0.0750780650610244,"TGME49_275980","Not significant"
536.710599532061,0.360942519507308,0.22057462606463,1.63637371146012,0.101761397616263,0.23630030994159,"TGME49_275990","Not significant"
819.257154853495,0.975019771580727,0.278844371464003,3.49664497964089,0.000471148399075851,0.00319353199313288,"TGME49_276100","Not significant"
212.310625734199,0.185086904593543,0.139390988529258,1.32782546810544,0.184235771316882,0.35825090682661,"TGME49_276110","Not significant"
651.977752383776,0.831088868435503,0.314583109278152,2.64187378128004,0.00824487752819571,0.0344893745160944,"TGME49_276120","Not significant"
734.122957387555,0.0261571110929317,0.132262555808948,0.197766563128535,0.843227708192276,0.908630082967704,"TGME49_276130","Not significant"
6772.02102433123,0.363588689561337,0.307743893402834,1.18146516423448,0.237417984311102,0.425448005380759,"TGME49_276140","Not significant"
103.603214323047,0.306662702347048,0.298704587632942,1.02664209069291,0.304589026740474,0.499378622067244,"TGME49_276155","Not significant"
2903.71616632348,0.419516290494491,0.262333031229608,1.59917448644623,0.109781837679628,0.249649302016424,"TGME49_276170","Not significant"
624.990942932822,0.521573462043698,0.290397196332379,1.79606920669689,0.072483511079226,0.182600964094258,"TGME49_276180","Not significant"
87.3271679447573,1.16639396549587,0.408913966477936,2.85241899547298,0.00433878691247325,0.0203243174955256,"TGME49_276190","Not significant"
1838.17923272885,1.70647390432251,0.218548640770563,7.80821101566131,5.80054129557124e-15,3.06640289524113e-13,"TGME49_276200","Not significant"
1860.70612067486,0.0589233646237302,0.15108617285914,0.389998393027438,0.696537735212895,0.817780695527925,"TGME49_276210","Not significant"
730.512975280987,-0.111956901094904,0.328384905579231,-0.340931934424409,0.733154823319287,0.840649726827022,"TGME49_276220","Not significant"
6.38399608412938,-0.160819528327184,0.700598386233869,-0.229545958836251,0.81844460406875,0.897463797233963,"TGME49_276230","Not significant"
16568.5561688062,0.322491570108654,0.27222334226787,1.18465803638293,0.236152680432238,0.4237827037034,"TGME49_279100","Not significant"
465.846175004291,-0.0565167810561329,0.11533048168241,-0.490042009984535,0.624104171836328,0.768678208535,"TGME49_279550","Not significant"
5242.39112149832,0.555166267149981,0.045963844535847,12.0783253175658,1.3749150325774e-33,2.79520226122985e-31,"TGME49_280370","Not significant"
3.68829344962713,0.798765412712136,0.752878923728016,1.06094803233022,0.288713518896697,0.482692914405415,"TGME49_280375","Not significant"
10745.6823900505,0.362212728228484,0.184425342059425,1.96400735486652,0.0495292389847179,0.136904069144706,"TGME49_280380","Not significant"
701.53951936095,0.214464967196048,0.0961906805439938,2.22958155595916,0.0257752354379798,0.084181368241607,"TGME49_280390","Not significant"
336.169248440294,-0.568350886472438,0.0977671194405361,-5.81331320514276,6.12483100279859e-09,1.37588745068393e-07,"TGME49_280400","Not significant"
1281.86040342507,-0.0430498127120274,0.0689520421382738,-0.624344274324709,0.532401513412383,0.701245401209832,"TGME49_280410","Not significant"
6.27117396592471,-0.325969158725514,0.734718370445349,-0.44366545310134,0.657284476063807,0.792572935679034,"TGME49_280420","Not significant"
3.11239943943226,-0.513073676391066,0.740315205321511,-0.693047600134382,0.488279680054035,0.669367895852901,"TGME49_280435","Not significant"
1497.0389080033,0.161392184882829,0.0638193085291623,2.528892722319,0.0114422995064256,0.0447349901856987,"TGME49_280440","Not significant"
347.812576896244,-0.191438069411789,0.276682643631859,-0.691904873030299,0.488997070201351,0.670125408641286,"TGME49_280450","Not significant"
16392.646448181,0.0983094758351944,0.0778838708855571,1.26225718775137,0.206856256580193,0.388309113229484,"TGME49_280460","Not significant"
3425.35040286788,0.126341853673318,0.207133540725112,0.609953623305205,0.541892529284823,0.710066072855975,"TGME49_280470","Not significant"
2440.92764710024,-0.327381170751694,0.117125698170655,-2.79512673875115,0.00518793722967428,0.0235688857830789,"TGME49_280480","Not significant"
1128.3526450827,0.174069279550285,0.0587322835381434,2.96377510057541,0.00303890295750147,0.0152577439962664,"TGME49_280490","Not significant"
44.6751777386236,1.01410886414606,0.395179332736193,2.56619914084183,0.0102819778891836,0.041107691344563,"TGME49_280500","Not significant"
428.28977847973,0.480884772882904,0.248614046721144,1.93426228012887,0.0530808884213167,0.144263187567676,"TGME49_280510","Not significant"
1806.01365505187,0.197091438425091,0.303726845885281,0.648910167458601,0.516396442449882,0.689772646189626,"TGME49_280518","Not significant"
2196.34172637682,-0.162271257617262,0.32211325050368,-0.50377082396804,0.614422432446495,0.762123737134671,"TGME49_280522","Not significant"
155.957232580631,0.52267720887002,0.456572417367562,1.14478489936732,0.252298272161394,0.442365146445981,"TGME49_280530","Not significant"
253.192080114456,0.188051939770689,0.11954074142129,1.57312007215974,0.115691018029818,0.258878964009583,"TGME49_280540","Not significant"
1040.15507185262,0.0268364652986225,0.157931406885354,0.169924816272318,0.86506926437036,0.920543172335733,"TGME49_280550","Not significant"
1041.9281773112,0.0501559616565342,0.0950375453668362,0.527748917156234,0.597673616409115,0.749716290853587,"TGME49_280560","Not significant"
76575.3097708819,-0.679786475583706,0.14487418051224,-4.69225415584853,2.70211147124306e-06,3.46586285238936e-05,"TGME49_280570","Not significant"
16958.4331663581,0.0760652246824141,0.105091678344028,0.723798742973795,0.46918930118349,0.653106367207145,"TGME49_280580","Not significant"
167.591782215508,-0.25325065607947,0.321060285139484,-0.788794714891149,0.43023199899349,0.61835394411719,"TGME49_280590","Not significant"
649.551907224921,-0.215776208735609,0.0956075553617776,-2.25689494851234,0.0240146397732005,0.0795855285481519,"TGME49_280600","Not significant"
1.62090040794557,-1.92203764761829,1.18003698010896,-1.62879441917219,0.103356546534983,0.239184814007536,"TGME49_280605","Not significant"
1365.75313809534,-0.420207440071813,0.0930821677998863,-4.51437101223513,6.35049589156381e-06,7.39860065762133e-05,"TGME49_280610","Not significant"
1579.43234845247,0.501775932063179,0.165902146392249,3.02452947701359,0.00249020204026867,0.0129976399174999,"TGME49_280660","Not significant"
1369.25201981395,-0.391925881354458,0.0739990306272335,-5.29636507441246,1.18130550713128e-07,2.1159419347999e-06,"TGME49_280670","Not significant"
75.3960647965369,-0.13966149819829,0.358562754019165,-0.38950364094656,0.696903617807245,0.817780695527925,"TGME49_280680","Not significant"
116.93889376537,-0.251993922721668,0.166371350497841,-1.51464733541932,0.129861737985593,0.27937451145472,"TGME49_280690","Not significant"
2359.01824576317,-0.0611883090630284,0.114819438887455,-0.532908971302364,0.594096594703777,0.746830003326794,"TGME49_280700","Not significant"
733.062128520555,-0.124015905374416,0.137643525569331,-0.900993380265816,0.367591839354122,0.560205554278059,"TGME49_280710","Not significant"
490.380605125916,0.0481367777825236,0.152040265045628,0.316605458219095,0.751542993639689,0.853058885402879,"TGME49_280720","Not significant"
1283.31201091943,0.0868469474384417,0.193172618137109,0.449582079882564,0.653011811845712,0.789407196027492,"TGME49_280730","Not significant"
1297.97130280121,-0.0319857912305106,0.091951085187148,-0.347856593159395,0.727947885394479,0.837493684513639,"TGME49_280740","Not significant"
1279.6965065655,0.230107700153571,0.143282724170415,1.60596960649555,0.108280588125872,0.247203184345759,"TGME49_280750","Not significant"
718.775672109752,0.348013706204112,0.2908625672004,1.19648846379168,0.231505997781928,0.418004014026208,"TGME49_280760","Not significant"
396.196359972327,-1.27472413171581,0.140132583405367,-9.09655770798408,9.32401602487148e-20,8.8166160830529e-18,"TGME49_280770","Not significant"
196.12808724657,0.131915838482857,0.164903994400136,0.799955385936655,0.423736646262646,0.612921657958726,"TGME49_280780","Not significant"
678.158139694432,-0.138458726680322,0.115430871342346,-1.19949477180745,0.230335616466718,0.417354998464204,"TGME49_280790","Not significant"
692.579751148895,-0.0337369206089652,0.0857567396752924,-0.393402556308764,0.694022181899421,0.816071917064352,"TGME49_280800","Not significant"
118.829471613409,-0.678124542725997,0.159245890347834,-4.25834877901589,2.05942460229465e-05,0.000207267832498269,"TGME49_280810","Not significant"
511.24025537602,0.0745797411321147,0.153541505351007,0.485730167628748,0.627158491625143,0.77109961504319,"TGME49_281370","Not significant"
67.1148429893327,0.057605168356974,0.390991114872942,0.147331144278544,0.882870651123015,0.930648627872338,"TGME49_281380","Not significant"
484.40421653107,0.584343326322016,0.133994518916761,4.36094947051541,1.29499272511575e-05,0.000138200535966421,"TGME49_281400","Not significant"
215.227763746157,0.250067149037556,0.18202953841844,1.37377236249819,0.169512363753194,0.338957566513258,"TGME49_281420","Not significant"
3083.06447174322,0.0986620601153732,0.0517777092730485,1.9054929524804,0.0567160226819686,0.151615613560082,"TGME49_281430","Not significant"
670.171403192942,0.222207639927498,0.0733582382677922,3.02907546820216,0.00245303396737774,0.0128365973119149,"TGME49_281440","Not significant"
1120.09756439838,0.127564902380658,0.0820952398929009,1.55386478615661,0.120216672925008,0.264789269833739,"TGME49_281450","Not significant"
6.07537412947279,-1.54717899380869,0.877818636903942,-1.76252693752957,0.0779803092250532,0.192981093919091,"TGME49_281460","Not significant"
13.320300770277,-0.42121060066755,0.509520115022064,-0.826681004830025,0.408417890511085,0.600154370371548,"TGME49_281470","Not significant"
377.561885043275,-0.479173531928848,0.0895880207867108,-5.34863397718824,8.86205611648394e-08,1.64534795295085e-06,"TGME49_281480","Not significant"
532.20140211149,-0.0800588099715173,0.0985590513037611,-0.812292822551369,0.416623628037654,0.607865432697627,"TGME49_281490","Not significant"
188.988668571393,-0.119238839193251,0.131595196270751,-0.9061032816724,0.364881188525491,0.557509927446271,"TGME49_281500","Not significant"
371.161129810003,0.479037953386748,0.118000845673209,4.05961457863949,4.9153783550098e-05,0.000448114986355827,"TGME49_281510","Not significant"
804.273113901369,0.0455944855142697,0.159625368613176,0.285634331875906,0.775158205418447,0.867306896871603,"TGME49_281520","Not significant"
10.0002041613643,0.260140597505286,0.458715672656735,0.567106408199734,0.570641889388265,0.731933729417251,"TGME49_281530","Not significant"
310.3268083115,0.0959085167869389,0.199041504804611,0.481851847337505,0.629911194914451,0.772542240102894,"TGME49_281545","Not significant"
1148.81293816242,0.152488518576227,0.0789940058641146,1.93038088027258,0.0535596621839723,0.1450856671819,"TGME49_281570","Not significant"
49.7049461716597,0.566552436811128,0.196594501157259,2.88183257149158,0.00395369755989056,0.0189126285629588,"TGME49_281575","Not significant"
1189.65428284416,0.317730028531497,0.104945513276877,3.02757134259978,0.00246527514039184,0.0128840729059553,"TGME49_281580","Not significant"
2.43075500243183,-0.353047733929975,1.0102226899367,-0.349475157751701,0.726732617784764,0.836675555599759,"TGME49_281590","Not significant"
63.5315033269531,-1.79223258779521,0.227007876940883,-7.895023784844,2.90259878795363e-15,1.68599523883135e-13,"TGME49_281600","Not significant"
43.9502311268555,-0.12532829855312,0.237212079719909,-0.52833860190047,0.597264343745468,0.749716290853587,"TGME49_281610","Not significant"
1504.04582578297,-0.0386005308622887,0.0909965039598676,-0.424197954674311,0.671421452338988,0.79941423871459,"TGME49_281620","Not significant"
1729.35736545515,-0.051968975599386,0.123132566348585,-0.422057114055946,0.672983329802108,0.800804863615853,"TGME49_281630","Not significant"
425.390796818553,0.108523249991225,0.117867924193407,0.920719107712046,0.357197097551223,0.551360078709315,"TGME49_281640","Not significant"
586.397528662427,0.0418040185119731,0.119388265506494,0.350151820487744,0.726224762331346,0.836675555599759,"TGME49_281650","Not significant"
27.9183964775244,1.08514991667971,0.498367352801703,2.17740971710777,0.0294500113166326,0.0921105738564833,"TGME49_281675","Not significant"
677.128379211088,-0.405257007986132,0.199820719102418,-2.0281030405982,0.042549732663598,0.121750325834053,"TGME49_281900","Not significant"
2576.52957813587,-0.236012709693132,0.155252430498177,-1.52018689134727,0.128464011042644,0.277394938342745,"TGME49_281910","Not significant"
2135.97809248599,0.319413687892328,0.109444897244163,2.91848862701878,0.00351732705641169,0.0172722847963405,"TGME49_281920","Not significant"
739.721215297087,-0.236095362585092,0.0914596770262695,-2.58141478585453,0.00983962798161672,0.0397395257412812,"TGME49_281930","Not significant"
1100.51672434603,0.170083372254438,0.164446102274855,1.03428035022783,0.301005120257219,0.495099845859973,"TGME49_281950","Not significant"
1.57289014417268,0.35727912709951,1.16119480646609,0.307682332981521,0.758324064241917,0.856963831644197,"TGME49_281955","Not significant"
1223.13276903211,-1.19055954878387,0.302664234498736,-3.93359840073485,8.36835574069707e-05,0.000711835448570592,"TGME49_281960","Not significant"
1.86677161198479,-2.20671676685387,1.32199313458544,-1.66923466478203,0.0950708826929143,0.225135823546529,"TGME49_281970","Not significant"
3277.92254895033,-0.0478516625002974,0.0682494604178345,-0.701128803177953,0.48322263656883,0.663788773000346,"TGME49_281980","Not significant"
250.300896158059,-0.621422009674683,0.254874123163939,-2.43815261416308,0.0147625400360671,0.0543208034268315,"TGME49_281990","Not significant"
657.528270302395,-0.819653732139804,0.102415714746175,-8.00320277187163,1.21224070666334e-15,7.24848634307817e-14,"TGME49_282000","Not significant"
2.7536770451559,-2.31779405436463,1.0630639176815,-2.18029604411713,0.0292355241189239,0.091792773025131,"TGME49_282020","Not significant"
1.65322121776991,-0.86238328431348,1.17151336409512,-0.736127568616842,0.461653066691201,0.647248281635088,"TGME49_282030","Not significant"
555.925245926335,-0.104308796865207,0.0949056044012452,-1.09907942237222,0.271733424669183,0.462582160472829,"TGME49_282040","Not significant"
3556.291773654,0.0231303930642064,0.0539711972354816,0.428569204483017,0.668236760650912,0.798250110770541,"TGME49_282055","Not significant"
3651.15792383381,-0.331252383975597,0.203964470084573,-1.62406905397908,0.104361071671352,0.240480730736349,"TGME49_282070","Not significant"
865.59485209552,0.404647151241848,0.0971609375482132,4.16471023698237,3.11748243769688e-05,0.000299661550630627,"TGME49_282090","Not significant"
1599.15952394489,0.132571549064439,0.117567140599295,1.12762416767695,0.259478675658714,0.448953317118439,"TGME49_282130","Not significant"
1102.81145355063,0.0771749991211667,0.268715986595305,0.287199135782698,0.773959848003821,0.866254711408282,"TGME49_282140","Not significant"
747.089364945967,0.0561883568463665,0.0975119414186138,0.576220266245677,0.564466308498999,0.726763777820434,"TGME49_282150","Not significant"
20.9625820881523,-1.37282145885127,1.19397165123253,-1.14979401515448,0.250228720823992,0.440436442856372,"TGME49_282160","Not significant"
1842.8739680929,-0.124415380029575,0.0801011480188972,-1.55322842564283,0.120368572618409,0.264980301172957,"TGME49_282170","Not significant"
3580.15843169092,0.0774171540281986,0.0491737936228396,1.57435797250023,0.115404714243782,0.258531993451911,"TGME49_282180","Not significant"
865.491505324058,0.176562632411044,0.15480419773243,1.14055455212023,0.25405533909774,0.442679898642563,"TGME49_282190","Not significant"
14.5086436410663,-1.33155026296708,0.922891838297602,-1.44280207897742,0.149076233363371,0.309373402689236,"TGME49_282200","Not significant"
594.491101896462,-0.721967524538198,0.118866586909045,-6.07376339568524,1.24946786955934e-09,3.15548842088712e-08,"TGME49_282210","Not significant"
888.039670939238,-0.704657728663929,0.115404339539492,-6.10598987417447,1.02165485188405e-09,2.66285168446188e-08,"TGME49_282220","Not significant"
40.9023328600053,0.0430357216296903,0.238333918506376,0.180569018037351,0.856705876110275,0.915470720700231,"TGME49_282230","Not significant"
8.93607223078595,0.380323617591482,0.54608615518679,0.696453506427738,0.486144864393452,0.667247653326916,"TGME49_283500","Not significant"
2566.13015125676,0.101954438398795,0.143804534649321,0.70897930060008,0.478337322169532,0.660414109317935,"TGME49_283510","Not significant"
984.535017773854,0.124790073539298,0.197501902819499,0.631842386112838,0.527489873696251,0.697487423235434,"TGME49_283520","Not significant"
3704.64065328612,0.595914416064734,0.267938051297744,2.22407535315888,0.0261433748424386,0.0848036643535709,"TGME49_283540","Not significant"
1001.79747637914,0.341260114594958,0.112849086547242,3.02403967135432,0.00249423729259696,0.0130020113226913,"TGME49_283550","Not significant"
56.5933902953824,0.51147611571129,0.189491834318215,2.69919871508745,0.00695066595827582,0.0298430916434525,"TGME49_283570","Not significant"
156.400829451234,0.16734098805029,0.317144177496564,0.527649567370988,0.597742583000831,0.749716290853587,"TGME49_283580","Not significant"
313.5934350468,-0.177440866579025,0.286184806902579,-0.62002196587406,0.535243325409593,0.703828450383313,"TGME49_283590","Not significant"
43.8870025237438,-0.100272237332797,0.304830357187687,-0.328944394704947,0.742197717700701,0.845624378652333,"TGME49_283702","Not significant"
615.792074853995,-0.316427246236504,0.184973473634929,-1.71066283190971,0.0871433727657489,0.210782244893239,"TGME49_283710","Not significant"
385.17793718652,0.317592847955421,0.102071406061436,3.11147715320258,0.00186153878053458,0.0102839900565946,"TGME49_283720","Not significant"
632.730492096234,0.119568982267341,0.110633866130955,1.0807629385907,0.279802578248125,0.472626252205408,"TGME49_283730","Not significant"
420.181120083872,-0.0275289721073168,0.347234805873243,-0.0792805664688064,0.93680946335235,0.963101620368112,"TGME49_283740","Not significant"
68.8997651963476,0.185749219321295,0.200200244994968,0.927817142910908,0.353502430025319,0.548812860054581,"TGME49_283760","Not significant"
3.10807682727025,0.750386002631502,0.786975776866494,0.95350584438484,0.340333836427865,0.535940115769054,"TGME49_283770","Not significant"
8194.41545016399,-0.0419337559599532,0.067712908217634,-0.619287475073071,0.535726994085581,0.704029074968316,"TGME49_283780","Not significant"
157.762903180093,-1.38899114510326,0.462757028246949,-3.00155602253117,0.00268603609806247,0.0138772843389098,"TGME49_283790","Not significant"
11.2874582133211,-0.825502949311194,0.456837891161832,-1.80699317040399,0.0707633440742103,0.179939810510156,"TGME49_283800","Not significant"
684.062468320843,-0.336223278993705,0.145339426535955,-2.31336593935526,0.0207025281085361,0.0711386183434154,"TGME49_283810","Not significant"
217.399321632076,-0.0937940718838102,0.195303601292837,-0.480247528785586,0.631051394419948,0.773313734090268,"TGME49_283820","Not significant"
215.835885409759,0.0474959240630667,0.42133867956818,0.11272623750505,0.910247599307407,0.947291205217281,"TGME49_283830","Not significant"
4.74501867895606,-0.521326432648995,0.705585645003895,-0.738856347688476,0.459994231615608,0.6459051381916,"TGME49_283840","Not significant"
2141.12602134103,-0.210955809982828,0.0800822628477616,-2.6342388748912,0.00843261385909038,0.0350959236617557,"TGME49_283850","Not significant"
568.553976906781,-0.0616749697781804,0.195191716068373,-0.315971246221211,0.752024333095948,0.853161534142892,"TGME49_283860","Not significant"
105.498410836314,-0.014469089443724,0.153543656626511,-0.0942343680072667,0.924922984512879,0.955471761948518,"TGME49_283878","Not significant"
10.5380281306356,-0.40797805724605,0.467341098606975,-0.872977057789544,0.382675582771087,0.574257026488056,"TGME49_283882","Not significant"
122.670428976927,-0.0527506084126556,0.160235478671321,-0.329206795212057,0.741999387115461,0.845624378652333,"TGME49_283890","Not significant"
686.123501108194,0.0971010198118487,0.085558401093812,1.13490923825681,0.256413348765231,0.444955907525722,"TGME49_283900","Not significant"
33.8711607962942,-0.737991002405544,0.414258512227893,-1.78147456388189,0.0748349566412918,0.187248574586765,"TGME49_284010","Not significant"
226.718902967639,0.168637338960416,0.122167728743035,1.38037549437564,0.167471061350347,0.336597793104554,"TGME49_284040","Not significant"
158.300752272295,0.135891540490282,0.142562382090483,0.953207560771774,0.340484916337761,0.535970449024133,"TGME49_284050","Not significant"
159.246189419333,0.308231022852611,0.138896423336175,2.219142980425,0.0264769987815255,0.0857812566101059,"TGME49_284160","Not significant"
326.959331063855,-0.164105173809289,0.0919017266804716,-1.78565930953461,0.0741544375100999,0.186118483281522,"TGME49_284170","Not significant"
5643.24912109125,0.0995365941939603,0.107365577498007,0.927081067447417,0.353884445213801,0.548909865927519,"TGME49_284180","Not significant"
168.272327473281,-1.23801288828977,0.196310211767601,-6.30641104781331,2.8557998199985e-10,8.53800152067199e-09,"TGME49_284190","Not significant"
241.482494196117,0.0247675159290319,0.105043449076111,0.235783536687625,0.81360064384733,0.894322848846511,"TGME49_284310","Not significant"
1720.20923648775,-0.0961785554768062,0.131830944152848,-0.729559786549768,0.465659310426671,0.650196001440538,"TGME49_284420","Not significant"
1416.05531969764,0.183035399128208,0.066236071523948,2.76337945347545,0.00572062188879082,0.0252353201143059,"TGME49_284530","Not significant"
578.895626617318,0.124154822930659,0.0899391481133193,1.38043138649956,0.167453861936705,0.336597793104554,"TGME49_284540","Not significant"
12.9385266160112,-1.79350062299726,0.575755625562366,-3.11503794903518,0.00183921245951768,0.0101744732794543,"TGME49_284550","Not significant"
3264.01290141299,0.0101849590223774,0.210289070253724,0.0484331354458354,0.961371052015509,0.976501298399965,"TGME49_284560","Not significant"
1204.38161054294,0.205496856539198,0.107196076875307,1.91701844441786,0.0552355884709426,0.148832274832904,"TGME49_284570","Not significant"
209.331414410719,0.28837194455612,0.117925769921726,2.44536834270855,0.01447042702894,0.0538582568546389,"TGME49_284580","Not significant"
112.288290205401,0.362369483002217,0.13381576051919,2.70797312361611,0.00676955042781733,0.0292507885648302,"TGME49_284590","Not significant"
928.688717126294,-0.37894789168861,0.133950756357812,-2.82900897309125,0.00466923897918023,0.0215090873326315,"TGME49_284598","Not significant"
1.45716610246529,-0.432307091652975,1.32612240813561,-0.325993354007759,0.744429383447795,0.846615215596826,"TGME49_284602","Not significant"
2.38706970648997,3.56898260028484,1.25817185938168,2.83664157139773,0.00455907612184225,0.0211370621566825,"TGME49_284615","Up in 120DPI"
509.812930342151,-0.25030219030673,0.130836446192151,-1.91309224296055,0.0557362446334468,0.149823309190018,"TGME49_284620","Not significant"
4.96548156117,0.85200518036921,0.702729815464065,1.21242213098155,0.225350833578775,0.410686990853894,"TGME49_284630","Not significant"
145.481130020877,-0.296338559381412,0.203941395202759,-1.45305742900695,0.146207809536588,0.305645734486255,"TGME49_284645","Not significant"
2698.94010582712,0.209373314847634,0.268662084815555,0.779318432637695,0.435792159202501,0.623699725208508,"TGME49_284660","Not significant"
1.88220676220186,0.626188253237251,1.07174027647081,0.584272390414643,0.559037064578087,0.722518977932136,"TGME49_284680","Not significant"
3562.02447510941,-0.342264740234249,0.109274914920749,-3.13214373566407,0.00173534895132489,0.00969220993967992,"TGME49_284780","Not significant"
471.156160834878,0.268196129232127,0.109330496343146,2.45307702976454,0.0141640004127263,0.0531280679687685,"TGME49_285140","Not significant"
812.618913693046,-0.432997485093104,0.172375789570263,-2.51193909639269,0.0120069808498834,0.0466288291648768,"TGME49_285150","Not significant"
195.590585974594,-0.223777468946003,0.147102731195732,-1.52123259117637,0.128201479488323,0.277122390005062,"TGME49_285170","Not significant"
1116.05147743601,-0.359238305314842,0.132332414766009,-2.71466598678826,0.00663426447926818,0.0287272836770015,"TGME49_285180","Not significant"
436.826290829247,-0.0108004132053196,0.219006802285465,-0.0493154235056212,0.960667928293022,0.976030933643036,"TGME49_285190","Not significant"
197.106497955453,-0.0763044112607607,0.204459516929142,-0.373200584677137,0.708999161051644,0.8253050640813,"TGME49_285200","Not significant"
169.854558469502,-0.377814562735226,0.119237884863506,-3.16857820119604,0.00153186532328132,0.00876028748869457,"TGME49_285210","Not significant"
363.804451038964,-0.056064337104462,0.0814458594003589,-0.688363257717861,0.491224055497181,0.672044754256911,"TGME49_285220","Not significant"
1225.80582525986,-0.0106477695682424,0.0973732329279781,-0.10935006724197,0.912924836732852,0.948863084395649,"TGME49_285230","Not significant"
2729.522800861,0.145519865571494,0.0564203865880005,2.57920716910585,0.00990273779284331,0.0397429271668651,"TGME49_285240","Not significant"
4419.36758135941,-0.171716522466004,0.104559338994165,-1.64228775849077,0.100530382839543,0.234782617246169,"TGME49_285250","Not significant"
467.895264484907,0.39383379277984,0.142523901938065,2.7632824208741,0.00572232295754796,0.0252353201143059,"TGME49_285260","Not significant"
80.4057897778524,-0.0755907006495422,0.180102275104518,-0.419709859887527,0.674697421314161,0.801635731947175,"TGME49_285268","Not significant"
113.851887423004,-0.00748834354820845,0.150589293717766,-0.04972693186438,0.960339994479622,0.97594161898379,"TGME49_285272","Not significant"
817.35621030045,-0.348255488895389,0.125419261416823,-2.77673050344304,0.00549086856522645,0.0246150734136833,"TGME49_285290","Not significant"
6.22569245858301,-0.424053314421971,0.921879492531741,-0.459987794345443,0.645524981507123,0.783998413234071,"TGME49_285300","Not significant"
219.344777371996,-0.294703426104652,0.115066612537192,-2.56115496586291,0.0104324810257632,0.0415867331870131,"TGME49_285400","Not significant"
1.67481380412229,-0.643121370409663,1.31505997724299,-0.48904337561695,0.624810988491927,0.768678208535,"TGME49_285410","Not significant"
118.520943950989,-0.678925731911596,0.190169011179151,-3.57011759014726,0.000356821013992099,0.00250575862330203,"TGME49_285425","Not significant"
29.7770140041087,-1.71024934131598,0.279158321201121,-6.12644944258647,8.98617422748983e-10,2.40380160585353e-08,"TGME49_285445","Not significant"
602.69543516566,2.20621540526903,0.416791983946209,5.29332494444942,1.20112216990775e-07,2.14200120300215e-06,"TGME49_285470","Up in 120DPI"
10.5907365153628,-1.47328088846819,0.504309083973077,-2.92138479216219,0.0034847913267341,0.0171747412539404,"TGME49_285480","Not significant"
52.3732588963614,0.0453892835010695,0.219900805067525,0.206407991490217,0.836472228931312,0.905751287039871,"TGME49_285490","Not significant"
550.499634050364,0.0924289753679011,0.0728979202192758,1.26792335213235,0.204825323835127,0.386100958142618,"TGME49_285500","Not significant"
860.038073135918,0.101646162117357,0.0791173422269279,1.28475198049261,0.198878967473132,0.378265051569241,"TGME49_285510","Not significant"
372.152257028986,-0.137896339348688,0.216067576236004,-0.638209312803453,0.523337435779079,0.695161716392595,"TGME49_285520","Not significant"
333.839048663525,0.308736356418536,0.399385349083833,0.773028748116973,0.43950536717131,0.627247744092153,"TGME49_285530","Not significant"
98.6759401142057,-0.383764848785891,0.164546785874716,-2.33225369153114,0.0196873491195536,0.0681266055490255,"TGME49_285540","Not significant"
212.489156512352,-1.11695392422893,0.181075924924295,-6.16842865607842,6.8971956895954e-10,1.92082175848595e-08,"TGME49_285650","Not significant"
341.381449642993,-0.0887454279346114,0.114916353656751,-0.772261084785974,0.439959808956462,0.627335428290801,"TGME49_285660","Not significant"
1038.83849290623,0.234964401895993,0.281705380926483,0.834078501174643,0.404236749060748,0.59579813295646,"TGME49_285670","Not significant"
1684.3965665392,0.0109465308395234,0.138593714437545,0.0789828808900011,0.937046239590814,0.963101620368112,"TGME49_285680","Not significant"
4.39768739507511,0.242732389327965,0.897602640982333,0.270422989244237,0.786834855858566,0.874834707115376,"TGME49_285690","Not significant"
682.002904792584,-0.157133456774884,0.071942498212543,-2.18415346532251,0.0289509730625614,0.0912516716840113,"TGME49_285700","Not significant"
1207.07089597823,-0.383018607581635,0.229125381129034,-1.67165508113627,0.0945923565238673,0.224394703399092,"TGME49_285710","Not significant"
1755.03949635083,0.140813043121655,0.155721900295773,0.904259727464144,0.365857696059869,0.557981017321616,"TGME49_285720","Not significant"
93.9289192864063,0.11712233279122,0.184643063361849,0.634317534917043,0.525873615223498,0.696316708092798,"TGME49_285730","Not significant"
6.14630766637673,1.12725156710371,0.631974523395617,1.78369780010586,0.0744727838146248,0.186457105289572,"TGME49_285740","Not significant"
343.691737646007,0.458929382000742,0.168029979945205,2.73123511739037,0.00630974394738339,0.0274683285760823,"TGME49_285750","Not significant"
221.883023754276,0.101568395236029,0.207683286633493,0.489054256037805,0.624803285651115,0.768678208535,"TGME49_285760","Not significant"
6.65497291747663,-0.416507082360084,0.558202855680141,-0.746157204539185,0.455572456556102,0.642510443412109,"TGME49_285770","Not significant"
20.4305353673515,-0.951557152202862,0.60498422884822,-1.57286274059483,0.115750604173493,0.258878964009583,"TGME49_285780","Not significant"
152.625269028949,0.036030601074849,0.218627977310321,0.164803249419936,0.86909884634975,0.92294248119917,"TGME49_285800","Not significant"
702.405161495663,0.238921903694016,0.0851077691784445,2.80728664375013,0.00499607631463304,0.0229019687658376,"TGME49_285810","Not significant"
24.7242814758407,0.621726389509857,0.282898764374115,2.19769920482107,0.027970548263601,0.0888501947185951,"TGME49_285820","Not significant"
3.35680515910085,1.99881547719869,0.883935924232386,2.26126738647314,0.0237427044994675,0.078999866198719,"TGME49_285825","Not significant"
304.290432138493,0.261775923329676,0.158538839800652,1.65117849770337,0.098702132365425,0.2317106640865,"TGME49_285830","Not significant"
1093.29555921443,0.140472113117779,0.187886817776397,0.747642196404403,0.45467600558824,0.641691301187707,"TGME49_285840","Not significant"
405.589649874101,0.172912334670432,0.104773024873417,1.65035165186209,0.0988710336283126,0.23183945947677,"TGME49_285850","Not significant"
1.45592804296222,-1.76271949339437,1.29922239776168,-1.35674961918084,0.174860780509892,0.346146024125229,"TGME49_285860","Not significant"
2.79492837667276,-0.681795530592445,0.839020218055714,-0.812609179040273,0.416442167167547,0.607865432697627,"TGME49_285865","Not significant"
1222.03948503959,-1.06312469856128,0.127544665742424,-8.33531290683892,7.72935075004904e-17,5.23792335828323e-15,"TGME49_285870","Not significant"
83.2436578981106,0.824961309133383,0.170882277179255,4.827658682638,1.38147600951676e-06,1.92365803242984e-05,"TGME49_285880","Not significant"
34.2729933653631,0.293867928233448,0.257173228154949,1.14268475899206,0.253169499970074,0.442679898642563,"TGME49_285895","Not significant"
1894.33267450287,0.100517717462317,0.114864112693856,0.875101153048765,0.381518869755702,0.573053463031653,"TGME49_285930","Not significant"
35.4946279397258,-0.814016306990438,0.400147632564301,-2.03428994887189,0.0419223699886822,0.12039905871755,"TGME49_285940","Not significant"
192.706747093924,0.165441928948235,0.139628003955836,1.18487641634241,0.236066313192272,0.4237827037034,"TGME49_285950","Not significant"
390.83886783998,0.470179022752154,0.13926553131897,3.37613347896736,0.000735122456963857,0.00468496537619913,"TGME49_285970","Not significant"
23817.9367495052,0.509406702519349,0.0326265575799385,15.6132531380685,5.91428699330848e-55,2.40474909147923e-52,"TGME49_285980","Not significant"
689.516227016483,-0.092968127835405,0.0688064727355463,-1.35115381067015,0.176646167063626,0.348323625257373,"TGME49_285990","Not significant"
1518.27170957899,0.233848261932421,0.703340359171093,0.33248235919238,0.739525058125498,0.844163078702492,"TGME49_286000","Not significant"
2118.59517308754,0.123348175220632,0.667089959565524,0.184904859459988,0.853303659419678,0.914051976063182,"TGME49_286010","Not significant"
24.1441046228594,0.127177424957289,0.811979639173237,0.15662637192083,0.875539317272906,0.926473166377177,"TGME49_286020","Not significant"
538.462818540577,-0.0752236047122738,0.146054165514638,-0.515039091471408,0.606525703518307,0.756915756397114,"TGME49_286030","Not significant"
40.0058695124822,1.15828226306536,0.272844264111205,4.24521390192492,2.18384991696253e-05,0.000218170362711785,"TGME49_286040","Not significant"
329.509953400255,0.0567812050211402,0.0941960828127282,0.602797943668498,0.546643114905876,0.714449021281676,"TGME49_286050","Not significant"
47.7543168152992,0.43516780145649,0.311181733280802,1.39843620275682,0.161982118060562,0.328652341334454,"TGME49_286060","Not significant"
9.61442487003593,1.12828830527491,0.556067871229392,2.02904782608715,0.0424534192571328,0.121560283591199,"TGME49_286070","Not significant"
1223.43386558019,-0.19706822807026,0.0885876144102608,-2.22455734226696,0.0261109690043442,0.0848036643535709,"TGME49_286080","Not significant"
24900.1036964146,0.450865676512315,0.246063293692709,1.83231586371988,0.0669043749716975,0.172500436674015,"TGME49_286090","Not significant"
3.54174820763891,-0.662076615807091,0.909767178975496,-0.727742911711397,0.466770976761189,0.651077458494338,"TGME49_286100","Not significant"
3404.44515575805,-0.324994486126164,0.0578114053769179,-5.62163268661729,1.89161127681363e-08,3.96458322243517e-07,"TGME49_286120","Not significant"
416.519476055791,0.0551641997381392,0.105990719750035,0.520462544911825,0.602741226995933,0.753843687777749,"TGME49_286130","Not significant"
329.162627432273,-0.13010214208487,0.219427911140567,-0.5929151920948,0.55323791033681,0.719368514048439,"TGME49_286140","Not significant"
657.353404897319,0.386129207737838,0.0788073172222263,4.89966187592714,9.60017262908012e-07,1.39408221106571e-05,"TGME49_286160","Not significant"
5.71898663071708,-2.02218928545471,0.964296437729496,-2.09706186431228,0.0359880992992254,0.106964628472698,"TGME49_286170","Not significant"
524.565160149294,-0.106933808461529,0.154729123646401,-0.691103303253387,0.489500624579989,0.670589467500753,"TGME49_286180","Not significant"
156.56337665397,-0.663174060351432,0.177577390632774,-3.73456360625807,0.000188040963655912,0.00142644507131518,"TGME49_286190","Not significant"
71.2698987329103,-0.234935315117096,0.189658739984602,-1.2387265418729,0.215446785875285,0.399273760879175,"TGME49_286200","Not significant"
286.953758664749,0.0465240069367441,0.114807941250725,0.405233352587883,0.685305991019214,0.808582851429299,"TGME49_286210","Not significant"
422.469893514784,0.657675575550873,0.112561467947614,5.8428127097361,5.13267135462127e-09,1.16589059932347e-07,"TGME49_286220","Not significant"
163.199288130198,0.159798095259237,0.15372843260508,1.03948301918715,0.298580151420762,0.491707936685629,"TGME49_286230","Not significant"
2867.51936442446,0.194229732913589,0.175674649810561,1.10562185906183,0.268890224487955,0.460146318505062,"TGME49_286240","Not significant"
56.5531678737992,-0.144437495491111,0.203035556072562,-0.711390153946687,0.476842498692278,0.659102795637242,"TGME49_286250","Not significant"
1470.04546811644,0.218294295386726,0.116951713459506,1.86653353704227,0.0619667564802797,0.162657735215505,"TGME49_286260","Not significant"
1521.60901531945,0.433848589194505,0.13911750785011,3.11857648903507,0.00181726965956802,0.0100808432444294,"TGME49_286270","Not significant"
409.876970472455,-0.0172686536709912,0.100533460305078,-0.171770210819243,0.863618185723361,0.919714914392663,"TGME49_286410","Not significant"
6045.78568178322,-0.256010633957349,0.15455997666727,-1.65638375132832,0.0976441295122312,0.22993537215244,"TGME49_286420","Not significant"
732.968470535168,0.00409517714025155,0.128231263807916,0.0319358713206315,0.974523192043292,0.984670033681831,"TGME49_286430","Not significant"
534.371530608387,0.212877739597157,0.242704610668662,0.877106285746566,0.380428910858158,0.57205777166629,"TGME49_286440","Not significant"
17961.0449182975,0.151165824262464,0.228506976948707,0.661537018611019,0.508267982576874,0.683631365252255,"TGME49_286450","Not significant"
82.4407632339337,1.45676482481526,0.615775922347617,2.36573852914126,0.0179941477270821,0.0635657729438018,"TGME49_286460","Not significant"
4977.3396208634,0.422982163233197,0.186668797332602,2.2659500102716,0.0234544441341721,0.0784257975736381,"TGME49_286470","Not significant"
823.024602184731,0.355597551865789,0.17134708488943,2.07530552442871,0.0379582277776617,0.111194635550412,"TGME49_286480","Not significant"
1193.03782772838,-0.159206809346266,0.120934852395369,-1.31646755416524,0.188017161571403,0.362699442012048,"TGME49_286490","Not significant"
1224.32876796884,-0.665433799052711,0.0867414854230206,-7.67145957678182,1.70050071935203e-14,8.431995030348e-13,"TGME49_286500","Not significant"
999.609192532461,0.351838188723408,0.145195397737865,2.42320482746027,0.0153842497837795,0.0559002320114812,"TGME49_286510","Not significant"
377.662554230772,-0.165587898996382,0.126208257974385,-1.31202111220005,0.189513011232777,0.364158744646726,"TGME49_286520","Not significant"
89.8489753056853,0.388763684756734,0.204486792534797,1.90116769859637,0.0572800505416062,0.152922314840559,"TGME49_286525","Not significant"
7706.56943468071,-0.00848862917017185,0.095821765301107,-0.0885876934483254,0.929409588834796,0.958402076642729,"TGME49_286530","Not significant"
57.594816204625,0.0875727425826754,0.439455928551769,0.199275369594562,0.842047344992394,0.908393453790274,"TGME49_286540","Not significant"
404.459568210654,0.268406302760304,0.229459656902727,1.16973199726385,0.242108837311661,0.430815987969021,"TGME49_286550","Not significant"
164.564820384896,-0.0424318207911704,0.113383553940248,-0.374232587677852,0.708231281091149,0.824883525899917,"TGME49_286560","Not significant"
1800.84067654069,-0.469341754207308,0.314822452582779,-1.49081410921256,0.136010306414166,0.288782196281984,"TGME49_286580","Not significant"
822.140747750286,-2.14378812204474,0.071939236312427,-29.7999844303937,3.90842687926919e-195,1.58916636911085e-191,"TGME49_286590","Down in 120DPI"
7222.55516718142,-1.05991267309963,0.407970525577067,-2.59801286281748,0.00937649815035597,0.0382809507559633,"TGME49_286600","Not significant"
493.975166439936,0.316163814535172,0.0776965372836241,4.06921370744033,4.71720644693188e-05,0.00043101486321854,"TGME49_286610","Not significant"
1521.82191580229,-0.221892728266311,0.193124560186036,-1.14896172735649,0.250571762588856,0.440436442856372,"TGME49_286620","Not significant"
3294.66198686419,-0.176513363210343,0.117350993268972,-1.50414886396205,0.132543041003555,0.28349290095763,"TGME49_286630","Not significant"
802.842211612562,0.082666899643465,0.0715615937587258,1.15518527888271,0.24801456178067,0.437685420225782,"TGME49_286640","Not significant"
1102.64110004941,-0.262040642365066,0.141920917079373,-1.84638492871712,0.0648363339814217,0.168127891561518,"TGME49_286650","Not significant"
1.81777960246662,-0.0310041464404452,1.27071758642426,-0.0243989276387443,0.980534403692523,0.988067629594497,"TGME49_286660","Not significant"
658.353766120796,-0.0393772439493645,0.118017245216601,-0.333656694638941,0.738638631254247,0.844163078702492,"TGME49_286670","Not significant"
3309.74104552202,-0.190928325925867,0.21552351881094,-0.885881628971325,0.375681316608342,0.567640369130255,"TGME49_286680","Not significant"
1963.69969430502,-0.00609950717135122,0.186930367395782,-0.0326298356779929,0.973969777062794,0.984624841754679,"TGME49_286690","Not significant"
1093.05334160395,-0.0711635359679154,0.233772494560835,-0.304413639857859,0.76081277748617,0.858342051403653,"TGME49_286710","Not significant"
1196.53735318769,-0.367381764171171,0.0550839001961495,-6.66949440513386,2.56686165864443e-11,8.41682218068406e-10,"TGME49_286720","Not significant"
696.658822120126,0.305499933760655,0.082645890952968,3.69649271413274,0.000218598529773937,0.00162193726653436,"TGME49_286730","Not significant"
2823.32296649785,-0.202760979623002,0.13928738521202,-1.4557023905242,0.145474908774754,0.304270050966127,"TGME49_286740","Not significant"
2411.41090338569,-0.306302249434821,0.0805274682609671,-3.80369898681255,0.000142551385541409,0.0011211101230394,"TGME49_286750","Not significant"
326.854781480812,-0.272121938831671,0.398288493315859,-0.683228221247826,0.494462642462469,0.675339302738462,"TGME49_286760","Not significant"
1.23964008575277,-3.14663795779399,1.41491151927551,-2.22391147073649,0.0261544011557742,0.0848036643535709,"TGME49_286770","Not significant"
2.8955157438256,0.0307100894634891,0.967673617835713,0.0317359995120823,0.974682585877777,0.984670033681831,"TGME49_286782","Not significant"
336.568572421292,0.111919091486716,0.10686491081598,1.0472950441089,0.29496352110504,0.48897473043441,"TGME49_286790","Not significant"
253.220559646927,0.124984389775657,0.147954324588961,0.844749824804935,0.398250534296951,0.590119049727187,"TGME49_286800","Not significant"
75.0159595223166,0.199392434474419,0.198198423984677,1.00602431878991,0.314403871947609,0.509309220453776,"TGME49_286810","Not significant"
182.823488935752,-0.122037187258452,0.263886540027082,-0.462460825951665,0.64375088854764,0.78250855391172,"TGME49_286910","Not significant"
1147.94579113105,-0.0715119377675192,0.0822220608135835,-0.869741491029437,0.384441692366349,0.575954281931309,"TGME49_286920","Not significant"
129.135738527983,-0.000313935409425384,0.422459314847536,-0.000743113948235895,0.999407080908356,0.999907371899898,"TGME49_286928","Not significant"
63.8137303517881,-0.0419606979940979,0.229471806217634,-0.182857749218663,0.854909635099205,0.91475330955615,"TGME49_286932","Not significant"
13760.3558724231,0.276726592096024,0.0798727816890805,3.46459189531213,0.000531036672551937,0.00355130774769108,"TGME49_287040","Not significant"
829.269346135206,-0.490829925870857,0.098703629481351,-4.9727647144282,6.60047513661429e-07,9.9767776600274e-06,"TGME49_287160","Not significant"
1156.99676845627,-0.351217488385432,0.280781946792813,-1.2508549513142,0.210987402043414,0.393520539774552,"TGME49_287170","Not significant"
196.705881581326,-0.715753756568242,0.202610571795483,-3.5326575026437,0.000411405081092741,0.0028448521423862,"TGME49_287180","Not significant"
243.781689088073,0.571748842868371,0.107135998234031,5.33666416790578,9.46721548831845e-08,1.74179629753406e-06,"TGME49_287200","Not significant"
1709.56663073847,-0.153494423863032,0.090183191684348,-1.70202918078439,0.0887498981927624,0.213787137246793,"TGME49_287210","Not significant"
2794.54150539614,0.395581971411761,0.0806952382360632,4.90217242130866,9.4782586254729e-07,1.38131181258684e-05,"TGME49_287220","Not significant"
1574.76714624929,-0.126180331529348,0.0734506180563968,-1.71789339379643,0.0858160620251074,0.208190995342534,"TGME49_287230","Not significant"
220.722457627918,0.0214898666839388,0.292882262217109,0.073373739062452,0.941508714446405,0.965747229412412,"TGME49_287235","Not significant"
308.060507312233,-0.262085260116336,0.284906002501428,-0.919900801721515,0.357624599896726,0.551475186191019,"TGME49_287240","Not significant"
151.299340723673,-0.399893332886226,0.217086982329955,-1.84208803583819,0.0654622735605798,0.169534779807209,"TGME49_287250","Not significant"
453.327928164406,0.180552417165031,0.306290037220023,0.589481848001905,0.555538085374137,0.720289095976601,"TGME49_287260","Not significant"
716.003336807791,-0.700561852965506,0.217803494888822,-3.21648582050123,0.00129770946196971,0.0076249807404174,"TGME49_287270","Not significant"
280.952254520232,-0.240298850535319,0.230826470215438,-1.04103680271608,0.297858468022321,0.491006083158259,"TGME49_287280","Not significant"
802.14627017161,-0.122650314392081,0.0958702069883271,-1.27933711885085,0.200778366717912,0.380659685171427,"TGME49_287430","Not significant"
57.0164877723024,-0.0782823881903598,0.211228618479828,-0.370605028588186,0.710931736113976,0.826176069421443,"TGME49_287440","Not significant"
188.101677875441,-0.271785916317052,0.123519948137489,-2.2003402722816,0.0277827620202692,0.0886693174053491,"TGME49_287450","Not significant"
76.7563235457581,-0.0783563508119667,0.190463313839573,-0.411398653275381,0.680780241254715,0.805489441475498,"TGME49_287460","Not significant"
639.794489226878,0.0394039055341924,0.134749833634342,0.29242266555311,0.769963480591895,0.865304453313059,"TGME49_287470","Not significant"
772.355225404312,0.292770769721997,0.154206218520877,1.89856655931395,0.0576214887233166,0.153531437188077,"TGME49_287480","Not significant"
19.8568562532829,0.651834299443174,0.336626046206584,1.93637511650881,0.0528217748394357,0.14366109464692,"TGME49_287490","Not significant"
2182.24395683204,-0.0613520451409827,0.111104577347555,-0.552200877818585,0.580810733023872,0.738454171505649,"TGME49_287500","Not significant"
99.0390832573692,0.328718357984221,0.164508779153666,1.99818125011534,0.0456970135376726,0.128673169698183,"TGME49_292600","Not significant"
734.940404564377,0.0678097300675237,0.125100153179566,0.542043541467058,0.587788510946344,0.743143061414128,"TGME49_292610","Not significant"
5011.73971127423,-0.481874331290346,0.169824633335905,-2.83748194725804,0.00454709181074086,0.0211055654137812,"TGME49_292920","Not significant"
1329.33234389649,-0.10962435325196,0.145065596416892,-0.755688157355515,0.449836186095074,0.637072076859133,"TGME49_292950","Not significant"
865.423900725142,0.14290425961932,0.12340659678405,1.15799530449242,0.246865952597941,0.436605899636028,"TGME49_292960","Not significant"
156.3472910449,0.287207662432892,0.136740967870579,2.10037757451538,0.0356956401209339,0.106328551451807,"TGME49_292975","Not significant"
1405.84810075016,0.0107246571721128,0.0642604543381313,0.166893578369067,0.867453786004435,0.922004728789495,"TGME49_293000","Not significant"
35.0834974994623,0.804519261683439,0.25084320307971,3.20725956217275,0.00134006026830767,0.00782857047548707,"TGME49_293020","Not significant"
83.6441100374168,1.18617429021134,0.268278633037186,4.42142662195138,9.80513627187876e-06,0.000109226531730025,"TGME49_293030","Not significant"
636.453498599745,0.376506147331822,0.123271166589376,3.05429207615101,0.00225592331089767,0.0120519287647455,"TGME49_293040","Not significant"
347.128547296148,0.303460426269254,0.100166344066594,3.02956476146821,0.00244906390984835,0.012832337445159,"TGME49_293050","Not significant"
1881.40987867404,0.120916741226854,0.062711608421255,1.92813969009717,0.0538377533304839,0.145548075160736,"TGME49_293060","Not significant"
369.295690667754,-0.458030840994627,0.0870485166407481,-5.26178800823148,1.42661199661829e-07,2.52200190358694e-06,"TGME49_293170","Not significant"
1331.52094559328,-0.2413642672879,0.0985460233765474,-2.44925425722801,0.0143152356404449,0.0534979302518833,"TGME49_293180","Not significant"
2149.67847209113,-0.215446671680457,0.132649692002043,-1.62417770014226,0.104337888731227,0.240480730736349,"TGME49_293190","Not significant"
14.3292581131321,0.606949594044926,0.40383235959415,1.50297414168322,0.132845712232571,0.283692576647917,"TGME49_293200","Not significant"
20.9611326028918,0.266918283223882,0.329386030153328,0.810350952344981,0.417738498837641,0.608136318035749,"TGME49_293210","Not significant"
226.764839017196,-0.0608136782269297,0.142591897722413,-0.426487613940851,0.669752571507565,0.799276060324036,"TGME49_293220","Not significant"
288.202582962779,-0.427011542581024,0.15943975222261,-2.67819998857518,0.00740190086358215,0.0315473049384958,"TGME49_293230","Not significant"
564.26763870713,-0.0817732582965891,0.121688736357498,-0.671987077393549,0.501591923137111,0.679060981928513,"TGME49_293240","Not significant"
28.7779383255072,2.78998910473306,0.656152958237273,4.25204073182608,2.1183131962763e-05,0.000212144370838902,"TGME49_293250","Up in 120DPI"
185.005574330086,1.65355244613999,0.253092365634599,6.53339519741697,6.42951903355483e-11,2.05845861342e-09,"TGME49_293252","Not significant"
12.4452795026336,2.45254962679861,0.991301960437896,2.47406917839164,0.0133583827448646,0.050714457741008,"TGME49_293258","Not significant"
2510.16893118111,-0.495811528315463,0.223599592882863,-2.21740801010851,0.0265952228413687,0.0860956815867877,"TGME49_293260","Not significant"
1311.43393982942,-0.247419354523029,0.294651348578139,-0.83970209441419,0.401075439393663,0.59247141920322,"TGME49_293270","Not significant"
987.258609049568,0.667113212395744,0.218443957578405,3.05393300776607,0.00225862511528188,0.0120519287647455,"TGME49_293280","Not significant"
9.09388652941311,0.372593337867679,0.487693149677952,0.763991329617241,0.444872409519581,0.632012892911623,"TGME49_293290","Not significant"
394.563345711376,-0.1452683392494,0.131640083416885,-1.10352664233246,0.26979852821856,0.461279141665367,"TGME49_293300","Not significant"
572.030412842833,0.323446277053985,0.132685352992545,2.43769391088824,0.0147812841037982,0.0543405977993162,"TGME49_293310","Not significant"
436.43549539253,0.00867705934949553,0.171769128115013,0.0505158257756631,0.959711338360168,0.975581028648891,"TGME49_293320","Not significant"
353.388689621365,-0.218134830244012,0.207062873006187,-1.05347147500215,0.29212496106665,0.48579962850593,"TGME49_293330","Not significant"
728.940589587991,-0.134462957403085,0.0747762399691298,-1.79820431541618,0.0721446359637249,0.182107168103859,"TGME49_293340","Not significant"
870.907812157043,0.291422672409416,0.213086730881279,1.36762468129366,0.171429586749771,0.341180959238653,"TGME49_293350","Not significant"
13902.3368027001,-0.0741754602458793,0.125500641092889,-0.591036504673939,0.554495961970748,0.720100651245436,"TGME49_293360","Not significant"
515.959605903784,-0.138683393192751,0.109591118089666,-1.26546197912938,0.205705769529281,0.387158401655032,"TGME49_293370","Not significant"
294.92067639137,-0.04943981470788,0.115303963204733,-0.42877810383755,0.668084715020829,0.798250110770541,"TGME49_293380","Not significant"
242.549343631775,0.510209755204926,0.135028707753716,3.77852801594989,0.000157758106568719,0.00122413065135193,"TGME49_293390","Not significant"
421.844325985144,0.189107325836484,0.192665075018145,0.981534021247362,0.326329465843133,0.521153027540526,"TGME49_293400","Not significant"
46.1640163677895,0.283784786184617,0.271970711594532,1.04343877515641,0.29674512289273,0.490673310159349,"TGME49_293410","Not significant"
2.49268118331458,-3.40006695301183,1.48182138910275,-2.29451874430736,0.0217607196421012,0.0741652020660382,"TGME49_293420","Not significant"
1498.99403619584,-0.470437401736309,0.170617348988823,-2.75726592005088,0.00582869289490151,0.0256765604665975,"TGME49_293430","Not significant"
2183.27127477476,-0.321560902561205,0.0990451631381869,-3.24660884360972,0.00116788781141353,0.00698328211942264,"TGME49_293440","Not significant"
204.160630615492,-0.479773347351244,0.114290612036409,-4.19783688968613,2.694766041188e-05,0.00026402213791495,"TGME49_293460","Not significant"
1489.67208612809,-0.0992244790637187,0.160852276844203,-0.616867109439954,0.537322382686866,0.705669511629457,"TGME49_293470","Not significant"
460.58845828151,-0.449043188205432,0.137381786898993,-3.2685787420685,0.001080890968538,0.00655955623593359,"TGME49_293480","Not significant"
1077.55270945534,0.195965239783308,0.360341050742394,0.543832681232321,0.586556617241084,0.74297171517204,"TGME49_293490","Not significant"
345.337925191336,-0.605520249866523,0.0988114345890709,-6.12803824157308,8.89692049439633e-10,2.39568733312685e-08,"TGME49_293500","Not significant"
4211.37481015492,-0.159516264477815,0.0761682703938814,-2.09426134600306,0.0362367056596082,0.107624868671999,"TGME49_293510","Not significant"
1.27142413947928,-0.0417368887628646,1.27393358776434,-0.032762217091795,0.973864208419775,0.984624841754679,"TGME49_293520","Not significant"
1236.52031670677,-0.615173456608663,0.0652612473653052,-9.42632084803987,4.24725755125247e-21,4.79704144538681e-19,"TGME49_293540","Not significant"
1167.88728170977,0.0405366871680532,0.131921123350152,0.307279730028213,0.758630462942714,0.857069036489323,"TGME49_293550","Not significant"
1471.68008039561,0.706050762272928,0.0839826119001992,8.40710649856859,4.20249455593588e-17,2.94609359731643e-15,"TGME49_293560","Not significant"
1242.2336810109,-0.0388875702297327,0.059523590973819,-0.653313578591672,0.513554140287265,0.687448498724392,"TGME49_293570","Not significant"
3079.85455298569,0.19097634834521,0.0528734040373754,3.61195485371457,0.000303897480977351,0.0021792718829875,"TGME49_293580","Not significant"
2703.45307517876,-0.366377060603451,0.0932743327589677,-3.9279515571579,8.56724617160218e-05,0.000724208377000717,"TGME49_293590","Not significant"
817.876656975192,-0.816533854989515,0.242058913373647,-3.37328563368827,0.00074276857297587,0.00471890159018732,"TGME49_293600","Not significant"
924.375666172103,0.209794348637188,0.243513637405966,0.861530183163564,0.388946104786706,0.580563458907028,"TGME49_293610","Not significant"
31.5995385950674,-0.946568000374121,0.278001091557837,-3.40490749539806,0.00066186469960603,0.00428693635685177,"TGME49_293620","Not significant"
921.651994741858,0.0789782912482027,0.0751094357988878,1.05150957943119,0.293024612077672,0.486897455131923,"TGME49_293630","Not significant"
548.044273865434,0.150678979555964,0.152545202198658,0.987766100698046,0.323267213257996,0.518298300121062,"TGME49_293650","Not significant"
1302.61128105564,-0.313578732187152,0.0995354895135495,-3.15042135945356,0.00163035141336317,0.00922326535251267,"TGME49_293660","Not significant"
2965.72340001375,0.200546544251483,0.222986109316268,0.899367879310556,0.368456742361777,0.560574919728485,"TGME49_293670","Not significant"
2163.98520215077,-0.0895465469998265,0.0758793740608451,-1.18011710175709,0.237953643686789,0.425657507800477,"TGME49_293680","Not significant"
5073.8514277765,0.267405459259635,0.109790963709087,2.43558713965004,0.0148676430904319,0.0545551109061324,"TGME49_293690","Not significant"
2034.72932428534,0.0721478076812324,0.259924786159662,0.277571865104525,0.781341032119331,0.870968758462307,"TGME49_293700","Not significant"
8025.93934166923,-0.130548829454623,0.240651469265341,-0.542480915878723,0.587487250824133,0.743143061414128,"TGME49_293710","Not significant"
5654.40256111368,0.467445686079246,0.1518154339802,3.07903929017001,0.00207669291901792,0.0112885473378701,"TGME49_293720","Not significant"
493.850288606964,-0.653788053146913,0.151032246996912,-4.32879776436272,1.49925526693249e-05,0.000155509487636416,"TGME49_293730","Not significant"
14247.1555130505,0.434288282318224,0.240837353178769,1.80324304592345,0.0713500528605998,0.181091956885892,"TGME49_293740","Not significant"
14975.403461109,-0.0638834306250941,0.184527020148493,-0.346200955142969,0.729191696955801,0.838250901844017,"TGME49_293760","Not significant"
7439.55420663855,-0.201177613756329,0.106301034661314,-1.89252733425692,0.0584207552417642,0.155152704645992,"TGME49_293770","Not significant"
31532.1586953277,0.127481128577377,0.142929017581508,0.891919154937719,0.372436266813832,0.564652579193984,"TGME49_293780","Not significant"
70889.8492858134,0.638104897831138,0.245839107068907,2.59561997860772,0.00944204315207352,0.0385034976169198,"TGME49_293790","Not significant"
180.262468429904,1.09325825108835,0.122818865863133,8.9013869604256,5.51531126443349e-19,4.48505112023731e-17,"TGME49_293800","Not significant"
2359.56879397432,0.280014590907048,0.0570589154144922,4.9074643090031,9.22614380290545e-07,1.35427800370446e-05,"TGME49_293810","Not significant"
1130.09978188072,-0.136658663829827,0.277284964416,-0.492845560947198,0.622121715367711,0.768678208535,"TGME49_293820","Not significant"
1.53856795138682,0.435804057085132,1.50686730861246,0.289211966172673,0.772419175274093,0.866254711408282,"TGME49_293830","Not significant"
650.375319820665,0.179872294473402,0.284507342188351,0.632223734859969,0.527240690076805,0.697487423235434,"TGME49_293840","Not significant"
169.927547270145,0.352147126386761,0.206207564146334,1.70773137175929,0.0876861982582051,0.211969133244865,"TGME49_293850","Not significant"
685.071373122253,-0.506314728136516,0.107227906862572,-4.72185593238735,2.33702206357306e-06,3.09522205553358e-05,"TGME49_293860","Not significant"
6022.54938844366,0.19125813859972,0.106925999316996,1.78869629296341,0.0736637403024803,0.185001092075284,"TGME49_293870","Not significant"
7582.92390969881,0.103639358245767,0.13491402708459,0.768188160159104,0.442375406543675,0.629575919848296,"TGME49_293900","Not significant"
701.184162799054,0.0697756358487065,0.313107598548915,0.222848746475904,0.823653227619469,0.900261834274398,"TGME49_294010","Not significant"
392.627529903506,0.0735892027352157,0.0948302166708879,0.77601006639698,0.437743042238967,0.626019319470373,"TGME49_294020","Not significant"
107.492634778487,-0.090125498450144,0.163937228277422,-0.549756143843237,0.582486642732869,0.739659803045548,"TGME49_294025","Not significant"
352.591943386735,0.605126350556259,0.0890230317478488,6.79741341847618,1.06514120591652e-11,3.67022385021744e-10,"TGME49_294040","Not significant"
1210.47230334316,-0.238817644586796,0.217543972891291,-1.09779021414735,0.272296105560205,0.463245173727111,"TGME49_294050","Not significant"
294.1996351951,0.116135875926456,0.162852080583593,0.713137194872024,0.475760865330466,0.658497182042714,"TGME49_294060","Not significant"
22.7833273400935,0.962207157741314,0.405325246030633,2.37391370797711,0.0176006633135777,0.062447030569814,"TGME49_294180","Not significant"
808.686998552708,0.160189473499177,0.0780783338628286,2.05165076627538,0.0402036147069701,0.116430126352237,"TGME49_294190","Not significant"
594.233290439793,-1.24750657270202,0.199039433283041,-6.26763527269504,3.66572141943486e-10,1.07228944542605e-08,"TGME49_294200","Not significant"
1853.82566991508,-0.147510250297859,0.123545935719824,-1.19397088571477,0.232489356928048,0.418831070123812,"TGME49_294220","Not significant"
1349.80815363848,0.123239824268798,0.134348513864774,0.917314384235341,0.358977921959771,0.552223033268005,"TGME49_294230","Not significant"
512.521323609124,-0.904621765209496,0.087724330434862,-10.3120965497845,6.21308977461028e-25,9.35645297169088e-23,"TGME49_294240","Not significant"
823.301191330541,-0.0186772213589039,0.102128426657065,-0.182879752192989,0.854892370367375,0.91475330955615,"TGME49_294250","Not significant"
13.9232216938628,0.797060065748141,0.419810940386589,1.89861670830722,0.0576148899617413,0.153531437188077,"TGME49_294260","Not significant"
894.896748545977,0.14417088062218,0.136150399929543,1.05890897637309,0.289641235837145,0.483250416460334,"TGME49_294270","Not significant"
1434.28828547278,-0.239428662317939,0.0807795552909769,-2.96397598941329,0.00303691981789833,0.0152577439962664,"TGME49_294280","Not significant"
1.31718955064613,-1.11898395195104,1.75832496820025,-0.636392004998022,0.52452095060714,0.695964576980162,"TGME49_294285","Not significant"
1583.95840343407,0.0595449191307669,0.0699639156033118,0.851080426492713,0.394724677629706,0.587033847564881,"TGME49_294290","Not significant"
632.940567325295,0.282131617981047,0.150071008242496,1.87998748915685,0.0601097830093865,0.159015209964974,"TGME49_294310","Not significant"
92.1681643802167,0.146610080181992,0.150673925121568,0.973028877184313,0.330538950204886,0.525193970899987,"TGME49_294320","Not significant"
5096.14934235686,0.0110451211130391,0.211570661730044,0.0522053531558751,0.958365067550601,0.974665423877124,"TGME49_294330","Not significant"
3543.19961815639,-0.285639460160458,0.213536998936539,-1.33765793086446,0.181007970663508,0.353665741815389,"TGME49_294340","Not significant"
185.773415813287,-0.277814938358168,0.138766147171455,-2.00203683694488,0.0452807698348663,0.127855284825393,"TGME49_294350","Not significant"
2350.02341095476,0.0733190564236877,0.0545045888902039,1.34519052279037,0.178563715951987,0.350405438735897,"TGME49_294360","Not significant"
2575.98912314095,0.264767442277934,0.0708639447121707,3.73627863017426,0.000186763716535833,0.00141940424567233,"TGME49_294370","Not significant"
399.057324683946,1.15219551831115,0.295901501050783,3.89384816981178,9.86664183571251e-05,0.00082208536278703,"TGME49_294380","Not significant"
917.777544858069,0.370264616853137,0.170866891566538,2.16697695766854,0.0302366111464574,0.0937058391169936,"TGME49_294390","Not significant"
2578.3017906037,-0.233955008466351,0.0863426599334486,-2.70961085339135,0.00673621907048439,0.0291377305750952,"TGME49_294400","Not significant"
24.0621200601403,-1.4744209034832,0.340999933296628,-4.3238158120126,1.53353344946469e-05,0.000158257538211255,"TGME49_294410","Not significant"
584.405089208917,-0.0736614555139249,0.48262672496833,-0.15262614294465,0.878693107449929,0.927509391197147,"TGME49_294420","Not significant"
104.789945365782,0.0455899559564361,0.147219714356897,0.309672900505124,0.756809712660518,0.856916817509793,"TGME49_294430","Not significant"
364.100679403997,0.325847937143067,0.0890131243723561,3.66067295627096,0.000251553680164511,0.00183629670296032,"TGME49_294440","Not significant"
863.376275003074,0.349593735398901,0.198913434238038,1.75751696580004,0.0788297326173083,0.1949645333467,"TGME49_294550","Not significant"
3416.90457537958,-0.616867902170476,0.1051715418221,-5.86534999376467,4.48186297002008e-09,1.04132884777724e-07,"TGME49_294560","Not significant"
36.1601272980084,-1.07820000380245,0.267527453109127,-4.0302406024949,5.57197887744277e-05,0.000497926727817193,"TGME49_294570","Not significant"
18.431000663062,-2.20881214966472,0.551743583115205,-4.00333092628558,6.24568411969958e-05,0.000549674277720746,"TGME49_294585","Down in 120DPI"
20.7714492513627,-0.796377752957644,0.409669275794682,-1.94395284199143,0.0519011381419686,0.141630891063922,"TGME49_294595","Not significant"
1.30495494888293,-0.0538393375984237,1.39443261532303,-0.0386102110685009,0.969201161109115,0.981822372220113,"TGME49_294600","Not significant"
1470.11066012376,-1.33127826679228,0.0724694703046737,-18.3701945273694,2.27594649185075e-75,1.85079968717303e-72,"TGME49_294610","Not significant"
2138.86144214004,-0.147290905298756,0.178435111732566,-0.825459204013121,0.409110934759524,0.600955585524648,"TGME49_294620","Not significant"
802.569188168391,0.133112821284186,0.0999070374292757,1.33236681528483,0.182739681166306,0.356022780844371,"TGME49_294630","Not significant"
951.718022374407,-1.43553465607314,0.189430218177009,-7.57817137037626,3.50459296318573e-14,1.67643235156626e-12,"TGME49_294640","Not significant"
16.0996531716468,-0.0331711911057741,0.356715125184545,-0.0929907053663987,0.925910945270023,0.956006577823239,"TGME49_294650","Not significant"
13.9410414963584,0.207192627728058,0.43453489649037,0.476814703264342,0.633494074777237,0.775372338363711,"TGME49_294651","Not significant"
2762.25591635202,0.318300101773064,0.0590794717002444,5.3876599199811,7.13809538322184e-08,1.35901624017509e-06,"TGME49_294670","Not significant"
26.5311524571042,-0.0882961839574679,0.372074660373841,-0.237307705579177,0.812418084636292,0.893264448926761,"TGME49_294680","Not significant"
1339.49618870643,0.265081420766493,0.186431241425297,1.42187231463945,0.155063321629316,0.318428013002423,"TGME49_294690","Not significant"
829.063347634072,0.12542037694613,0.0720814667504426,1.73998092159188,0.0818623680317524,0.200513486998256,"TGME49_294700","Not significant"
146.255926122734,0.458602302658761,0.248536002696985,1.84521476841281,0.0650063030166664,0.168461203356129,"TGME49_294705","Not significant"
500.585922513888,-0.540681251064966,0.282188165617976,-1.91603092171107,0.0553611599080114,0.149071838533758,"TGME49_294710","Not significant"
390.175687557392,0.0219520428685454,0.163121961324861,0.134574417143179,0.892948369738802,0.937271797394946,"TGME49_294720","Not significant"
91.5263072298815,0.145262204682869,0.278274766694807,0.52200997743422,0.601663383722958,0.752898136911277,"TGME49_294730","Not significant"
630.602168634985,0.275588979053922,0.130576677267202,2.11055285539222,0.0348107635335436,0.104457981201025,"TGME49_294740","Not significant"
448.169791523764,0.13545050119513,0.236832250870499,0.571925912527828,0.567372168090388,0.728688974271859,"TGME49_294750","Not significant"
282.939437580676,0.255420085648037,0.207118081718994,1.23320998112843,0.217497432473611,0.401355321014773,"TGME49_294760","Not significant"
1261.47796678394,-0.233469569560967,0.205392733918339,-1.13669829066977,0.255664434155901,0.443864897215155,"TGME49_294770","Not significant"
441.934860020091,-0.0101254693888354,0.0949670711040086,-0.1066208452164,0.915089780759766,0.949899169918103,"TGME49_294780","Not significant"
173.216372435657,0.560407722077722,0.13001281102189,4.31040385691965,1.62956666430043e-05,0.000167742229292292,"TGME49_294785","Not significant"
4308.91438709525,-0.226627141510905,0.212785756550751,-1.06504845617734,0.286854002503105,0.480374124455364,"TGME49_294790","Not significant"
15852.4410332046,0.441409573363455,0.243700094616449,1.81128191213128,0.0700972241418412,0.17880508993772,"TGME49_294800","Not significant"
27.7775408438777,0.323461648115188,0.283702249553966,1.14014481247058,0.254225974974017,0.442679898642563,"TGME49_294805","Not significant"
295.224963182373,0.190760444913767,0.209639017418177,0.909947238176794,0.362850335775303,0.556106093201049,"TGME49_294812","Not significant"
274.219677305866,0.671338371979713,0.230805352777985,2.90867765370019,0.00362960889082943,0.0176320068699074,"TGME49_294820","Not significant"
2671.7741052072,-0.276767037973607,0.16982304979733,-1.62973776706935,0.103156931667371,0.23899491974902,"TGME49_294830","Not significant"
2008.57729259082,0.148864011719337,0.171856966439997,0.866208771183632,0.386375684198697,0.577574827923494,"TGME49_294840","Not significant"
50.0550301960156,-0.106973144394693,0.189507348043364,-0.564480192980247,0.572427376290069,0.732836811081682,"TGME49_294850","Not significant"
156.651825737119,-0.0688366842186929,0.148267606114983,-0.46427325578663,0.642451982474732,0.781630688432753,"TGME49_294860","Not significant"
21672.5639674852,-0.00603534051505299,0.163851868505715,-0.0368341268860323,0.970617263182751,0.982701641459429,"TGME49_294870","Not significant"
197.673741329679,0.290328168246703,0.129020097008449,2.25025538639683,0.0244327382165285,0.080701473264342,"TGME49_294880","Not significant"
943.521549613377,0.464725445700434,0.0673564125292318,6.89949818064835,5.21865569319111e-12,1.8613205305715e-10,"TGME49_294890","Not significant"
254.685242176258,0.340023632090083,0.111031063599533,3.06241893995072,0.00219555931696797,0.0117932260648209,"TGME49_294898","Not significant"
332.968767581585,0.357329246745368,0.146014990002405,2.44720933610641,0.0143967194666232,0.0537530407266208,"TGME49_294902","Not significant"
171.174451858053,0.0775437289627813,0.217218586260409,0.356984778778641,0.721103200766828,0.833823182429455,"TGME49_294920","Not significant"
1163.54942207215,0.330991161098654,0.236120344708748,1.40179009778648,0.16097793629476,0.327431860417456,"TGME49_294930","Not significant"
1603.6729551027,0.20263835177283,0.136623031989942,1.48319319825773,0.138023087832296,0.29235393155599,"TGME49_294940","Not significant"
404.247661482188,0.134652962719915,0.087417749615215,1.54033892787922,0.123477759591659,0.270841423005431,"TGME49_294960","Not significant"
3290.71494732518,-0.147375249791686,0.301187279157417,-0.489314323645984,0.62461918186765,0.768678208535,"TGME49_294970","Not significant"
8.18559080739635,1.47346807635884,0.549467826719293,2.68162757618853,0.00732649728720149,0.0313574083892224,"TGME49_294980","Not significant"
17.6149403461462,0.515671730456446,0.45861904924013,1.12440102806642,0.260842936122279,0.450546889665754,"TGME49_294990","Not significant"
646.105187365811,0.245645402781865,0.199217705617724,1.23305005456308,0.217557089895858,0.401355321014773,"TGME49_295000","Not significant"
406.813378082999,-0.215180137776836,0.212942837880763,-1.01050657499608,0.312252650937421,0.507258577440863,"TGME49_295010","Not significant"
76.9453797286296,-0.248153801641371,0.170939802849343,-1.4517028655993,0.146584242191209,0.306275194629732,"TGME49_295015","Not significant"
14.9318944517473,-1.59617256459135,0.405388728426863,-3.9373876298569,8.23734848040032e-05,0.000702160564388002,"TGME49_295020","Not significant"
4978.06135411518,0.180017355642767,0.052691171434755,3.41646144393799,0.000634406467024732,0.00413380880596564,"TGME49_295030","Not significant"
208.619840296203,-0.0466612250104511,0.173068547584451,-0.26961123590456,0.787459355357054,0.875050488899093,"TGME49_295035","Not significant"
1615.86033310535,0.204630738591027,0.159767342373183,1.28080454710858,0.200262326502634,0.380398930432635,"TGME49_295040","Not significant"
868.528587256683,-0.00227071333514079,0.074627498628694,-0.0304273006179481,0.975726272187446,0.984861638625501,"TGME49_295050","Not significant"
376.664665155628,-0.0379951248617428,0.173917315616638,-0.218466601367599,0.827065578074689,0.902326505350217,"TGME49_295060","Not significant"
189.594290119422,-0.375385872923826,0.245309612839699,-1.53025341558517,0.125954014248007,0.27463130827075,"TGME49_295070","Not significant"
250.21981719568,-0.0389963084264429,0.338237005566516,-0.115292850234195,0.908213005259882,0.946919228289513,"TGME49_295080","Not significant"
1844.94464079201,-0.0596111936425675,0.266821807709453,-0.223411999769821,0.823214865870477,0.900261834274398,"TGME49_295090","Not significant"
8908.20396371878,-0.257717130413851,0.143955619667752,-1.79025404502206,0.0734130803492056,0.184720579645148,"TGME49_295100","Not significant"
10774.0069959599,-0.0971281111403032,0.182405746253646,-0.532483834172861,0.59439093532955,0.746845965095782,"TGME49_295105","Not significant"
54370.8462911338,0.0165757397428083,0.113994212885573,0.145408607360156,0.884388269201187,0.931325433308345,"TGME49_295110","Not significant"
4.98081636856441,1.02874816074169,0.687227583073901,1.49695411837255,0.134405196970583,0.286121220357273,"TGME49_295130","Not significant"
2.84630771484872,1.01604479692047,0.976957730603843,1.04000896363496,0.298335736230267,0.491504498992004,"TGME49_295140","Not significant"
695.320843961036,-0.0831808383031403,0.127642092283944,-0.651672475864008,0.514612482166403,0.688067856786779,"TGME49_295310","Not significant"
586.507614436729,-0.0981479877237011,0.149011676069107,-0.658659712532749,0.510114309084544,0.685343363745149,"TGME49_295320","Not significant"
448.218585914826,0.032694283615856,0.112577883251695,0.290414801482456,0.771498921475148,0.86607250544394,"TGME49_295330","Not significant"
2290.8407814579,0.388907175838633,0.054247583927314,7.16911515100336,7.54840470199869e-13,3.00900132532614e-11,"TGME49_295340","Not significant"
1044.11312472836,0.356800772233935,0.160215778237357,2.22700146115036,0.0259471761377344,0.0844685493803266,"TGME49_295350","Not significant"
10184.5707144063,0.4199582317595,0.121043950897174,3.46946897095463,0.000521488300990824,0.00349896275879322,"TGME49_295360","Not significant"
2175.55033284003,-0.156288373828192,0.143537350345399,-1.08883418463633,0.276227013830986,0.468414252299169,"TGME49_295370","Not significant"
269.889420294568,-0.217050579559007,0.178483867980275,-1.21607953713214,0.223954624780798,0.408707138401582,"TGME49_295380","Not significant"
824.165931411719,-0.0925302756644806,0.136759007223763,-0.676593648512554,0.498663810083152,0.678255792853663,"TGME49_295400","Not significant"
617.160860640562,0.368861549042422,0.0690877502784144,5.33902967683793,9.34453490304201e-08,1.72703995071676e-06,"TGME49_295410","Not significant"
1555.1868093548,-0.364526702395988,0.232801623026648,-1.56582543393291,0.117389490192474,0.261195309785769,"TGME49_295420","Not significant"
15.9909709304891,0.981419679966426,0.8004108849921,1.22614484431469,0.220144172816907,0.404842246347148,"TGME49_295430","Not significant"
31.9713679728355,-0.0510676066453854,0.264979644518675,-0.19272275324449,0.847176102987548,0.911000438766927,"TGME49_295440","Not significant"
2006.99694457536,-0.318557586054958,0.182033369811198,-1.74999554414314,0.0801190826093972,0.197792465021135,"TGME49_295450","Not significant"
1609.82685193984,-0.0875555048955493,0.07665373594019,-1.14222097359828,0.253362180071097,0.442679898642563,"TGME49_295460","Not significant"
173.604856622891,-0.208469986017314,0.136592656026053,-1.52621665089777,0.126955918004767,0.275693596769929,"TGME49_295468","Not significant"
365.510088622525,0.166017073663238,0.175958755833571,0.943499929155353,0.345425251523157,0.541301052698768,"TGME49_295472","Not significant"
106.260662362581,-0.346681067631842,0.205738387012191,-1.68505777004706,0.0919774262008102,0.219600830847031,"TGME49_295590","Not significant"
3.25547466039707,0.853104460688854,0.789518135777916,1.08053814349468,0.279902610750276,0.472626252205408,"TGME49_295600","Not significant"
268.290876440147,0.154342096771697,0.175482009952562,0.879532305410797,0.379112724917888,0.57070430933585,"TGME49_295610","Not significant"
3326.5325365494,-0.262707419390271,0.110203675417111,-2.38383537024465,0.0171332651589079,0.0610550886381414,"TGME49_295620","Not significant"
1134.48517761318,-0.884774182313707,0.270192758871485,-3.27460360525258,0.00105810331291256,0.00645014703193772,"TGME49_295630","Not significant"
2.95553967199761,-2.12088419986207,0.866973101640797,-2.44630911368319,0.0144327200568362,0.0538140741513745,"TGME49_295640","Not significant"
415.374007502279,-0.103648269067057,0.105452818198577,-0.982887615880286,0.325662753540542,0.520906670297343,"TGME49_295650","Not significant"
196.375126880956,0.455622499604537,0.132756079602101,3.43202737660028,0.000599087079453758,0.00392252506450722,"TGME49_295658","Not significant"
1837.7118237527,-0.0011826359695148,0.0685514652411833,-0.0172517971038832,0.986235740211592,0.991601018719172,"TGME49_295662","Not significant"
687.95527769012,0.0596689511372278,0.103412364531689,0.577000162480022,0.563939345761754,0.726315292957647,"TGME49_295680","Not significant"
529.769762169333,-0.0715391718139558,0.224834006209131,-0.318186616963153,0.750343383774128,0.852205642018325,"TGME49_295690","Not significant"
1637.9604002261,0.421255278319753,0.0783158640876019,5.3789265205393,7.49312813854482e-08,1.41707251215457e-06,"TGME49_295710","Not significant"
1000.89828859115,0.138371215434723,0.109583496084679,1.26270123128577,0.206696571379251,0.388188572391702,"TGME49_295720","Not significant"
2041.88558275462,0.0755029632171568,0.130638753969402,0.577952260895271,0.563296350315965,0.726009757121696,"TGME49_295730","Not significant"
78.2285129585459,-0.65687382307507,0.168383718795611,-3.90105306958094,9.5775150039623e-05,0.000801279341689521,"TGME49_295740","Not significant"
437.795580703761,-0.454835998828055,0.156366415415392,-2.90878317840675,0.00362838406648055,0.0176320068699074,"TGME49_295760","Not significant"
391.924713793693,-0.0868315229502577,0.183298583331196,-0.473716279592651,0.635702242712565,0.776866393419262,"TGME49_295770","Not significant"
515.957426923514,0.309612671068523,0.0947549552464374,3.26750902117242,0.00108498408541093,0.00657458314646919,"TGME49_295850","Not significant"
1729.53362242363,0.328918067194109,0.13955081110414,2.35697710813485,0.0184243826085951,0.0643587110709171,"TGME49_295910","Not significant"
6.7690660608501,1.25082249413882,0.91060825662182,1.37361207197827,0.169562147144114,0.338957566513258,"TGME49_295920","Not significant"
5092.87344964249,-0.13708458090225,0.0771844588188406,-1.77606454719078,0.0757222788540362,0.188826136297477,"TGME49_295935","Not significant"
83.7621091633107,0.294504837848973,0.292001404584477,1.00857336035099,0.313179288669071,0.508377550841499,"TGME49_295945","Not significant"
3467.42759902246,-0.76501069822533,0.174195076160833,-4.3916895648589,1.12473212097415e-05,0.000121950954770157,"TGME49_295950","Not significant"
5580.75215692172,-0.565701085648401,0.129384405495868,-4.37225091756879,1.22972077384819e-05,0.000132521388229923,"TGME49_295960","Not significant"
6.7411242590802,0.535077914967509,0.538964602957198,0.992788602501234,0.320812985415826,0.515379533267779,"TGME49_295970","Not significant"
500.590978620376,-0.00799492520197452,0.0799900653031677,-0.0999489770595037,0.920384832921684,0.952962752905416,"TGME49_295980","Not significant"
1498.83413329952,-0.0944498319986406,0.107449103374516,-0.879019266167666,0.379390829720567,0.570911589061372,"TGME49_295990","Not significant"
2.44919903477668,2.2201062763233,1.07720060514835,2.06099612803091,0.0393034094809468,0.114229923480722,"TGME49_295995","Not significant"
2427.33479134082,0.41179467886167,0.280685326944754,1.46710440244253,0.14234765672506,0.298959489795504,"TGME49_296000","Not significant"
2200.91896368388,0.302718823648731,0.0916486262468821,3.3030372199281,0.000956436922190409,0.00587442979701843,"TGME49_296010","Not significant"
951.988190959676,0.17598662091346,0.204641869631588,0.859973676111761,0.389803553355736,0.581629815759421,"TGME49_296015","Not significant"
13.8756446137486,0.682934386280448,0.375800972695742,1.81727679250412,0.0691747416399942,0.176766620180065,"TGME49_296020","Not significant"
2808.77232282557,-0.660997952312749,0.107016756283867,-6.17658369834553,6.55034911128403e-10,1.83680824044696e-08,"TGME49_296121","Not significant"
66.512844847857,-0.135376727811298,0.441666606434591,-0.306513387788457,0.759213788083864,0.857251669633155,"TGME49_296231","Not significant"
85.5886538038344,0.505531096799682,0.294965414384758,1.71386566745164,0.0865533997227741,0.20972951327342,"TGME49_296340","Not significant"
306.937485671815,-0.344630227818258,0.1657025533175,-2.07981241639601,0.0375427417987332,0.110375117970824,"TGME49_296950","Not significant"
4013.36072145696,-0.100670881562777,0.0921714993709164,-1.09221269318466,0.274739624574607,0.466816261395884,"TGME49_297060","Not significant"
10550.756940028,-0.309971199036717,0.0628739156554821,-4.93004445174379,8.22109082544564e-07,1.22443059693267e-05,"TGME49_297070","Not significant"
488.004648317323,-0.141560479811803,0.251771938352978,-0.562256781823473,0.573941079422459,0.734081292523347,"TGME49_297080","Not significant"
892.757088197631,0.345062306141268,0.162311190640313,2.12593047207655,0.0335090491913316,0.101673695910375,"TGME49_297100","Not significant"
247.6018805878,-0.39623364346386,0.191237673034976,-2.07194344699746,0.0382707155352497,0.11186824541073,"TGME49_297110","Not significant"
1312.89668606095,-0.753200322678001,0.104908273617068,-7.1796084017863,6.9911372899198e-13,2.81445190305088e-11,"TGME49_297120","Not significant"
2948.9788769718,0.0469490349913433,0.109451846684598,0.428946942545737,0.667961837144808,0.798250110770541,"TGME49_297130","Not significant"
399.011589301289,0.421023825555819,0.0835363578157445,5.04000696899509,4.65514894319952e-07,7.22436473398827e-06,"TGME49_297140","Not significant"
46.0099372486285,-1.36491350788862,0.309255543460369,-4.41354580944977,1.01691188086787e-05,0.000112081605928778,"TGME49_297150","Not significant"
342.573454546032,0.467768923300512,0.101860288273645,4.59225995948356,4.38471706477588e-06,5.33780227107148e-05,"TGME49_297160","Not significant"
512.354848653525,0.26024184312367,0.125147899950241,2.07947431181141,0.0375737764906165,0.110386542782404,"TGME49_297170","Not significant"
1297.43310179385,-0.307212875301014,0.0964982347596784,-3.18361134860243,0.0014545015924085,0.00836492712126305,"TGME49_297180","Not significant"
390.07295358608,-0.0114439403366441,0.120767314760567,-0.0947602450160695,0.924505264606581,0.955471761948518,"TGME49_297210","Not significant"
1345.55074381358,-0.792564885042312,0.208646915633317,-3.7985938236211,0.000145519342881713,0.00114224256400974,"TGME49_297220","Not significant"
974.243765719049,-0.345096381668493,0.121746754995043,-2.83454274968186,0.00458913174793114,0.0212521750422415,"TGME49_297230","Not significant"
1213.64575399052,0.010575851587513,0.167487470096249,0.0631441359848319,0.949651728966098,0.970415664733892,"TGME49_297245","Not significant"
1060.24925355708,0.324111472261841,0.109968945316487,2.94729999754985,0.003205620436453,0.0159705769082946,"TGME49_297270","Not significant"
262.392540292987,0.0768441010803906,0.142172174571107,0.540500286446397,0.588852063500183,0.744025012489666,"TGME49_297280","Not significant"
35.5554970908203,-0.665935284539053,0.33151355709725,-2.00877240246226,0.0445612762809756,0.126615058950697,"TGME49_297290","Not significant"
1.38334628832839,1.52700311245602,1.29037220494105,1.18338190067089,0.23665782711466,0.424459958115663,"TGME49_297310","Not significant"
671.592332312802,0.130623847850491,0.0990349594415836,1.31896704544561,0.187180129907305,0.361727380324669,"TGME49_297320","Not significant"
159.553139458438,0.381139139779166,0.194471267136855,1.95987379210599,0.050010543538079,0.13776617210422,"TGME49_297330","Not significant"
17507.3437800963,-0.105897097390673,0.0857983327080208,-1.2342558887601,0.217107567472479,0.40125007722108,"TGME49_297340","Not significant"
18.1064341779572,-0.0825431885537671,0.38829909526767,-0.212576309241377,0.831657451587072,0.903724076172232,"TGME49_297350","Not significant"
476.414764260188,-0.283145218516336,0.0749721715557858,-3.77667089855669,0.000158938517353456,0.00122860078243185,"TGME49_297360","Not significant"
10.164103455237,-0.1610711253232,0.416656666802764,-0.386579978568896,0.699067182519339,0.82008285173792,"TGME49_297380","Not significant"
4.83614773405313,-0.464873952810876,0.693367202089726,-0.670458526751484,0.502565536085914,0.679060981928513,"TGME49_297390","Not significant"
1926.55219993211,-0.0136131655952421,0.166727610681672,-0.0816491374139182,0.934925725701245,0.962138193040056,"TGME49_297400","Not significant"
46.4482099091385,-0.0326666562764135,0.237392019483394,-0.137606379302479,0.89055151354255,0.935654380895093,"TGME49_297410","Not significant"
317.426511724286,-0.411056118587731,0.108034257365865,-3.80486827614006,0.000141879673895328,0.00112006681165269,"TGME49_297420","Not significant"
7430.93771817082,0.296870946852737,0.0718824459905757,4.12995054302491,3.62841280819529e-05,0.00034309596460749,"TGME49_297430","Not significant"
702.947620468579,0.0342755415523917,0.1003217353458,0.341656186809836,0.732609647830595,0.840649726827022,"TGME49_297460","Not significant"
5.64562579239997,1.11847597637451,0.629400283392105,1.7770503221679,0.0755599606411045,0.188714250593815,"TGME49_297465","Not significant"
5003.67663096741,0.115613995210744,0.0946803656309511,1.22109789543261,0.222048956453659,0.407012210196305,"TGME49_297470","Not significant"
70.4568728964526,0.128949508798889,0.198476199609045,0.6496975912119,0.515887580168274,0.68931938907795,"TGME49_297495","Not significant"
3649.96620228031,0.197215460831831,0.0443249145134593,4.44931395799864,8.61450127586787e-06,9.78395591834603e-05,"TGME49_297500","Not significant"
700.448665150609,0.0797851479359546,0.138063406099221,0.57788772702461,0.563339921808694,0.726009757121696,"TGME49_297510","Not significant"
435.819507520139,-0.146774439125254,0.118113884320659,-1.24265186916372,0.213996147272477,0.397309741922326,"TGME49_297520","Not significant"
951.099475932402,0.215566926750675,0.101364604095964,2.12664892911329,0.0334492638390627,0.101647762907047,"TGME49_297530","Not significant"
242.144137234125,0.0720916399057953,0.323156714274073,0.22308569409656,0.8234688122675,0.900261834274398,"TGME49_297640","Not significant"
4.27416874092901,0.957914903880047,1.21082060432031,0.791128677908291,0.428868905819868,0.617049175889449,"TGME49_297647","Not significant"
2530.51719456875,0.34479768751773,0.131609489326956,2.61985430747439,0.00879673398611582,0.0362818085981487,"TGME49_297650","Not significant"
72.0387848521034,-0.0766379684312861,0.171386264563447,-0.447165171762728,0.654755806195342,0.790781549181284,"TGME49_297660","Not significant"
27.7897251698308,0.0524551919898702,0.402012502329579,0.130481494197079,0.896185494458639,0.938663117070796,"TGME49_297670","Not significant"
410.485827239181,0.0838309707208641,0.0900144661131934,0.931305537217168,0.351695538495303,0.54685197310934,"TGME49_297690","Not significant"
773.24215614936,-0.633227622546287,0.135529489936956,-4.67224972838637,2.97918420553722e-06,3.75026717638214e-05,"TGME49_297710","Not significant"
473.840484526094,0.0103601996809414,0.113165128546402,0.0915494005442972,0.92705605504982,0.956945905009538,"TGME49_297720","Not significant"
205.410084848297,0.322684968617692,0.306211605144181,1.05379731922882,0.291975721124413,0.48579962850593,"TGME49_297730","Not significant"
767.530115470231,0.09471622123592,0.0831351293698982,1.13930443067567,0.254576201042515,0.442872131334663,"TGME49_297745","Not significant"
536.71305219897,0.225925759284489,0.129791128605583,1.7406872234777,0.0817384190437449,0.200451394349739,"TGME49_297760","Not significant"
724.067192985631,-0.107112534307063,0.203635077237156,-0.526002375230856,0.598886556661416,0.749945407879679,"TGME49_297770","Not significant"
95.9371876964183,0.305628781809809,0.199420996780123,1.5325807550084,0.125379186273038,0.27393432100278,"TGME49_297780","Not significant"
549.551220173696,-0.126872180362719,0.280488098602466,-0.452326430229517,0.651033838205831,0.788532495128064,"TGME49_297790","Not significant"
410.9844627245,-0.495451118784432,0.115318063078816,-4.29638779525638,1.73603776831331e-05,0.000177355014220149,"TGME49_297800","Not significant"
5724.26163461421,0.104614716329466,0.0916043305265958,1.14202806491875,0.253442354237872,0.442679898642563,"TGME49_297810","Not significant"
25.5295832810744,0.539122343029664,0.39792385001488,1.35483797467657,0.175469184739684,0.346843804157294,"TGME49_297820","Not significant"
946.316562401031,-0.139294468115157,0.103960616244345,-1.33987728379528,0.18028524448812,0.352762177136043,"TGME49_297830","Not significant"
1353.55802365799,-0.41523285450909,0.109145171745436,-3.80440882421766,0.000142143254995767,0.00112006681165269,"TGME49_297840","Not significant"
1243.68252500191,0.0995876252511664,0.145395062888301,0.684945026831302,0.493378611275827,0.674311742335298,"TGME49_297845","Not significant"
1548.35764195047,0.388008120031936,0.206667867620743,1.87744773533916,0.0604567542259344,0.159513679723888,"TGME49_297850","Not significant"
1086.812173979,-0.567614610971224,0.0842103828551271,-6.7404349882571,1.57913149835984e-11,5.30640386143066e-10,"TGME49_297870","Not significant"
3574.39817212417,0.47030603655693,0.163908363516504,2.8693229952819,0.00411351496980252,0.019448316124671,"TGME49_297880","Not significant"
1425.2073860636,-0.0805266939824436,0.275030437965362,-0.29279193451521,0.769681193559333,0.865288577087689,"TGME49_297890","Not significant"
6810.31273145856,-0.13465013897154,0.0579655883651681,-2.32293232535274,0.0201827882575919,0.0697223594353176,"TGME49_297900","Not significant"
15.1762929561042,-0.239585748335247,0.926089551928162,-0.258706890533878,0.795861402645996,0.880776391714377,"TGME49_297910","Not significant"
229.356394675177,0.19513330610521,0.210688217600783,0.926170947418396,0.354357148199709,0.549091526135676,"TGME49_297925","Not significant"
1322.4043671666,-0.10079428094677,0.167964376011398,-0.600093206311379,0.548444119964928,0.716043220536522,"TGME49_297940","Not significant"
6236.05050574476,-0.286537753738418,0.0949940314543887,-3.01637639072092,0.00255815495288196,0.0133181280901639,"TGME49_297960","Not significant"
1358.63811609421,0.00907097029718911,0.0800364588261729,0.11333547773384,0.909764591267647,0.947179653904616,"TGME49_297970","Not significant"
941.787062128199,0.0236304173522379,0.398294111637432,0.0593290652856769,0.952690011132941,0.972054601070649,"TGME49_297980","Not significant"
479.993978612336,0.194223708165484,0.0894454755721847,2.17142015203151,0.0298994269500036,0.093086577319077,"TGME49_298010","Not significant"
532.890736740857,-0.122662178794405,0.102021980672394,-1.20231128611676,0.229242945845428,0.416302732383881,"TGME49_298020","Not significant"
297.123952157542,0.00291745180268511,0.11077893154309,0.0263358001566417,0.978989500410698,0.987000076536052,"TGME49_298030","Not significant"
861.146842580282,-0.192215986490187,0.103149454398415,-1.86347070482557,0.0623960704384003,0.163362796138143,"TGME49_298040","Not significant"
1125.82161506794,-0.10743973642811,0.145658275893747,-0.737615049806605,0.460748407368473,0.646446868309252,"TGME49_298050","Not significant"
219.496920945332,-0.153323823572946,0.194446375117715,-0.788514691930489,0.430395708266261,0.618370653643328,"TGME49_298060","Not significant"
58.9700824155139,0.752719990053929,0.19422057296371,3.87559349953404,0.000106365126466274,0.000877242604892228,"TGME49_298070","Not significant"
43.7145652386422,0.556280819544134,0.246105142762513,2.26033805429631,0.0238002778941904,0.0791266802271284,"TGME49_298820","Not significant"
894.203050998418,0.205768069461856,0.288262157908305,0.713822691660104,0.475336826243808,0.658497182042714,"TGME49_298830","Not significant"
767.658566734574,0.256601233321547,0.257783795149725,0.995412582751793,0.31953564132347,0.513530402221829,"TGME49_298840","Not significant"
117.407689327456,0.16418300039365,0.399610460458005,0.410857614201278,0.681176943888995,0.805489441475498,"TGME49_298960","Not significant"
1309.84634783682,0.524675130494401,0.174403879487921,3.0083913960798,0.00262634653496053,0.0136034713517828,"TGME49_298970","Not significant"
1911.91052781787,0.455583406309435,0.299291751768189,1.52220501773901,0.127957718254104,0.276742597032546,"TGME49_298980","Not significant"
1730.81774723014,0.510045433339959,0.327173873824333,1.55894303960779,0.119009862340019,0.263334893004839,"TGME49_298990","Not significant"
1405.01808447349,0.542107868588554,0.356952935894759,1.51870965069856,0.128835596340678,0.277891732196274,"TGME49_299000","Not significant"
12.2770076350163,0.391218377429069,0.394907119929162,0.990659215005405,0.321852012590449,0.516436575845606,"TGME49_299010","Not significant"
9.69872517117843,0.402959594782817,0.924270619511741,0.435975769732555,0.662854309686857,0.795722093187222,"TGME49_299020","Not significant"
3624.52111750659,-0.0294842537701281,0.246645166131808,-0.119541178254317,0.904846618380487,0.945056858549977,"TGME49_299030","Not significant"
1718.86072688938,0.216039351879405,0.262677412600573,0.822451194948817,0.410820152596175,0.602518435581199,"TGME49_299040","Not significant"
3622.05188100629,0.397414919701863,0.0911644832605562,4.35931741713509,1.30468755994418e-05,0.000138870670647462,"TGME49_299050","Not significant"
3308.04507027301,0.207281642633351,0.230313680952778,0.899997089950771,0.3681217993379,0.560574919728485,"TGME49_299060","Not significant"
2735.72101258555,0.447671255233337,0.266997840123935,1.67668493132955,0.0936041087763393,0.222830390096367,"TGME49_299070","Not significant"
865.004295988921,0.372795618734017,0.178166359119069,2.09240184610203,0.0364025837974269,0.107825121319522,"TGME49_299080","Not significant"
417.598217838653,0.377641643936276,0.301490539785741,1.25258206842793,0.210357844038878,0.392840647350557,"TGME49_299100","Not significant"
73.0427006890272,-0.0968420076910897,0.31554791437503,-0.306901117958246,0.758918638104667,0.85715643959266,"TGME49_299110","Not significant"
3.04086252014267,0.801343928940598,1.18086406721038,0.678608106717697,0.497386204919421,0.67773870951822,"TGME49_299120","Not significant"
62.7563226837993,0.67609308641541,0.241705700219332,2.79717476998639,0.00515516391667805,0.0234724484716831,"TGME49_299130","Not significant"
333.848308050945,0.846568747785616,0.187120650641936,4.52418664044495,6.06282057953259e-06,7.08374381505159e-05,"TGME49_299150","Not significant"
64.349927783333,0.47414198935748,0.319699969934095,1.48308424756881,0.138052028673758,0.29235393155599,"TGME49_299160","Not significant"
512.456520851063,0.303272780895699,0.344067250863569,0.881434603655302,0.378082635291693,0.569575396478705,"TGME49_299168","Not significant"
466.685506384452,0.907312437005177,0.286502100822663,3.16686137518684,0.00154093755192793,0.00878745033119069,"TGME49_299172","Not significant"
390.978007414128,0.674425504994398,0.311332299679665,2.1662561375364,0.0302916194821247,0.0938048170710731,"TGME49_299180","Not significant"
1042.24511765098,0.652273850555232,0.273084442383681,2.38854269712953,0.0169153426764586,0.060543823347254,"TGME49_299190","Not significant"
3179.84093208334,0.945306922513474,0.300063676224004,3.15035439947014,0.00163072516339543,0.00922326535251267,"TGME49_299200","Not significant"
744.327795143357,0.127191695204087,0.101508010191782,1.25302126367938,0.210197968325333,0.392768813975554,"TGME49_299210","Not significant"
4.33306139682263,-0.566906626788699,0.842666763237563,-0.672753040134891,0.501104417714339,0.679060981928513,"TGME49_299220","Not significant"
21.5882060647285,1.23898076067812,0.311171523827053,3.98166498476493,6.84341932088689e-05,0.000598394472230669,"TGME49_299230","Not significant"
462.370557984203,0.691641541650069,0.238652435103953,2.89811223316788,0.00375416220350338,0.0180732696957821,"TGME49_299240","Not significant"
542.553639933599,0.553031762940777,0.22363345684541,2.47293839992407,0.0134007239194229,0.0508277457615425,"TGME49_299250","Not significant"
486.078598612532,0.470414253012919,0.408874622017879,1.15050978388272,0.249933966836476,0.440436442856372,"TGME49_299270","Not significant"
217.843565414471,0.573258030061801,0.193425783727529,2.96371051994457,0.00303954073708209,0.0152577439962664,"TGME49_300980","Not significant"
171.833136812323,0.568836693150449,0.218044792800024,2.60880659357065,0.00908585787172961,0.0372410263169885,"TGME49_300990","Not significant"
122.475332316871,0.203761919848105,0.153953026713608,1.32353305548941,0.185658171098821,0.360155593362502,"TGME49_301000","Not significant"
252.134510511859,0.0930054443362414,0.167114799976704,0.556536251422414,0.577844319540305,0.736760541189754,"TGME49_301010","Not significant"
766.840945540673,-0.200964881710327,0.108373030909914,-1.85438092875137,0.0636846812895314,0.166201485316582,"TGME49_301120","Not significant"
194.653989814427,0.130483076322156,0.132228061657779,0.986803214735617,0.32373911846576,0.518786476359973,"TGME49_301130","Not significant"
52.7859982019042,0.570890765325918,0.276383680343416,2.06557335301624,0.0388687826836772,0.113128468426508,"TGME49_301140","Not significant"
3.95804062059212,-1.65782862805931,0.879225123888791,-1.88555647810287,0.0593547469088616,0.157324902823619,"TGME49_301150","Not significant"
4.91373830571175,-2.49440578899589,0.76086192446594,-3.27839481617739,0.00104399263667076,0.00638326926421552,"TGME49_301170","Down in 120DPI"
116.711133771855,-2.26902138368369,0.355940410013187,-6.37472262168722,1.83294385630695e-10,5.60357121785268e-09,"TGME49_301180","Down in 120DPI"
750.068621598945,-0.712077704434237,0.191689829810644,-3.71473909251026,0.000203413462410416,0.00153162803363102,"TGME49_301210","Not significant"
140.410521218232,0.313423035725724,0.137938428741083,2.27219520032401,0.0230747230477438,0.0774746687961406,"TGME49_301216","Not significant"
4.06473349781004,0.557751409263432,0.704755124126944,0.791411640964483,0.428703819125037,0.617049175889449,"TGME49_301218","Not significant"
48.7118561049803,-1.00900912870187,0.391028913759661,-2.58039519124163,0.00986873077032715,0.0397429271668651,"TGME49_301222","Not significant"
522.708746027684,-1.83042306710435,0.0880631655246406,-20.7853426140148,5.8743435610911e-96,7.9616936397988e-93,"TGME49_301240","Not significant"
11430.0359621719,0.0250636545681369,0.152404104280044,0.164455246704395,0.869372774961343,0.92294248119917,"TGME49_301250","Not significant"
1006.73320610289,0.632783804295567,0.133617787851387,4.7357751873528,2.1821938076599e-06,2.89960785030887e-05,"TGME49_301270","Not significant"
366.572030261641,0.260237593773076,0.120042186362307,2.16788448843839,0.0301674763426953,0.0936343197018314,"TGME49_301280","Not significant"
634.983692735336,0.132125301283922,0.0967900484578839,1.3650711347811,0.172230693365204,0.342287067109023,"TGME49_301290","Not significant"
417.236383218244,0.0912155515900096,0.153706763183791,0.593438764180733,0.552887552894512,0.71923346009052,"TGME49_301300","Not significant"
218.663830058614,0.546781864651262,0.207315800333599,2.63743459867225,0.00835357319910316,0.0348809095014936,"TGME49_301310","Not significant"
16.5753020540483,1.84898805866195,0.596294450866772,3.10079702397744,0.00193000538869337,0.010604597176253,"TGME49_301330","Not significant"
432.425467425759,0.111702164968947,0.113216520437098,0.986624253577975,0.323826875799708,0.518786476359973,"TGME49_301340","Not significant"
1413.81867173347,0.00261610160556737,0.136307490916944,0.0191926473590615,0.984687423081343,0.990767566375154,"TGME49_301350","Not significant"
382.703666619954,0.322032316505931,0.0945943831153815,3.4043492425246,0.000663218984629989,0.00428719935056524,"TGME49_301355","Not significant"
1.44541710057532,-0.784353346042589,1.32595831269924,-0.591536957482386,0.554160700094398,0.720100651245436,"TGME49_301360","Not significant"
2.54527717323026,0.517033439950555,0.890201216374885,0.580805137580063,0.561371792121929,0.724674534274292,"TGME49_301370","Not significant"
390.647092474289,-0.00386415132297017,0.125199341654105,-0.030863990752011,0.97537800745018,0.984861638625501,"TGME49_301380","Not significant"
306.659293846658,0.139258480128549,0.1264309773028,1.10145854362122,0.270697137831417,0.461490382567104,"TGME49_301390","Not significant"
12608.4810569852,0.422395088065314,0.110471622943878,3.82356189588976,0.000131537551606917,0.00105697961429589,"TGME49_301400","Not significant"
796.556833206876,-0.335656105864638,0.139542925386179,-2.40539679769308,0.0161549141761729,0.058283834108535,"TGME49_301410","Not significant"
1248.39095895919,-0.590328473616913,0.0895083454123428,-6.5952338957604,4.24585947113816e-11,1.37013211187681e-09,"TGME49_301420","Not significant"
618.47047678645,0.254674336548375,0.113172118918623,2.25032754517479,0.024428160630697,0.080701473264342,"TGME49_301430","Not significant"
4885.7486724543,-0.188397791772716,0.150087109772408,-1.25525631120755,0.209385729440751,0.391611028475663,"TGME49_301440","Not significant"
306.911707599481,0.109416481951669,0.138279131858761,0.791272554874207,0.428784960303784,0.617049175889449,"TGME49_301450","Not significant"
192.897695128332,-0.17864124797676,0.110023944026471,-1.6236579188052,0.104448836812689,0.240480730736349,"TGME49_301460","Not significant"
74.4796529877617,0.341880137322103,0.305577641444004,1.11879958136516,0.26322565034297,0.453265253838998,"TGME49_301470","Not significant"
27.8884526585835,-0.0368636429095017,0.258491254136312,-0.142610793671426,0.886597572502969,0.932705234100148,"TGME49_301480","Not significant"
343.701884738965,0.221416775507376,0.123715441530441,1.78972626834861,0.0734979273394627,0.184812970044685,"TGME49_301690","Not significant"
398.188401123332,3.08631957713956,0.285209058249601,10.8212537009907,2.73016902397894e-27,4.82646402239059e-25,"TGME49_304450","Up in 120DPI"
1934.82547013542,-0.242497555179211,0.17281835785323,-1.40319326136149,0.160559216506204,0.327071029215544,"TGME49_304460","Not significant"
745.150355643334,-0.559465058834223,0.0741689737328911,-7.54311446790483,4.58878027933077e-14,2.16953262973941e-12,"TGME49_304470","Not significant"
6349.87531353569,0.186327665082659,0.0561589683431857,3.31786125314868,0.00090709531085594,0.00562233160661624,"TGME49_304490","Not significant"
10203.4569868918,0.24189528341943,0.0435003148868859,5.56077085989911,2.68585649447821e-08,5.51550126593354e-07,"TGME49_304500","Not significant"
1410.28068566572,-0.255263174518997,0.0908481234127765,-2.80977927699383,0.00495754864426419,0.0227510076609235,"TGME49_304520","Not significant"
1199.97140802157,0.217197193076273,0.141307816773087,1.53705009415756,0.124281042650578,0.271827175587546,"TGME49_304630","Not significant"
59.7367617916887,-0.559987627621547,0.430071934254771,-1.302078984977,0.192889386251147,0.369598607208843,"TGME49_304640","Not significant"
171.283694301324,0.516115978363499,0.147867662310667,3.49039113960663,0.000482314066363365,0.00325222055362096,"TGME49_304650","Not significant"
396.637222051985,0.082523724681682,0.220004134324005,0.375100790424909,0.707585509205418,0.824367530208948,"TGME49_304660","Not significant"
1579.14319697592,-0.663528849635364,0.145335682032157,-4.56549169727331,4.98324920864615e-06,5.97801277116761e-05,"TGME49_304670","Not significant"
546.243809765013,0.113713406218509,0.184672850809776,0.615755947449148,0.538055605955158,0.706404292481005,"TGME49_304680","Not significant"
22.2508165919853,-0.521975995486678,0.431276930982839,-1.21030353813997,0.226162440527437,0.411812128609297,"TGME49_304690","Not significant"
355.947868164628,-0.229337802638493,0.106574559035967,-2.15190008490766,0.0314052245755656,0.0965912580364976,"TGME49_304700","Not significant"
845.878316446947,-0.114681106577416,0.0801820268752415,-1.43025951134727,0.152642550774308,0.314728504791246,"TGME49_304710","Not significant"
165.094261134987,0.54592608291301,0.140618850687455,3.8823108014615,0.000103468513775976,0.000856828873753802,"TGME49_304720","Not significant"
193.701331777704,0.0290955612376829,0.154871040390298,0.187869605346215,0.85097886987171,0.913263134224514,"TGME49_304730","Not significant"
7510.0893282218,0.299646230446351,0.187970606038951,1.59411216870928,0.110910913876086,0.251369224180435,"TGME49_304740","Not significant"
1316.08731265055,0.233310568175728,0.102767616697486,2.27027322101395,0.023191010794174,0.0777062896117845,"TGME49_304750","Not significant"
1141.35501211081,0.214058710110247,0.0679873257985376,3.14850904335542,0.00164105645575672,0.00926741048487058,"TGME49_304760","Not significant"
1025.23526012219,0.191624196822977,0.0592875911606486,3.23211304543884,0.00122878434200557,0.0072903546925309,"TGME49_304770","Not significant"
11.8957059396024,0.548485888928972,0.395204583608247,1.38785305555228,0.16518179519346,0.333149394472525,"TGME49_307460","Not significant"
3.4341221518127,0.111065222860041,0.719950241872592,0.154267915198084,0.877398494405608,0.927105581666633,"TGME49_307480","Not significant"
375.194126293035,-1.12751239301213,0.1732243068189,-6.50897332896188,7.56661543184669e-11,2.40358268327255e-09,"TGME49_317705","Not significant"
1412.58873775215,-0.412092435693755,0.0876283207664877,-4.70273117285792,2.56704312892637e-06,3.34538376994058e-05,"TGME49_317720","Not significant"
78.6366532344565,-0.10296713164971,0.232230552770601,-0.443383225941944,0.657488566661432,0.792572935679034,"TGME49_318120","Not significant"
4.75939112038962,-0.273405730578356,0.657672647364562,-0.415717046579256,0.677617065943861,0.803978810152368,"TGME49_318130","Not significant"
303.492614208426,-0.181925036493844,0.110802887349315,-1.64187992610979,0.100614890758515,0.234799638576969,"TGME49_318140","Not significant"
427.53353873429,0.131227300160237,0.210758655677352,0.622642518469708,0.533519463958866,0.702490330458792,"TGME49_318150","Not significant"
1497.96024243075,-0.0146354576514125,0.0841824854374198,-0.17385395044308,0.861980243618572,0.91917431695597,"TGME49_318160","Not significant"
2599.08135565489,-0.0408761726594568,0.214187401437279,-0.19084302991288,0.848648575205014,0.911893527162682,"TGME49_318170","Not significant"
88.1551694700784,-0.795499847793016,0.17011688820775,-4.67619562157484,2.92245839825984e-06,3.70178063779579e-05,"TGME49_318180","Not significant"
576.523715917715,-0.303169606126127,0.139883081880091,-2.16730716861105,0.0302114402613625,0.0936992495062548,"TGME49_318190","Not significant"
675.027255628174,0.245309458250529,0.234677169786227,1.04530601964387,0.295881556402633,0.490016429072044,"TGME49_318210","Not significant"
1785.09200647183,-0.105546027655459,0.110664629841085,-0.953746719317855,0.340211865227649,0.535940115769054,"TGME49_318230","Not significant"
118.057015887167,1.10512404701629,0.327422597351094,3.37522228446336,0.000737560912365961,0.00469314971780907,"TGME49_318240","Not significant"
233.482165738026,0.409629615797979,0.283711689339572,1.44382354055105,0.148788618427589,0.308975752056474,"TGME49_318260","Not significant"
121.007263881797,0.0743591283080471,0.241038362115446,0.308494994968612,0.757705708099885,0.856963831644197,"TGME49_318275","Not significant"
263.939178735223,0.216274569664473,0.183247765917441,1.18023032139946,0.237908622494319,0.425657507800477,"TGME49_318290","Not significant"
47.7176751585992,0.358640122796892,0.199040007061386,1.80184942761926,0.0715690987179068,0.181534594751721,"TGME49_318300","Not significant"
1291.87052757467,-0.0520708097250183,0.124098218115547,-0.419593532572205,0.674782413793589,0.801635731947175,"TGME49_318310","Not significant"
323.044878552838,0.0160109499146337,0.291581078369323,0.0549107987533879,0.956209528699327,0.973923806030761,"TGME49_318320","Not significant"
980.315564648167,0.352813269805635,0.0615224537244958,5.73470738643766,9.76808373626058e-09,2.13532411137825e-07,"TGME49_318330","Not significant"
1155.67069161212,0.356721383258125,0.0790676750223914,4.51159570781744,6.43417392157229e-06,7.46508371231276e-05,"TGME49_318340","Not significant"
212.674525888707,0.228877507233548,0.14515176042473,1.57681523506037,0.114838045064033,0.257688460943906,"TGME49_318350","Not significant"
247.39097056084,0.659471726472775,0.110228058453883,5.98279363460516,2.19342598195623e-09,5.30861312061549e-08,"TGME49_318360","Not significant"
578.507898584683,-0.0394065159287632,0.129665686851485,-0.303908588969248,0.761197534052736,0.858537912193738,"TGME49_318370","Not significant"
593.482781611156,0.264625716812779,0.112259227611633,2.35727362857213,0.0184096758845466,0.0643587110709171,"TGME49_318380","Not significant"
2333.68629265491,0.0217380357715272,0.126503875419702,0.171836915662915,0.8635657426647,0.919714914392663,"TGME49_318390","Not significant"
1468.06636336631,0.201003105931394,0.0786604456566894,2.55532630476905,0.0106088294139666,0.0421656895378183,"TGME49_318400","Not significant"
2136.7937524023,-0.176252188663296,0.111142262425904,-1.58582509313953,0.112778991767912,0.255038587613087,"TGME49_318410","Not significant"
459.791073556809,0.771952729531862,0.123483083213672,6.25148570509933,4.06566319725333e-10,1.16415398310085e-08,"TGME49_318420","Not significant"
1055.59744748345,-1.14484849221731,0.0919026862142223,-12.4571820408895,1.27807362198269e-35,3.05685138057741e-33,"TGME49_318430","Not significant"
592.674973914267,0.10477503531266,0.0775145964540779,1.35168136203524,0.176477269880523,0.348159427139352,"TGME49_318440","Not significant"
75.8127307093859,0.468587673465246,0.275359865649736,1.70172829057558,0.088806314512994,0.213787137246793,"TGME49_318450","Not significant"
293.825966583643,-0.249396026492053,0.129132352512159,-1.931321017857,0.0534433657629898,0.144867150128211,"TGME49_318460","Not significant"
985.405897774842,0.0921194308388943,0.280242991273225,0.328712701860514,0.742372852697416,0.845624378652333,"TGME49_318470","Not significant"
266.689015551736,-0.00932469181435445,0.163440499892001,-0.0570525164846905,0.954503361127769,0.97338812519748,"TGME49_318480","Not significant"
804.930017585415,0.170081133994662,0.0795771144859609,2.13731215429617,0.0325726109410126,0.0993550158185726,"TGME49_318490","Not significant"
13.0749009322303,0.550685667466303,0.459874218168595,1.19747019013015,0.231123339834709,0.417851267126691,"TGME49_318500","Not significant"
504.665504579375,-0.199882801248962,0.146783023351544,-1.36175694358226,0.17327460383715,0.34385836645968,"TGME49_318510","Not significant"
1023.9686255838,-0.355682496317412,0.10069947355932,-3.53211872659777,0.000412244224110725,0.00284581496644178,"TGME49_318525","Not significant"
562.153253129333,0.179951167163949,0.0943603603761909,1.90706316133733,0.0565124089308647,0.151270213767542,"TGME49_318550","Not significant"
1016.17354795872,-0.485766110691005,0.0943355751473928,-5.14934169778505,2.61402287327546e-07,4.39199049699917e-06,"TGME49_318560","Not significant"
1560.73736705766,0.115897156685955,0.183832188861046,0.630450833469424,0.528399661136125,0.698236276301425,"TGME49_318570","Not significant"
141.554693612644,0.441305460679908,0.201569536071571,2.18934601567577,0.0285717001866295,0.0903363397813651,"TGME49_318575","Not significant"
2057.84636810045,-0.0750399727319566,0.110937951917908,-0.676413900154606,0.498777894403782,0.678255792853663,"TGME49_318580","Not significant"
374.66953569074,-0.201320317723468,0.0868490632721255,-2.31804823378081,0.0204466998107395,0.0705142336136276,"TGME49_318590","Not significant"
879.783468279964,-0.0789177133588772,0.11768899228847,-0.670561552311031,0.502499882389834,0.679060981928513,"TGME49_318600","Not significant"
147.433821884023,-0.125649647139506,0.26710172229302,-0.470418708126728,0.638055900713351,0.777678444934199,"TGME49_318610","Not significant"
691.439536667762,-0.22365974462007,0.158718677697786,-1.40915831623759,0.158788360273324,0.324113189192438,"TGME49_318620","Not significant"
334.627053978417,-0.0559108772706699,0.126784145439896,-0.440992657849127,0.659218312357575,0.793650297623185,"TGME49_318640","Not significant"
119.87416969634,-0.0904376363759622,0.194279783086328,-0.465502045242538,0.641571972611357,0.781027437316699,"TGME49_318650","Not significant"
31823.8960635208,-0.0374037061114598,0.104290221899415,-0.358650172856421,0.719856807925841,0.833539496451737,"TGME49_318660","Not significant"
277.589233866581,-0.499140826027026,0.131629613960201,-3.79201010327314,0.000149432833144849,0.00116844980685953,"TGME49_318675","Not significant"
634.52638758457,-0.253025467416738,0.260640677174727,-0.970782727237608,0.331656485696996,0.526352564732236,"TGME49_318690","Not significant"
2541.25314460474,0.339790212666911,0.226179466107939,1.50230354025486,0.133018734775462,0.283912953069305,"TGME49_318700","Not significant"
290.504927704601,-0.0862942910725615,0.205493210460373,-0.419937431894871,0.674531161883641,0.801635731947175,"TGME49_318710","Not significant"
800.446055063181,0.0678169037562676,0.0802406948398031,0.845168450892168,0.398016794433757,0.589987709138773,"TGME49_318720","Not significant"
396.199098923623,0.0955594904358485,0.213753474152497,0.447054677425613,0.654835581921639,0.790781549181284,"TGME49_318730","Not significant"
246.096218529741,0.764844469482223,0.164842661710759,4.6398454231724,3.48669881631636e-06,4.2830566124297e-05,"TGME49_318742","Not significant"
35419.2863283319,0.433871674355685,0.103663749988407,4.18537506509464,2.84695622221382e-05,0.000275612476179081,"TGME49_318750","Not significant"
2508.96605728578,-0.0822944513410235,0.0637850606431651,-1.29018379086298,0.196986852650391,0.375679429116552,"TGME49_318760","Not significant"
298.084173792531,-0.270200058541196,0.0964530224359511,-2.8013643504082,0.00508870297170977,0.0232218476801032,"TGME49_318770","Not significant"
1479.86463191635,0.0147019396113201,0.0810583617352183,0.181374744031279,0.856073441433696,0.915283880868807,"TGME49_319090","Not significant"
1921.56709671049,0.160165907877,0.0948856497384245,1.68798873505674,0.0914133913908108,0.218768010238397,"TGME49_319300","Not significant"
143.341767032493,0.0955424994663294,0.173461320581613,0.550800023578609,0.581770768000547,0.738981550356209,"TGME49_319308","Not significant"
64.1138328034982,0.0205247487844713,0.301124871127207,0.0681602575955968,0.94565806320749,0.968123476247961,"TGME49_319312","Not significant"
306.130918332143,-0.610301288229801,0.193248065880014,-3.15812365547158,0.00158788187854433,0.0090179568579601,"TGME49_319320","Not significant"
27609.8805955358,-0.164233697282714,0.239318095832848,-0.686256911376329,0.492551115310626,0.673407140165772,"TGME49_319340","Not significant"
4840.82099255879,-0.171922846000846,0.0728325601851578,-2.36052179909339,0.0182492457350788,0.0641780067218802,"TGME49_319350","Not significant"
91.3406058270342,-0.747691014366822,0.268023254008226,-2.78964979040167,0.00527650822057104,0.0238380915831576,"TGME49_319360","Not significant"
244.594679987816,-0.0841772426161912,0.163964735933406,-0.513386260386986,0.60768115464306,0.757106981823042,"TGME49_319370","Not significant"
15.1624765225218,-0.548706900562865,0.348120617087836,-1.5761976557235,0.114980258631758,0.257865268393121,"TGME49_319380","Not significant"
1263.61128060064,0.244129779975773,0.0823552701597738,2.96434920925093,0.00303323859002412,0.0152577439962664,"TGME49_319500","Not significant"
1173.2609949999,0.299563481370291,0.0807128186661114,3.71147342294548,0.000206056305810266,0.00154865977712485,"TGME49_319510","Not significant"
28.2211427855804,0.399319092783112,0.32834900567748,1.2161422324371,0.223930744993792,0.408707138401582,"TGME49_319520","Not significant"
2122.57717511981,0.186437142195196,0.054055198098528,3.44901413283828,0.000562637253654768,0.00371377122298748,"TGME49_319530","Not significant"
430.00007757001,-0.0973982300804871,0.104634144723717,-0.930845569939564,0.351933453420891,0.54685197310934,"TGME49_319540","Not significant"
3813.40866517193,-0.141813117805307,0.101986280547105,-1.39051171436542,0.164373544608047,0.331848476850208,"TGME49_319550","Not significant"
5648.70333523797,0.0599063636278354,0.0929055032844194,0.644809634628844,0.519050557534996,0.691274014719061,"TGME49_319560","Not significant"
3159.38826234972,-0.267274659615112,0.118099138021487,-2.26313810661755,0.0236271771430287,0.0788089436124321,"TGME49_319570","Not significant"
70.5271746292807,-0.420130977789725,0.322355123740682,-1.30331720158324,0.192466490823144,0.369136203625899,"TGME49_319580","Not significant"
170.800876041508,-0.267232317337488,0.239795891693349,-1.11441574520061,0.265100871655602,0.455002171444355,"TGME49_319590","Not significant"
150.310424340925,-0.678181148861244,0.200670626388218,-3.37957358816049,0.000725983694071217,0.00463398697031957,"TGME49_319600","Not significant"
418.427171116643,0.344240803063066,0.107989594706779,3.18772196522983,0.00143398349307271,0.00828206943584325,"TGME49_319610","Not significant"
563.615273673113,0.0564143307502992,0.0863563571416872,0.653273628225641,0.513579890688671,0.687448498724392,"TGME49_319620","Not significant"
1.85053574203338,0.185391723783171,1.14446222382497,0.161990251773941,0.871313530439251,0.924278845490737,"TGME49_319630","Not significant"
13059.9271366656,0.0678205208848601,0.107307245210854,0.632021824356738,0.52737261639721,0.697487423235434,"TGME49_319640","Not significant"
337.883966837899,0.418257949320188,0.0965683757215859,4.33121035944581,1.48291922554442e-05,0.000154208428927458,"TGME49_319650","Not significant"
322.71776661163,-0.551467308225503,0.160632900423931,-3.43309064811823,0.000596742551129928,0.0039149066545174,"TGME49_319658","Not significant"
234.64714202898,0.244852695097183,0.190592897284507,1.28468950619749,0.198900806752345,0.378265051569241,"TGME49_319662","Not significant"
586.299398242331,-0.0591374021940271,0.120268666090982,-0.491710801459213,0.622923801264582,0.768678208535,"TGME49_319670","Not significant"
3.35309953014574,0.318522384791033,0.732049309962806,0.435110559433785,0.663482179157344,0.795722093187222,"TGME49_319680","Not significant"
1183.17972559909,0.286147163859382,0.202585819662749,1.41247380658597,0.157810497906265,0.322603059068312,"TGME49_319695","Not significant"
5.36392552148655,0.187393842196467,0.557297470557771,0.336254607452129,0.736678876946708,0.843756708074736,"TGME49_319700","Not significant"
323.14554570017,-0.52452036310456,0.116821703814364,-4.4899222146088,7.12491873952025e-06,8.23009079400265e-05,"TGME49_319710","Not significant"
157.096587103789,-0.455212219682853,0.260550072613393,-1.74711991102878,0.0806165402634959,0.198418191713907,"TGME49_319720","Not significant"
494.090627109454,0.559334294255355,0.343685472068096,1.62745981344399,0.103639476957044,0.239610160946003,"TGME49_319730","Not significant"
6.09568743920286,0.831097859814146,1.04302526011848,0.796814700077103,0.425558656399785,0.614278448447741,"TGME49_319740","Not significant"
1412.94216183861,0.216486003996647,0.084890844404035,2.55016904963614,0.0107670696208187,0.0426279504169903,"TGME49_319850","Not significant"
173.141118193276,-0.63453221678834,0.159515409478147,-3.97787410548113,6.95341687986203e-05,0.000606708005011138,"TGME49_319860","Not significant"
4425.65234573875,0.175510775717203,0.22646405109243,0.775005016781093,0.438336695162851,0.626019319470373,"TGME49_319870","Not significant"
568.168333132048,0.311781083936862,0.0855110751606229,3.64609009243793,0.000266260659667181,0.00193343716092376,"TGME49_319880","Not significant"
592.697634588316,-0.390936048605817,0.112754928535913,-3.46713047209553,0.000526046484407147,0.00352373147545216,"TGME49_319900","Not significant"
563.995244523103,0.0248531116893316,0.101714084466637,0.244342873650735,0.806965281160106,0.889433676659526,"TGME49_319910","Not significant"
1149.89615146747,0.0879694798201959,0.156371103036599,0.562568646712215,0.573728646844227,0.734040490267032,"TGME49_319920","Not significant"
295.213557131546,-0.0542783400824491,0.132775750336774,-0.40879708790782,0.682688577161589,0.806218923827772,"TGME49_319930","Not significant"
19.6757400448838,0.554465684768829,0.363986441614815,1.52331411661643,0.1276801370528,0.276731043313798,"TGME49_319935","Not significant"
606.161702830025,0.105520547570424,0.122830263199035,0.859076133374701,0.390298513798008,0.581941238394829,"TGME49_319940","Not significant"
701.918125729371,-0.0264943751858531,0.311929658564935,-0.0849370185180312,0.93231146158914,0.960663558748465,"TGME49_319950","Not significant"
29.16105624219,-0.278982056914078,0.330965415444068,-0.842934167425796,0.399265263259746,0.591191755431219,"TGME49_319960","Not significant"
36.1426795598756,-0.328598346542213,0.260106847738246,-1.26332062919348,0.206473975429937,0.388129072629738,"TGME49_319992","Not significant"
449.273310703346,-0.200344110655975,0.3232492482175,-0.619782139512271,0.535401228980715,0.703828450383313,"TGME49_320000","Not significant"
502.849194831657,0.464680937793695,0.188254177320074,2.46836986253769,0.0135729995252689,0.0512421690526867,"TGME49_320005","Not significant"
791.507769776409,-0.000149047115979028,0.0710621148255522,-0.00209742021251293,0.998326502021921,0.999309590650205,"TGME49_320010","Not significant"
748.00558076127,0.136457612913503,0.211292562289511,0.645823077892018,0.518393940462695,0.690706441453948,"TGME49_320015","Not significant"
6620.72531746881,0.150216996789005,0.230338392454336,0.652157876020538,0.514299331148603,0.687875355411256,"TGME49_320020","Not significant"
691.917082436822,-0.921507310903794,0.301605267839692,-3.0553422276218,0.00224803844821598,0.012042851555265,"TGME49_320030","Not significant"
516.991501765445,0.470816475004772,0.0967897086562718,4.86432371314163,1.14848816154899e-06,1.62709159054292e-05,"TGME49_320040","Not significant"
6278.95153042205,-0.0116884242867294,0.0989455866105012,-0.118129819501104,0.905964796322148,0.945981731342028,"TGME49_320050","Not significant"
881.13577439296,-0.0774075977733705,0.0956161335936585,-0.809566282007709,0.418189493649058,0.608357238346,"TGME49_320060","Not significant"
1775.73506878741,0.544032187655719,0.0656935106667297,8.28136877043537,1.21767469870459e-16,7.98558923376268e-15,"TGME49_320070","Not significant"
3096.91039403808,-0.0923441517998408,0.0794096281853665,-1.16288356853002,0.244876744960161,0.43384263399042,"TGME49_320080","Not significant"
903.358277701932,-0.333807100572458,0.14144272595948,-2.360016029867,0.0182741454041402,0.0641780067218802,"TGME49_320090","Not significant"
2646.29879988222,0.603985785833539,0.0862452852131243,7.00311656852899,2.50330380093999e-12,9.4244752357611e-11,"TGME49_320100","Not significant"
1121.33078747454,-0.238021697165598,0.180132987626667,-1.32136650983054,0.186379187147457,0.360693848139724,"TGME49_320110","Not significant"
1347.95975316448,0.389879376996306,0.348577797552139,1.11848597281354,0.263359494133055,0.453265253838998,"TGME49_320120","Not significant"
1362.15044825375,0.602767879569282,0.247513866915192,2.43528933179253,0.0148798863735615,0.0545551109061324,"TGME49_320130","Not significant"
20.0426230595928,-0.239031786032975,0.319837775722711,-0.747353202706761,0.454850385639648,0.641714666207776,"TGME49_320140","Not significant"
391.08495757797,0.454387764970968,0.103368635289668,4.3957992063806,1.1036592192967e-05,0.000119986053092523,"TGME49_320150","Not significant"
147.744215917956,0.401563441569919,0.132014410069065,3.04181521820108,0.00235156202979834,0.0124013634411933,"TGME49_320160","Not significant"
51.220777195857,-1.61020688502138,0.343561794357056,-4.68680427063995,2.77504129120251e-06,3.53709024765812e-05,"TGME49_320170","Not significant"
300.932188271148,-0.397774860057668,0.197994911247262,-2.00901557293518,0.0445354822305951,0.126615058950697,"TGME49_320180","Not significant"
24033.3999427822,-0.269022388034651,0.104222064568291,-2.58124216929493,0.00984454967677695,0.0397395257412812,"TGME49_320190","Not significant"
379.981551854471,0.317842157103864,0.133617057792245,2.37875434735333,0.0173712480883485,0.061686894958275,"TGME49_320200","Not significant"
572.715280361531,0.260952238212086,0.087454034463265,2.98387878630916,0.00284619500762896,0.0145020412293476,"TGME49_320210","Not significant"
5765.88771568201,0.12817070721673,0.0357074630509891,3.58946551407772,0.000331356661184102,0.00234720589612292,"TGME49_320220","Not significant"
47.4306396460471,-0.213964895594263,0.202026963587109,-1.05909078568122,0.289558435953697,0.483250416460334,"TGME49_320230","Not significant"
1.08064546718426,2.51839496764236,1.42255834824908,1.77032806474481,0.0766725054752535,0.190207692045382,"TGME49_320240","Not significant"
8474.98506753366,0.231454238440705,0.0771265841891116,3.00096576134096,0.00269124823757818,0.0138865676827321,"TGME49_320260","Not significant"
1876.19510666631,0.112291095312082,0.151485719760172,0.741265219519428,0.458532645722663,0.645342242128192,"TGME49_320270","Not significant"
43.803141745805,0.205819275862607,0.227358812289923,0.905261924046959,0.365326642959632,0.55758938824094,"TGME49_320280","Not significant"
1151.79074246841,0.227086952047503,0.0723978949489409,3.13665131020256,0.00170889232383473,0.00955757384967265,"TGME49_320300","Not significant"
552.85461894344,-0.389118940019353,0.162036041020249,-2.40143450536864,0.0163309321971009,0.0586586310189154,"TGME49_320430","Not significant"
564.020115598433,-0.426864318360755,0.0789341417452897,-5.40785405304325,6.37843665543088e-08,1.22333601136707e-06,"TGME49_320440","Not significant"
374.153828128979,0.28508507624678,0.220926709242476,1.29040566088317,0.196909847668112,0.375679429116552,"TGME49_320450","Not significant"
4.20002552348615,1.74627929896084,0.81685192117977,2.13781623533273,0.0325316607946839,0.0993046041975862,"TGME49_320460","Not significant"
101.06160254546,0.524824389221194,0.184461005797334,2.84517796567701,0.00443866162378231,0.02067307922371,"TGME49_320465","Not significant"
532.319625504612,0.0486030633755338,0.120871913876208,0.402103861988245,0.687607590659834,0.810380424238517,"TGME49_320470","Not significant"
1815.60673284267,0.060289560309971,0.145692838075692,0.413812793451445,0.679011213873639,0.80515007162736,"TGME49_320480","Not significant"
10836.3179707269,0.280698641992396,0.217426418077049,1.29100522592855,0.196701865394203,0.375679429116552,"TGME49_320490","Not significant"
100.110502932533,-0.856737835145968,0.157015328766076,-5.4563961485719,4.8589524192411e-08,9.45287107015995e-07,"TGME49_320500","Not significant"
1648.60685916127,-1.11795441121561,0.236869983000817,-4.71969642186262,2.36196875165622e-06,3.1080145450596e-05,"TGME49_320515","Not significant"
332.830819151632,-0.246214873696109,0.160995358181075,-1.52932902213979,0.126182898378728,0.274657208141278,"TGME49_320525","Not significant"
225.129321543543,-0.216714708282015,0.12181215548019,-1.77908934808447,0.0752251147720942,0.18799343372055,"TGME49_320530","Not significant"
856.124525586349,-0.0751469500899185,0.11934899121829,-0.629640429490302,0.528929865616927,0.698256114804684,"TGME49_320550","Not significant"
1691.08795090214,-0.114739008793053,0.202705450381889,-0.566038103942888,0.571367878065079,0.732172011412735,"TGME49_320570","Not significant"
1.52314490396537,0.915471718240055,1.23646242206229,0.740395908444305,0.459059800763898,0.645793169194947,"TGME49_320580","Not significant"
249.162312043766,-0.02059457014784,0.204849714496386,-0.10053502001929,0.919919581709411,0.952723642188096,"TGME49_320588","Not significant"
1007.15653653679,0.0256196213544414,0.0727445246562034,0.352186250106408,0.72469858803454,0.835938602820557,"TGME49_320592","Not significant"
8463.43203401681,0.460633164436784,0.174657515189315,2.63735095473844,0.00835563351068735,0.0348809095014936,"TGME49_320600","Not significant"
953.326895600599,0.0542885554215312,0.130712211599633,0.415328872162419,0.677901168061825,0.804068304941476,"TGME49_320610","Not significant"
542.156864274061,-0.490360462725318,0.0705646303420636,-6.94909702422141,3.67631655794559e-12,1.34665793915376e-10,"TGME49_320620","Not significant"
1406.96903444616,-0.215351544382695,0.0613831106408065,-3.50831917989398,0.000450947666919253,0.00307643156660014,"TGME49_320630","Not significant"
410.511037721496,-0.294222793657961,0.106184198424405,-2.77087173066927,0.00559064453186107,0.0248619013728977,"TGME49_320640","Not significant"
162.164804798549,0.308459176477274,0.122927122266366,2.50928493883462,0.0120975855810313,0.0468464599737839,"TGME49_320650","Not significant"
1807.69324690439,0.156468086163486,0.0659251082867272,2.37342175431797,0.0176241267653898,0.0624757623610069,"TGME49_320670","Not significant"
230.872092178047,0.516166595159077,0.186079544238074,2.77390294173702,0.00553882003514283,0.0246939059900118,"TGME49_320680","Not significant"
476.001439805254,-0.197717376166525,0.210183401629366,-0.940689772045735,0.346863861925446,0.542796105837839,"TGME49_320690","Not significant"
224.334661201452,-0.475378369521077,0.154585994067066,-3.07517102302837,0.00210381878599577,0.0114055029118117,"TGME49_320700","Not significant"
85.496327601291,0.343583067748203,0.219277369155348,1.56688795141823,0.117140884412522,0.260840545466217,"TGME49_320715","Not significant"
816.878770767219,0.0560603108601495,0.0832558301593523,0.673349971441635,0.500724668331156,0.679060981928513,"TGME49_320720","Not significant"
5.94468742902021,0.498643136647553,0.649509785095928,0.767722285467811,0.442652193396801,0.629745074004507,"TGME49_320730","Not significant"
1251.66930142638,-1.75131386761083,0.180228251796164,-9.71719944102627,2.54690012106666e-22,3.13808966432031e-20,"TGME49_320740","Not significant"
505.623720624436,-0.539746857966039,0.177995382394402,-3.03236438330782,0.00242646101856033,0.0127467577538324,"TGME49_320750","Not significant"
783.01223368786,-0.280926201970609,0.196857362943941,-1.42705458291955,0.153564162166705,0.316147789048012,"TGME49_320760","Not significant"
11.0693577572815,0.592146701695999,0.504573907803726,1.17355791200828,0.240572147680796,0.42939699406063,"TGME49_320780","Not significant"
711.687550531087,0.370844804792788,0.288122710052702,1.28710716598825,0.198056938094514,0.377512865661182,"TGME49_321170","Not significant"
492.585168563732,0.0528628793002274,0.101306035501093,0.521813720562157,0.601800035652152,0.752898136911277,"TGME49_321290","Not significant"
871.183912629995,-0.0746032056433919,0.148907291772747,-0.501004381687677,0.616368039185658,0.764070868088075,"TGME49_321300","Not significant"
954.14083481859,0.0844362217679981,0.0632869084907679,1.3341814884245,0.182144384777361,0.355203390170144,"TGME49_321310","Not significant"
295.334007938651,0.157853925533222,0.168815556216735,0.935067413636692,0.349753558724955,0.545701446575467,"TGME49_321340","Not significant"
2692.58525631486,0.558143543314866,0.230322447859095,2.42331370000167,0.0153796394798961,0.0559002320114812,"TGME49_321360","Not significant"
527.00835571965,-0.0654359649080437,0.122303856223201,-0.535027814565592,0.592630623881199,0.745790413964968,"TGME49_321370","Not significant"
19.8890339102079,-0.960627095092571,0.398542801516773,-2.4103486286457,0.0159372832291918,0.0576008832087946,"TGME49_321390","Not significant"
811.349813594856,-0.359537493709586,0.130696768688158,-2.75092871322198,0.0059426573997217,0.0261219945808307,"TGME49_321400","Not significant"
457.049894643778,0.143660038566174,0.121676601490269,1.18067103129654,0.237733433811588,0.425657507800477,"TGME49_321410","Not significant"
1150.38901604438,0.0303899399405541,0.0739225581621237,0.41110509019323,0.680995477693726,0.805489441475498,"TGME49_321420","Not significant"
434.688755562198,-0.263101679062213,0.140984572491842,-1.86617354233874,0.0620170894443694,0.162684829471488,"TGME49_321430","Not significant"
1006.01678969145,0.131756721625067,0.203485193782823,0.647500288230746,0.517308208028761,0.690256668546856,"TGME49_321440","Not significant"
1284.60454837837,0.236685186976404,0.273220282863857,0.866279708429782,0.38633679118123,0.577574827923494,"TGME49_321450","Not significant"
8.25765513772384,3.30213926461036,3.29310251501481,1.00274414463392,0.315984324649467,0.510516493451168,"TGME49_321460","Not significant"
95.7698477502961,0.0901752828160238,0.375458164784433,0.240173982813232,0.810195382162699,0.892026651468598,"TGME49_321470","Not significant"
222.801105804735,-1.3417186379225,0.549204591639933,-2.44302152302861,0.0145648686348632,0.0538582568546389,"TGME49_321480","Not significant"
29506.4443076816,0.0337745682275702,0.0953049180207386,0.354384316454905,0.723050886566815,0.834494721765731,"TGME49_321500","Not significant"
2.99245632622529,1.36712360573999,0.838677487568952,1.63009455482444,0.103081514389992,0.238956349777484,"TGME49_321510","Not significant"
7160.68801889792,0.0127070072927287,0.0789399535948001,0.160970544243717,0.872116600352944,0.924745514808173,"TGME49_321520","Not significant"
2871.63140483772,0.106994468148901,0.192277561534234,0.556458420291808,0.577897511406428,0.736760541189754,"TGME49_321530","Not significant"
1839.0191932455,-0.0911302873695688,0.0940934076674112,-0.968508736464131,0.332790357952789,0.526918066758582,"TGME49_321540","Not significant"
497.59156496376,0.079525550403504,0.135961022860389,0.58491432860993,0.558605323536346,0.722420243479257,"TGME49_321550","Not significant"
856.152461444993,-0.126155314182033,0.158896009383529,-0.79394891458558,0.427225171854679,0.616035850617742,"TGME49_321560","Not significant"
2472.05192691928,0.0621758136598092,0.108862047731302,0.571143157377252,0.567902605892951,0.728880049103768,"TGME49_321570","Not significant"
2975.81200388437,-0.15005577029653,0.0799492877385349,-1.87688689344263,0.0605335975932019,0.159513679723888,"TGME49_321590","Not significant"
317.876082754785,-0.577362081891578,0.220178496079263,-2.62224555155345,0.00873524686598979,0.0360950343060107,"TGME49_321600","Not significant"
273.723660262347,-0.805540536945166,0.103716699764343,-7.7667389993651,8.05325483219826e-15,4.1980171984254e-13,"TGME49_321610","Not significant"
5730.39667880256,-0.224132375873511,0.0737078009349234,-3.04082299336805,0.00235932486603599,0.0124261851104952,"TGME49_321620","Not significant"
1774.90060655819,-0.019495408437799,0.0678609701157188,-0.287284552586779,0.773894449619141,0.866254711408282,"TGME49_321630","Not significant"
640.752187121671,0.0919247136358389,0.162254747165744,0.566545603389572,0.57102294132817,0.732079459457239,"TGME49_321640","Not significant"
877.025043313798,-0.30982927418935,0.156230148357804,-1.98315931621449,0.0473496366804318,0.132227762872689,"TGME49_321650","Not significant"
1678.59602782099,0.0734913438084985,0.181916007416173,0.403985030522195,0.686223727117999,0.808983958962535,"TGME49_321660","Not significant"
1563.34214000189,0.314340056080632,0.118798760929002,2.64598766538054,0.00814527864670393,0.0342489172466372,"TGME49_321680","Not significant"
729.404973815042,-0.0236382669918792,0.0841110599272146,-0.281036370393317,0.778682503976709,0.869097738448888,"TGME49_321690","Not significant"
30.7359293618741,0.220584781017259,0.337909976216294,0.652791561489928,0.51389066451999,0.687554933181401,"TGME49_321700","Not significant"
479.549653466265,0.0983517630751614,0.169356840488232,0.58073687954751,0.561417802007875,0.724674534274292,"TGME49_321710","Not significant"
